[train_detector] stream_seed=2000000 resume_count=0 start_step=0
[step 1/30000] loss=2146.8237 lr=0.000e+00 grad_norm=4815.553 samples/s=7.16
[step 2/30000] loss=2222.3723 lr=3.000e-07 grad_norm=4839.498 samples/s=13.74
[step 3/30000] loss=2369.3016 lr=6.000e-07 grad_norm=5526.305 samples/s=19.81
[step 4/30000] loss=2178.3146 lr=9.000e-07 grad_norm=5099.800 samples/s=25.46
[step 5/30000] loss=2493.1622 lr=1.200e-06 grad_norm=5267.440 samples/s=27.53
[step 6/30000] loss=2027.4596 lr=1.500e-06 grad_norm=4339.209 samples/s=32.00
[step 7/30000] loss=2388.1450 lr=1.800e-06 grad_norm=5489.924 samples/s=36.21
[step 8/30000] loss=2227.1304 lr=2.100e-06 grad_norm=4710.103 samples/s=40.18
[step 9/30000] loss=2013.8975 lr=2.400e-06 grad_norm=4340.258 samples/s=36.22
[step 10/30000] loss=2240.6376 lr=2.700e-06 grad_norm=5083.102 samples/s=39.33
[step 20/30000] loss=2189.4966 lr=5.700e-06 grad_norm=4584.067 samples/s=51.26
[step 30/30000] loss=2004.7414 lr=8.700e-06 grad_norm=4021.232 samples/s=56.60
[step 40/30000] loss=2074.7471 lr=1.170e-05 grad_norm=4083.698 samples/s=61.92
[step 50/30000] loss=1869.1691 lr=1.470e-05 grad_norm=3768.500 samples/s=64.13
[step 60/30000] loss=1761.0493 lr=1.770e-05 grad_norm=3689.232 samples/s=66.25
[step 70/30000] loss=1794.2208 lr=2.070e-05 grad_norm=3773.986 samples/s=66.28
[step 80/30000] loss=1784.5005 lr=2.370e-05 grad_norm=3785.948 samples/s=68.66
[step 90/30000] loss=1645.0908 lr=2.670e-05 grad_norm=3557.661 samples/s=67.35
[step 100/30000] loss=1765.5392 lr=2.970e-05 grad_norm=3864.074 samples/s=68.89
[step 110/30000] loss=1604.9667 lr=3.270e-05 grad_norm=3561.632 samples/s=70.60
[step 120/30000] loss=1556.2679 lr=3.570e-05 grad_norm=3547.291 samples/s=72.81
[step 130/30000] loss=1453.3960 lr=3.870e-05 grad_norm=3397.411 samples/s=74.02
[step 140/30000] loss=1463.3902 lr=4.170e-05 grad_norm=3500.788 samples/s=76.25
[step 150/30000] loss=1425.0145 lr=4.470e-05 grad_norm=3501.008 samples/s=76.69
[step 160/30000] loss=1357.3488 lr=4.770e-05 grad_norm=3417.327 samples/s=78.21
[step 170/30000] loss=1386.9766 lr=5.070e-05 grad_norm=3582.248 samples/s=79.14
[step 180/30000] loss=1203.1419 lr=5.370e-05 grad_norm=3168.560 samples/s=80.83
[step 190/30000] loss=1265.9478 lr=5.670e-05 grad_norm=3397.798 samples/s=81.64
[step 200/30000] loss=1260.3115 lr=5.970e-05 grad_norm=3473.254 samples/s=83.26
[step 210/30000] loss=1255.3402 lr=6.270e-05 grad_norm=3553.231 samples/s=83.93
[step 220/30000] loss=1103.0618 lr=6.570e-05 grad_norm=3219.793 samples/s=85.02
[step 230/30000] loss=1046.7274 lr=6.870e-05 grad_norm=3151.605 samples/s=85.67
[step 240/30000] loss=967.3784 lr=7.170e-05 grad_norm=3003.785 samples/s=86.67
[step 250/30000] loss=918.4123 lr=7.470e-05 grad_norm=2954.954 samples/s=87.16
[step 260/30000] loss=949.5656 lr=7.770e-05 grad_norm=3195.759 samples/s=87.88
[step 270/30000] loss=714.4759 lr=8.070e-05 grad_norm=2553.247 samples/s=87.83
[step 280/30000] loss=667.2485 lr=8.370e-05 grad_norm=2512.056 samples/s=86.68
[step 290/30000] loss=730.6781 lr=8.670e-05 grad_norm=2873.970 samples/s=86.42
[step 300/30000] loss=631.9330 lr=8.970e-05 grad_norm=2583.561 samples/s=85.60
[step 310/30000] loss=558.2561 lr=9.270e-05 grad_norm=2368.434 samples/s=85.33
[step 320/30000] loss=475.5829 lr=9.570e-05 grad_norm=2098.274 samples/s=84.30
[step 330/30000] loss=392.6130 lr=9.870e-05 grad_norm=1805.014 samples/s=84.12
[step 340/30000] loss=410.4011 lr=1.017e-04 grad_norm=1986.123 samples/s=83.56
[step 350/30000] loss=350.1411 lr=1.047e-04 grad_norm=1770.893 samples/s=83.72
[step 360/30000] loss=292.6917 lr=1.077e-04 grad_norm=1533.615 samples/s=83.82
[step 370/30000] loss=272.8267 lr=1.107e-04 grad_norm=1499.417 samples/s=83.59
[step 380/30000] loss=231.0050 lr=1.137e-04 grad_norm=1314.945 samples/s=83.08
[step 390/30000] loss=194.7502 lr=1.167e-04 grad_norm=1142.569 samples/s=82.71
[step 400/30000] loss=159.7818 lr=1.197e-04 grad_norm=960.662 samples/s=82.59
[step 410/30000] loss=135.2947 lr=1.227e-04 grad_norm=831.567 samples/s=81.90
[step 420/30000] loss=118.5299 lr=1.257e-04 grad_norm=741.946 samples/s=81.63
[step 430/30000] loss=104.3787 lr=1.287e-04 grad_norm=666.475 samples/s=81.34
[step 440/30000] loss=91.1622 lr=1.317e-04 grad_norm=591.560 samples/s=81.35
[step 450/30000] loss=72.0105 lr=1.347e-04 grad_norm=460.284 samples/s=81.09
[step 460/30000] loss=63.1211 lr=1.377e-04 grad_norm=403.152 samples/s=81.28
[step 470/30000] loss=58.0471 lr=1.407e-04 grad_norm=374.742 samples/s=80.90
[step 480/30000] loss=49.4997 lr=1.437e-04 grad_norm=311.960 samples/s=80.93
[step 490/30000] loss=39.8533 lr=1.467e-04 grad_norm=236.384 samples/s=80.56
[step 500/30000] loss=35.7117 lr=1.497e-04 grad_norm=206.066 samples/s=80.55
[step 510/30000] loss=30.7071 lr=1.527e-04 grad_norm=167.216 samples/s=80.61
[step 520/30000] loss=25.3828 lr=1.557e-04 grad_norm=113.714 samples/s=80.18
[step 530/30000] loss=22.7019 lr=1.587e-04 grad_norm=92.542 samples/s=80.29
[step 540/30000] loss=19.5297 lr=1.617e-04 grad_norm=92.236 samples/s=80.39
[step 550/30000] loss=18.2367 lr=1.647e-04 grad_norm=69.482 samples/s=80.79
[step 560/30000] loss=16.5223 lr=1.677e-04 grad_norm=54.349 samples/s=80.25
[step 570/30000] loss=14.1730 lr=1.707e-04 grad_norm=45.901 samples/s=80.29
[step 580/30000] loss=12.7627 lr=1.737e-04 grad_norm=60.589 samples/s=80.10
[step 590/30000] loss=13.3198 lr=1.767e-04 grad_norm=54.387 samples/s=80.15
[step 600/30000] loss=12.1014 lr=1.797e-04 grad_norm=51.886 samples/s=79.90
[step 610/30000] loss=11.1143 lr=1.827e-04 grad_norm=33.378 samples/s=79.98
[step 620/30000] loss=10.8720 lr=1.857e-04 grad_norm=49.460 samples/s=79.69
[step 630/30000] loss=10.5552 lr=1.887e-04 grad_norm=22.539 samples/s=79.77
[step 640/30000] loss=9.3358 lr=1.917e-04 grad_norm=49.627 samples/s=79.32
[step 650/30000] loss=8.3998 lr=1.947e-04 grad_norm=21.997 samples/s=79.21
[step 660/30000] loss=9.3756 lr=1.977e-04 grad_norm=27.641 samples/s=78.83
[step 670/30000] loss=8.4922 lr=2.007e-04 grad_norm=38.441 samples/s=79.02
[step 680/30000] loss=8.5037 lr=2.037e-04 grad_norm=28.197 samples/s=78.94
[step 690/30000] loss=9.0780 lr=2.067e-04 grad_norm=26.583 samples/s=78.99
[step 700/30000] loss=8.0932 lr=2.097e-04 grad_norm=45.443 samples/s=78.72
[step 710/30000] loss=6.8690 lr=2.127e-04 grad_norm=25.687 samples/s=78.77
[step 720/30000] loss=6.7148 lr=2.157e-04 grad_norm=19.194 samples/s=78.57
[step 730/30000] loss=6.7843 lr=2.187e-04 grad_norm=33.268 samples/s=78.37
[step 740/30000] loss=7.2301 lr=2.217e-04 grad_norm=40.380 samples/s=78.34
[step 750/30000] loss=8.1280 lr=2.247e-04 grad_norm=27.789 samples/s=78.46
[step 760/30000] loss=7.1319 lr=2.277e-04 grad_norm=18.085 samples/s=78.13
[step 770/30000] loss=8.4053 lr=2.307e-04 grad_norm=116.951 samples/s=78.00
[step 780/30000] loss=8.1812 lr=2.337e-04 grad_norm=34.585 samples/s=77.72
[step 790/30000] loss=7.0781 lr=2.367e-04 grad_norm=26.510 samples/s=77.81
[step 800/30000] loss=6.7035 lr=2.397e-04 grad_norm=23.096 samples/s=77.62
[step 810/30000] loss=6.0915 lr=2.427e-04 grad_norm=10.517 samples/s=77.73
[step 820/30000] loss=7.4960 lr=2.457e-04 grad_norm=33.242 samples/s=77.56
[step 830/30000] loss=8.0201 lr=2.487e-04 grad_norm=52.994 samples/s=77.68
[step 840/30000] loss=6.8722 lr=2.517e-04 grad_norm=24.647 samples/s=77.57
[step 850/30000] loss=6.3978 lr=2.547e-04 grad_norm=12.423 samples/s=77.60
[step 860/30000] loss=6.1053 lr=2.577e-04 grad_norm=14.948 samples/s=77.68
[step 870/30000] loss=6.7525 lr=2.607e-04 grad_norm=21.419 samples/s=77.37
[step 880/30000] loss=6.4223 lr=2.637e-04 grad_norm=29.602 samples/s=77.35
[step 890/30000] loss=6.2031 lr=2.667e-04 grad_norm=24.243 samples/s=77.34
[step 900/30000] loss=7.1076 lr=2.697e-04 grad_norm=48.011 samples/s=77.27
[step 910/30000] loss=6.4682 lr=2.727e-04 grad_norm=24.543 samples/s=77.31
[step 920/30000] loss=6.6262 lr=2.757e-04 grad_norm=22.892 samples/s=77.35
[step 930/30000] loss=7.2054 lr=2.787e-04 grad_norm=23.382 samples/s=77.35
[step 940/30000] loss=6.2707 lr=2.817e-04 grad_norm=25.633 samples/s=77.26
[step 950/30000] loss=5.9661 lr=2.847e-04 grad_norm=20.918 samples/s=77.25
[step 960/30000] loss=7.3737 lr=2.877e-04 grad_norm=32.328 samples/s=77.20
[step 970/30000] loss=6.3544 lr=2.907e-04 grad_norm=19.601 samples/s=77.13
[step 980/30000] loss=5.8094 lr=2.937e-04 grad_norm=19.060 samples/s=77.01
[step 990/30000] loss=6.9236 lr=2.967e-04 grad_norm=22.065 samples/s=77.08
[step 1000/30000] loss=5.8227 lr=2.997e-04 grad_norm=26.598 samples/s=76.96
[step 1010/30000] loss=6.1298 lr=3.000e-04 grad_norm=18.694 samples/s=76.92
[step 1020/30000] loss=6.1771 lr=3.000e-04 grad_norm=29.278 samples/s=76.76
[step 1030/30000] loss=6.5385 lr=3.000e-04 grad_norm=15.792 samples/s=76.85
[step 1040/30000] loss=6.1064 lr=3.000e-04 grad_norm=23.594 samples/s=76.74
[step 1050/30000] loss=6.2593 lr=3.000e-04 grad_norm=24.913 samples/s=76.77
[step 1060/30000] loss=6.0873 lr=3.000e-04 grad_norm=15.014 samples/s=76.62
[step 1070/30000] loss=5.5140 lr=3.000e-04 grad_norm=12.786 samples/s=76.74
[step 1080/30000] loss=6.4038 lr=3.000e-04 grad_norm=18.647 samples/s=76.68
[step 1090/30000] loss=6.4966 lr=3.000e-04 grad_norm=33.636 samples/s=76.81
[step 1100/30000] loss=6.3633 lr=3.000e-04 grad_norm=48.151 samples/s=76.59
[step 1110/30000] loss=6.3499 lr=3.000e-04 grad_norm=28.734 samples/s=76.66
[step 1120/30000] loss=5.6576 lr=3.000e-04 grad_norm=10.295 samples/s=76.52
[step 1130/30000] loss=6.3005 lr=3.000e-04 grad_norm=29.249 samples/s=76.58
[step 1140/30000] loss=5.2244 lr=3.000e-04 grad_norm=13.373 samples/s=76.58
[step 1150/30000] loss=6.3929 lr=3.000e-04 grad_norm=19.046 samples/s=76.55
[step 1160/30000] loss=5.9605 lr=3.000e-04 grad_norm=47.855 samples/s=76.47
[step 1170/30000] loss=5.8081 lr=3.000e-04 grad_norm=23.234 samples/s=76.46
[step 1180/30000] loss=6.6149 lr=3.000e-04 grad_norm=45.470 samples/s=76.42
[step 1190/30000] loss=6.2582 lr=3.000e-04 grad_norm=51.387 samples/s=76.53
[step 1200/30000] loss=5.6573 lr=3.000e-04 grad_norm=62.204 samples/s=76.42
[step 1210/30000] loss=5.4885 lr=3.000e-04 grad_norm=16.562 samples/s=76.41
[step 1220/30000] loss=5.0335 lr=3.000e-04 grad_norm=10.038 samples/s=76.33
[step 1230/30000] loss=6.4642 lr=3.000e-04 grad_norm=27.576 samples/s=76.30
[step 1240/30000] loss=5.3761 lr=3.000e-04 grad_norm=21.771 samples/s=76.17
[step 1250/30000] loss=6.1080 lr=2.999e-04 grad_norm=41.237 samples/s=76.18
[step 1260/30000] loss=5.3620 lr=2.999e-04 grad_norm=8.966 samples/s=76.03
[step 1270/30000] loss=5.9856 lr=2.999e-04 grad_norm=21.334 samples/s=76.13
[step 1280/30000] loss=5.6318 lr=2.999e-04 grad_norm=24.214 samples/s=76.13
[step 1290/30000] loss=6.6584 lr=2.999e-04 grad_norm=33.408 samples/s=76.06
[step 1300/30000] loss=6.0944 lr=2.999e-04 grad_norm=10.546 samples/s=75.87
[step 1310/30000] loss=5.0317 lr=2.999e-04 grad_norm=48.585 samples/s=76.00
[step 1320/30000] loss=5.8040 lr=2.999e-04 grad_norm=27.079 samples/s=75.94
[step 1330/30000] loss=5.3901 lr=2.999e-04 grad_norm=12.101 samples/s=75.98
[step 1340/30000] loss=5.5234 lr=2.999e-04 grad_norm=15.582 samples/s=75.90
[step 1350/30000] loss=5.5169 lr=2.999e-04 grad_norm=31.093 samples/s=75.95
[step 1360/30000] loss=5.8699 lr=2.999e-04 grad_norm=37.043 samples/s=75.84
[step 1370/30000] loss=4.9692 lr=2.999e-04 grad_norm=10.157 samples/s=75.81
[step 1380/30000] loss=5.1438 lr=2.999e-04 grad_norm=23.223 samples/s=75.74
[step 1390/30000] loss=5.4788 lr=2.999e-04 grad_norm=16.756 samples/s=75.79
[step 1400/30000] loss=5.3789 lr=2.999e-04 grad_norm=28.094 samples/s=75.80
[step 1410/30000] loss=4.8735 lr=2.999e-04 grad_norm=20.814 samples/s=75.86
[step 1420/30000] loss=5.2963 lr=2.998e-04 grad_norm=8.814 samples/s=75.93
[step 1430/30000] loss=5.0002 lr=2.998e-04 grad_norm=12.742 samples/s=75.95
[step 1440/30000] loss=5.5790 lr=2.998e-04 grad_norm=19.578 samples/s=75.81
[step 1450/30000] loss=5.4588 lr=2.998e-04 grad_norm=19.249 samples/s=75.85
[step 1460/30000] loss=5.3713 lr=2.998e-04 grad_norm=13.875 samples/s=75.74
[step 1470/30000] loss=5.2517 lr=2.998e-04 grad_norm=24.450 samples/s=75.76
[step 1480/30000] loss=4.9687 lr=2.998e-04 grad_norm=17.434 samples/s=75.67
[step 1490/30000] loss=4.0447 lr=2.998e-04 grad_norm=12.986 samples/s=75.69
[step 1500/30000] loss=4.6810 lr=2.998e-04 grad_norm=13.122 samples/s=75.52
[step 1510/30000] loss=3.9422 lr=2.998e-04 grad_norm=15.744 samples/s=75.55
[step 1520/30000] loss=5.5537 lr=2.998e-04 grad_norm=43.003 samples/s=75.43
[step 1530/30000] loss=4.4053 lr=2.998e-04 grad_norm=13.812 samples/s=75.50
[step 1540/30000] loss=5.0589 lr=2.997e-04 grad_norm=25.959 samples/s=75.54
[step 1550/30000] loss=4.4769 lr=2.997e-04 grad_norm=16.082 samples/s=75.59
[step 1560/30000] loss=4.4245 lr=2.997e-04 grad_norm=28.764 samples/s=75.51
[step 1570/30000] loss=4.1192 lr=2.997e-04 grad_norm=24.294 samples/s=75.59
[step 1580/30000] loss=3.5442 lr=2.997e-04 grad_norm=15.275 samples/s=75.44
[step 1590/30000] loss=4.4242 lr=2.997e-04 grad_norm=39.220 samples/s=75.47
[step 1600/30000] loss=3.3598 lr=2.997e-04 grad_norm=17.030 samples/s=75.40
[step 1610/30000] loss=3.9809 lr=2.997e-04 grad_norm=17.861 samples/s=75.48
[step 1620/30000] loss=4.0097 lr=2.997e-04 grad_norm=13.842 samples/s=75.42
[step 1630/30000] loss=3.7414 lr=2.997e-04 grad_norm=16.327 samples/s=75.46
[step 1640/30000] loss=4.9343 lr=2.996e-04 grad_norm=32.799 samples/s=75.38
[step 1650/30000] loss=4.0149 lr=2.996e-04 grad_norm=20.019 samples/s=75.38
[step 1660/30000] loss=4.5264 lr=2.996e-04 grad_norm=18.398 samples/s=75.23
[step 1670/30000] loss=4.2002 lr=2.996e-04 grad_norm=81.219 samples/s=75.26
[step 1680/30000] loss=3.6495 lr=2.996e-04 grad_norm=13.757 samples/s=75.21
[step 1690/30000] loss=4.0639 lr=2.996e-04 grad_norm=31.583 samples/s=75.26
[step 1700/30000] loss=5.5944 lr=2.996e-04 grad_norm=75.519 samples/s=75.26
[step 1710/30000] loss=3.9401 lr=2.996e-04 grad_norm=36.969 samples/s=75.32
[step 1720/30000] loss=4.7211 lr=2.995e-04 grad_norm=20.362 samples/s=75.36
[step 1730/30000] loss=3.3001 lr=2.995e-04 grad_norm=9.160 samples/s=75.38
[step 1740/30000] loss=3.9508 lr=2.995e-04 grad_norm=22.884 samples/s=75.27
[step 1750/30000] loss=4.2767 lr=2.995e-04 grad_norm=24.745 samples/s=75.29
[step 1760/30000] loss=3.8354 lr=2.995e-04 grad_norm=19.320 samples/s=75.22
[step 1770/30000] loss=3.4263 lr=2.995e-04 grad_norm=20.033 samples/s=75.28
[step 1780/30000] loss=3.9900 lr=2.995e-04 grad_norm=60.372 samples/s=75.30
[step 1790/30000] loss=3.6604 lr=2.995e-04 grad_norm=15.260 samples/s=75.31
[step 1800/30000] loss=4.2101 lr=2.994e-04 grad_norm=26.861 samples/s=75.25
[step 1810/30000] loss=5.1891 lr=2.994e-04 grad_norm=31.351 samples/s=75.25
[step 1820/30000] loss=4.2751 lr=2.994e-04 grad_norm=18.468 samples/s=75.21
[step 1830/30000] loss=4.8042 lr=2.994e-04 grad_norm=32.253 samples/s=75.21
[step 1840/30000] loss=3.2602 lr=2.994e-04 grad_norm=20.315 samples/s=75.12
[step 1850/30000] loss=3.5361 lr=2.994e-04 grad_norm=19.534 samples/s=75.22
[step 1860/30000] loss=4.2637 lr=2.994e-04 grad_norm=25.170 samples/s=75.15
[step 1870/30000] loss=4.0150 lr=2.993e-04 grad_norm=23.150 samples/s=75.18
[step 1880/30000] loss=3.2070 lr=2.993e-04 grad_norm=17.658 samples/s=75.09
[step 1890/30000] loss=4.0817 lr=2.993e-04 grad_norm=32.358 samples/s=75.07
[step 1900/30000] loss=3.5188 lr=2.993e-04 grad_norm=23.271 samples/s=75.02
[step 1910/30000] loss=3.9737 lr=2.993e-04 grad_norm=35.299 samples/s=75.07
[step 1920/30000] loss=4.5160 lr=2.993e-04 grad_norm=35.539 samples/s=74.87
[step 1930/30000] loss=4.8591 lr=2.992e-04 grad_norm=15.866 samples/s=74.87
[step 1940/30000] loss=3.8133 lr=2.992e-04 grad_norm=14.613 samples/s=74.81
[step 1950/30000] loss=3.6766 lr=2.992e-04 grad_norm=30.942 samples/s=74.87
[step 1960/30000] loss=2.9962 lr=2.992e-04 grad_norm=13.903 samples/s=74.86
[step 1970/30000] loss=3.0983 lr=2.992e-04 grad_norm=17.185 samples/s=74.93
[step 1980/30000] loss=3.5572 lr=2.992e-04 grad_norm=14.940 samples/s=74.90
[step 1990/30000] loss=3.3077 lr=2.991e-04 grad_norm=27.310 samples/s=74.87
[step 2000/30000] loss=2.8417 lr=2.991e-04 grad_norm=14.942 samples/s=74.90
[step 2010/30000] loss=3.9411 lr=2.991e-04 grad_norm=23.681 samples/s=74.89
[step 2020/30000] loss=2.8159 lr=2.991e-04 grad_norm=11.025 samples/s=74.88
[step 2030/30000] loss=4.8632 lr=2.991e-04 grad_norm=24.941 samples/s=74.90
[step 2040/30000] loss=4.5747 lr=2.991e-04 grad_norm=26.667 samples/s=74.85
[step 2050/30000] loss=3.6521 lr=2.990e-04 grad_norm=14.909 samples/s=74.93
[step 2060/30000] loss=3.5871 lr=2.990e-04 grad_norm=13.685 samples/s=74.90
[step 2070/30000] loss=3.8069 lr=2.990e-04 grad_norm=23.972 samples/s=74.94
[step 2080/30000] loss=4.2392 lr=2.990e-04 grad_norm=27.066 samples/s=74.84
[step 2090/30000] loss=3.4503 lr=2.990e-04 grad_norm=14.460 samples/s=74.88
[step 2100/30000] loss=3.3552 lr=2.989e-04 grad_norm=21.016 samples/s=74.88
[step 2110/30000] loss=4.0213 lr=2.989e-04 grad_norm=20.684 samples/s=74.93
[step 2120/30000] loss=3.5472 lr=2.989e-04 grad_norm=25.289 samples/s=74.86
[step 2130/30000] loss=3.2222 lr=2.989e-04 grad_norm=17.270 samples/s=74.92
[step 2140/30000] loss=3.3516 lr=2.989e-04 grad_norm=26.262 samples/s=74.85
[step 2150/30000] loss=3.0339 lr=2.989e-04 grad_norm=12.167 samples/s=74.89
[step 2160/30000] loss=3.8816 lr=2.988e-04 grad_norm=30.617 samples/s=74.82
[step 2170/30000] loss=3.6223 lr=2.988e-04 grad_norm=18.801 samples/s=74.83
[step 2180/30000] loss=3.2453 lr=2.988e-04 grad_norm=15.622 samples/s=74.77
[step 2190/30000] loss=3.6410 lr=2.988e-04 grad_norm=25.801 samples/s=74.76
[step 2200/30000] loss=4.1830 lr=2.987e-04 grad_norm=13.298 samples/s=74.69
[step 2210/30000] loss=3.8527 lr=2.987e-04 grad_norm=86.139 samples/s=74.67
[step 2220/30000] loss=3.7625 lr=2.987e-04 grad_norm=15.593 samples/s=74.69
[step 2230/30000] loss=3.6326 lr=2.987e-04 grad_norm=11.915 samples/s=74.68
[step 2240/30000] loss=3.1952 lr=2.987e-04 grad_norm=14.432 samples/s=74.68
[step 2250/30000] loss=3.6431 lr=2.986e-04 grad_norm=32.470 samples/s=74.73
[step 2260/30000] loss=2.4739 lr=2.986e-04 grad_norm=12.845 samples/s=74.66
[step 2270/30000] loss=2.7943 lr=2.986e-04 grad_norm=12.944 samples/s=74.62
[step 2280/30000] loss=3.5395 lr=2.986e-04 grad_norm=25.629 samples/s=74.55
[step 2290/30000] loss=3.9880 lr=2.986e-04 grad_norm=51.238 samples/s=74.54
[step 2300/30000] loss=4.2444 lr=2.985e-04 grad_norm=12.900 samples/s=74.47
[step 2310/30000] loss=4.6922 lr=2.985e-04 grad_norm=26.010 samples/s=74.46
[step 2320/30000] loss=3.8456 lr=2.985e-04 grad_norm=28.674 samples/s=74.46
[step 2330/30000] loss=2.8069 lr=2.985e-04 grad_norm=11.572 samples/s=74.48
[step 2340/30000] loss=3.0523 lr=2.984e-04 grad_norm=13.808 samples/s=74.46
[step 2350/30000] loss=3.6056 lr=2.984e-04 grad_norm=13.398 samples/s=74.49
[step 2360/30000] loss=3.3705 lr=2.984e-04 grad_norm=19.801 samples/s=74.44
[step 2370/30000] loss=3.5633 lr=2.984e-04 grad_norm=23.951 samples/s=74.48
[step 2380/30000] loss=2.8747 lr=2.983e-04 grad_norm=16.199 samples/s=74.42
[step 2390/30000] loss=3.1896 lr=2.983e-04 grad_norm=9.672 samples/s=74.48
[step 2400/30000] loss=3.1304 lr=2.983e-04 grad_norm=16.840 samples/s=74.43
[step 2410/30000] loss=3.2210 lr=2.983e-04 grad_norm=9.066 samples/s=74.49
[step 2420/30000] loss=3.4679 lr=2.982e-04 grad_norm=14.972 samples/s=74.47
[step 2430/30000] loss=3.5998 lr=2.982e-04 grad_norm=23.015 samples/s=74.50
[step 2440/30000] loss=3.0244 lr=2.982e-04 grad_norm=16.146 samples/s=74.49
[step 2450/30000] loss=3.0959 lr=2.982e-04 grad_norm=31.392 samples/s=74.53
[step 2460/30000] loss=3.4741 lr=2.981e-04 grad_norm=20.196 samples/s=74.46
[step 2470/30000] loss=3.6697 lr=2.981e-04 grad_norm=15.387 samples/s=74.34
[step 2480/30000] loss=3.2885 lr=2.981e-04 grad_norm=19.399 samples/s=74.28
[step 2490/30000] loss=4.2962 lr=2.981e-04 grad_norm=82.501 samples/s=74.35
[step 2500/30000] loss=3.0781 lr=2.980e-04 grad_norm=28.714 samples/s=74.31
[val step 2500] loss=15.56271816253662 m01={'mean': None, 'median': None, 'p95': None, 'tail_frac_gt4px': None, 'n_matched': 0} m02={'12-16': 0.0, '16-32': 0.0, '32-64': 0.0, '64-128': 0.0} m04={'accuracy': None, 'by_octave': {'12-16': None, '16-32': None, '32-64': None, '64-128': None}} diag={'gate3_alpha_mean': 0.6141549944877625, 'gate3_alpha_min': 0.432861328125, 'gate3_alpha_max': 0.9609375, 'gate3_alpha_std': 0.052154939621686935, 'gate3_alpha_p10': 0.562255859375, 'gate3_alpha_p50': 0.60595703125, 'gate3_alpha_p90': 0.677734375, 'block0_attn_entropy': 8.204317092895508, 'block1_attn_entropy': 8.091118812561035}
[step 2510/30000] loss=2.7480 lr=2.980e-04 grad_norm=14.219 samples/s=74.45
[step 2520/30000] loss=4.1026 lr=2.980e-04 grad_norm=19.481 samples/s=74.62
[step 2530/30000] loss=2.6733 lr=2.980e-04 grad_norm=10.862 samples/s=74.65
[step 2540/30000] loss=3.5141 lr=2.979e-04 grad_norm=20.410 samples/s=74.59
[step 2550/30000] loss=2.9482 lr=2.979e-04 grad_norm=24.914 samples/s=74.62
[step 2560/30000] loss=3.3574 lr=2.979e-04 grad_norm=19.276 samples/s=74.58
[step 2570/30000] loss=3.0469 lr=2.979e-04 grad_norm=11.272 samples/s=74.61
[step 2580/30000] loss=3.3980 lr=2.978e-04 grad_norm=36.145 samples/s=74.57
[step 2590/30000] loss=3.0943 lr=2.978e-04 grad_norm=17.134 samples/s=74.60
[step 2600/30000] loss=3.0584 lr=2.978e-04 grad_norm=25.354 samples/s=74.57
[step 2610/30000] loss=3.1421 lr=2.977e-04 grad_norm=17.335 samples/s=74.59
[step 2620/30000] loss=4.6855 lr=2.977e-04 grad_norm=19.914 samples/s=74.54
[step 2630/30000] loss=4.0857 lr=2.977e-04 grad_norm=35.744 samples/s=74.56
[step 2640/30000] loss=2.6359 lr=2.977e-04 grad_norm=10.547 samples/s=74.52
[step 2650/30000] loss=2.6293 lr=2.976e-04 grad_norm=14.170 samples/s=74.47
[step 2660/30000] loss=3.2550 lr=2.976e-04 grad_norm=16.549 samples/s=74.37
[step 2670/30000] loss=3.0545 lr=2.976e-04 grad_norm=12.690 samples/s=74.39
[step 2680/30000] loss=3.3916 lr=2.976e-04 grad_norm=22.755 samples/s=74.36
[step 2690/30000] loss=3.0285 lr=2.975e-04 grad_norm=16.709 samples/s=74.36
[step 2700/30000] loss=3.8430 lr=2.975e-04 grad_norm=26.743 samples/s=74.34
[step 2710/30000] loss=2.9256 lr=2.975e-04 grad_norm=20.143 samples/s=74.43
[step 2720/30000] loss=3.4371 lr=2.974e-04 grad_norm=15.054 samples/s=74.36
[step 2730/30000] loss=2.9870 lr=2.974e-04 grad_norm=14.318 samples/s=74.37
[step 2740/30000] loss=3.2260 lr=2.974e-04 grad_norm=30.912 samples/s=74.37
[step 2750/30000] loss=3.3072 lr=2.973e-04 grad_norm=11.744 samples/s=74.41
[step 2760/30000] loss=3.3481 lr=2.973e-04 grad_norm=19.220 samples/s=74.40
[step 2770/30000] loss=4.1825 lr=2.973e-04 grad_norm=50.740 samples/s=74.42
[step 2780/30000] loss=2.8047 lr=2.973e-04 grad_norm=11.821 samples/s=74.42
[step 2790/30000] loss=3.6822 lr=2.972e-04 grad_norm=21.612 samples/s=74.43
[step 2800/30000] loss=4.0610 lr=2.972e-04 grad_norm=38.628 samples/s=74.41
[step 2810/30000] loss=2.8795 lr=2.972e-04 grad_norm=13.633 samples/s=74.44
[step 2820/30000] loss=3.1912 lr=2.971e-04 grad_norm=16.525 samples/s=74.37
[step 2830/30000] loss=2.8475 lr=2.971e-04 grad_norm=15.996 samples/s=74.38
[step 2840/30000] loss=3.0867 lr=2.971e-04 grad_norm=20.763 samples/s=74.29
[step 2850/30000] loss=3.0522 lr=2.970e-04 grad_norm=14.755 samples/s=74.33
[step 2860/30000] loss=2.9835 lr=2.970e-04 grad_norm=13.576 samples/s=74.28
[step 2870/30000] loss=4.2783 lr=2.970e-04 grad_norm=43.826 samples/s=74.28
[step 2880/30000] loss=3.3151 lr=2.969e-04 grad_norm=26.670 samples/s=74.27
[step 2890/30000] loss=3.7383 lr=2.969e-04 grad_norm=29.593 samples/s=74.28
[step 2900/30000] loss=3.2557 lr=2.969e-04 grad_norm=18.476 samples/s=74.24
[step 2910/30000] loss=4.3418 lr=2.968e-04 grad_norm=38.808 samples/s=74.26
[step 2920/30000] loss=3.2063 lr=2.968e-04 grad_norm=46.345 samples/s=74.15
[step 2930/30000] loss=2.5703 lr=2.968e-04 grad_norm=9.145 samples/s=74.08
[step 2940/30000] loss=3.5936 lr=2.967e-04 grad_norm=37.397 samples/s=74.09
[step 2950/30000] loss=2.6465 lr=2.967e-04 grad_norm=9.744 samples/s=74.10
[step 2960/30000] loss=3.8824 lr=2.967e-04 grad_norm=29.449 samples/s=74.09
[step 2970/30000] loss=2.9864 lr=2.966e-04 grad_norm=13.752 samples/s=74.11
[step 2980/30000] loss=3.2687 lr=2.966e-04 grad_norm=16.855 samples/s=74.07
[step 2990/30000] loss=3.1753 lr=2.966e-04 grad_norm=38.170 samples/s=74.09
[step 3000/30000] loss=3.7770 lr=2.965e-04 grad_norm=16.576 samples/s=74.05
[step 3010/30000] loss=4.3819 lr=2.965e-04 grad_norm=29.932 samples/s=74.10
[step 3020/30000] loss=3.3676 lr=2.965e-04 grad_norm=13.335 samples/s=74.09
[step 3030/30000] loss=3.3068 lr=2.964e-04 grad_norm=16.315 samples/s=74.10
[step 3040/30000] loss=3.6016 lr=2.964e-04 grad_norm=33.005 samples/s=74.08
[step 3050/30000] loss=2.6982 lr=2.964e-04 grad_norm=12.190 samples/s=74.13
[step 3060/30000] loss=4.2521 lr=2.963e-04 grad_norm=53.489 samples/s=74.09
[step 3070/30000] loss=3.2742 lr=2.963e-04 grad_norm=19.054 samples/s=74.12
[step 3080/30000] loss=2.5163 lr=2.962e-04 grad_norm=10.190 samples/s=74.10
[step 3090/30000] loss=4.0796 lr=2.962e-04 grad_norm=32.839 samples/s=74.13
[step 3100/30000] loss=3.1289 lr=2.962e-04 grad_norm=12.409 samples/s=74.10
[step 3110/30000] loss=2.4314 lr=2.961e-04 grad_norm=13.235 samples/s=74.14
[step 3120/30000] loss=3.3963 lr=2.961e-04 grad_norm=25.230 samples/s=74.15
[step 3130/30000] loss=4.1421 lr=2.961e-04 grad_norm=34.725 samples/s=74.19
[step 3140/30000] loss=2.9050 lr=2.960e-04 grad_norm=9.240 samples/s=74.15
[step 3150/30000] loss=3.0449 lr=2.960e-04 grad_norm=12.838 samples/s=74.16
[step 3160/30000] loss=2.5673 lr=2.960e-04 grad_norm=12.363 samples/s=74.10
[step 3170/30000] loss=3.2671 lr=2.959e-04 grad_norm=16.472 samples/s=74.10
[step 3180/30000] loss=3.4495 lr=2.959e-04 grad_norm=20.815 samples/s=74.08
[step 3190/30000] loss=2.9733 lr=2.958e-04 grad_norm=28.470 samples/s=74.10
[step 3200/30000] loss=3.2747 lr=2.958e-04 grad_norm=120.382 samples/s=74.05
[step 3210/30000] loss=2.6135 lr=2.958e-04 grad_norm=14.418 samples/s=74.04
[step 3220/30000] loss=3.2180 lr=2.957e-04 grad_norm=13.149 samples/s=74.01
[step 3230/30000] loss=3.4524 lr=2.957e-04 grad_norm=20.590 samples/s=74.04
[step 3240/30000] loss=2.5621 lr=2.957e-04 grad_norm=11.680 samples/s=74.05
[step 3250/30000] loss=3.0762 lr=2.956e-04 grad_norm=22.666 samples/s=74.09
[step 3260/30000] loss=3.3027 lr=2.956e-04 grad_norm=18.821 samples/s=74.05
[step 3270/30000] loss=3.6949 lr=2.955e-04 grad_norm=17.124 samples/s=74.11
[step 3280/30000] loss=3.5200 lr=2.955e-04 grad_norm=18.041 samples/s=74.06
[step 3290/30000] loss=3.0779 lr=2.955e-04 grad_norm=14.073 samples/s=74.08
[step 3300/30000] loss=3.0956 lr=2.954e-04 grad_norm=12.559 samples/s=74.06
[step 3310/30000] loss=2.9385 lr=2.954e-04 grad_norm=17.276 samples/s=74.06
[step 3320/30000] loss=2.3303 lr=2.953e-04 grad_norm=17.300 samples/s=74.05
[step 3330/30000] loss=2.5139 lr=2.953e-04 grad_norm=12.140 samples/s=74.07
[step 3340/30000] loss=3.2202 lr=2.953e-04 grad_norm=15.231 samples/s=74.03
[step 3350/30000] loss=4.0414 lr=2.952e-04 grad_norm=78.914 samples/s=74.05
[step 3360/30000] loss=3.7308 lr=2.952e-04 grad_norm=20.102 samples/s=74.00
[step 3370/30000] loss=2.7474 lr=2.951e-04 grad_norm=15.057 samples/s=74.00
[step 3380/30000] loss=2.8335 lr=2.951e-04 grad_norm=18.628 samples/s=73.94
[step 3390/30000] loss=2.9545 lr=2.951e-04 grad_norm=18.985 samples/s=73.96
[step 3400/30000] loss=3.3415 lr=2.950e-04 grad_norm=15.868 samples/s=73.97
[step 3410/30000] loss=2.9912 lr=2.950e-04 grad_norm=41.190 samples/s=74.01
[step 3420/30000] loss=4.0408 lr=2.949e-04 grad_norm=21.600 samples/s=73.99
[step 3430/30000] loss=2.8048 lr=2.949e-04 grad_norm=25.256 samples/s=74.03
[step 3440/30000] loss=2.4731 lr=2.948e-04 grad_norm=14.086 samples/s=73.96
[step 3450/30000] loss=3.0713 lr=2.948e-04 grad_norm=46.211 samples/s=73.96
[step 3460/30000] loss=2.9700 lr=2.948e-04 grad_norm=20.194 samples/s=73.95
[step 3470/30000] loss=2.8502 lr=2.947e-04 grad_norm=13.565 samples/s=73.94
[step 3480/30000] loss=2.6576 lr=2.947e-04 grad_norm=19.970 samples/s=73.86
[step 3490/30000] loss=3.0406 lr=2.946e-04 grad_norm=50.098 samples/s=73.90
[step 3500/30000] loss=3.8256 lr=2.946e-04 grad_norm=46.248 samples/s=73.89
[step 3510/30000] loss=2.8003 lr=2.945e-04 grad_norm=17.224 samples/s=73.90
[step 3520/30000] loss=3.3231 lr=2.945e-04 grad_norm=30.708 samples/s=73.86
[step 3530/30000] loss=2.8442 lr=2.945e-04 grad_norm=21.581 samples/s=73.87
[step 3540/30000] loss=2.5307 lr=2.944e-04 grad_norm=17.639 samples/s=73.80
[step 3550/30000] loss=3.3637 lr=2.944e-04 grad_norm=33.328 samples/s=73.84
[step 3560/30000] loss=2.8357 lr=2.943e-04 grad_norm=15.908 samples/s=73.80
[step 3570/30000] loss=3.8722 lr=2.943e-04 grad_norm=15.343 samples/s=73.82
[step 3580/30000] loss=4.1291 lr=2.942e-04 grad_norm=19.707 samples/s=73.79
[step 3590/30000] loss=2.5495 lr=2.942e-04 grad_norm=9.938 samples/s=73.83
[step 3600/30000] loss=3.3559 lr=2.942e-04 grad_norm=13.020 samples/s=73.80
[step 3610/30000] loss=3.3619 lr=2.941e-04 grad_norm=12.925 samples/s=73.83
[step 3620/30000] loss=2.3815 lr=2.941e-04 grad_norm=20.319 samples/s=73.80
[step 3630/30000] loss=3.3562 lr=2.940e-04 grad_norm=15.494 samples/s=73.83
[step 3640/30000] loss=2.8736 lr=2.940e-04 grad_norm=26.188 samples/s=73.80
[step 3650/30000] loss=2.7548 lr=2.939e-04 grad_norm=13.849 samples/s=73.81
[step 3660/30000] loss=3.1914 lr=2.939e-04 grad_norm=38.254 samples/s=73.78
[step 3670/30000] loss=3.0443 lr=2.938e-04 grad_norm=15.285 samples/s=73.79
[step 3680/30000] loss=3.5596 lr=2.938e-04 grad_norm=24.041 samples/s=73.78
[step 3690/30000] loss=3.2916 lr=2.937e-04 grad_norm=17.328 samples/s=73.80
[step 3700/30000] loss=2.9354 lr=2.937e-04 grad_norm=11.656 samples/s=73.79
[step 3710/30000] loss=2.7068 lr=2.937e-04 grad_norm=12.629 samples/s=73.80
[step 3720/30000] loss=3.9203 lr=2.936e-04 grad_norm=27.021 samples/s=73.78
[step 3730/30000] loss=3.1861 lr=2.936e-04 grad_norm=29.665 samples/s=73.80
[step 3740/30000] loss=3.0012 lr=2.935e-04 grad_norm=15.847 samples/s=73.72
[step 3750/30000] loss=2.9394 lr=2.935e-04 grad_norm=12.690 samples/s=73.76
[step 3760/30000] loss=2.5051 lr=2.934e-04 grad_norm=10.233 samples/s=73.73
[step 3770/30000] loss=2.7830 lr=2.934e-04 grad_norm=9.956 samples/s=73.75
[step 3780/30000] loss=3.3823 lr=2.933e-04 grad_norm=23.891 samples/s=73.75
[step 3790/30000] loss=2.9003 lr=2.933e-04 grad_norm=31.379 samples/s=73.79
[step 3800/30000] loss=2.6797 lr=2.932e-04 grad_norm=9.363 samples/s=73.78
[step 3810/30000] loss=3.4969 lr=2.932e-04 grad_norm=20.498 samples/s=73.81
[step 3820/30000] loss=2.5794 lr=2.931e-04 grad_norm=12.733 samples/s=73.80
[step 3830/30000] loss=3.3937 lr=2.931e-04 grad_norm=14.498 samples/s=73.82
[step 3840/30000] loss=2.7865 lr=2.930e-04 grad_norm=19.759 samples/s=73.82
[step 3850/30000] loss=2.6041 lr=2.930e-04 grad_norm=17.212 samples/s=73.85
[step 3860/30000] loss=3.0593 lr=2.929e-04 grad_norm=33.263 samples/s=73.81
[step 3870/30000] loss=2.9476 lr=2.929e-04 grad_norm=19.413 samples/s=73.82
[step 3880/30000] loss=4.1341 lr=2.928e-04 grad_norm=38.056 samples/s=73.80
[step 3890/30000] loss=3.2642 lr=2.928e-04 grad_norm=34.763 samples/s=73.80
[step 3900/30000] loss=2.5593 lr=2.927e-04 grad_norm=9.578 samples/s=73.77
[step 3910/30000] loss=2.4678 lr=2.927e-04 grad_norm=17.706 samples/s=73.78
[step 3920/30000] loss=3.2598 lr=2.926e-04 grad_norm=14.256 samples/s=73.80
[step 3930/30000] loss=3.0277 lr=2.926e-04 grad_norm=21.943 samples/s=73.83
[step 3940/30000] loss=2.7622 lr=2.925e-04 grad_norm=10.593 samples/s=73.80
[step 3950/30000] loss=3.3091 lr=2.925e-04 grad_norm=24.001 samples/s=73.80
[step 3960/30000] loss=3.2569 lr=2.924e-04 grad_norm=44.337 samples/s=73.80
[step 3970/30000] loss=3.2819 lr=2.924e-04 grad_norm=37.707 samples/s=73.81
[step 3980/30000] loss=3.4734 lr=2.923e-04 grad_norm=20.656 samples/s=73.79
[step 3990/30000] loss=2.8655 lr=2.923e-04 grad_norm=9.383 samples/s=73.80
[step 4000/30000] loss=3.9595 lr=2.922e-04 grad_norm=19.296 samples/s=73.76
[step 4010/30000] loss=3.3617 lr=2.922e-04 grad_norm=36.858 samples/s=73.80
[step 4020/30000] loss=3.2724 lr=2.921e-04 grad_norm=11.347 samples/s=73.76
[step 4030/30000] loss=2.7430 lr=2.921e-04 grad_norm=37.514 samples/s=73.79
[step 4040/30000] loss=2.4166 lr=2.920e-04 grad_norm=8.991 samples/s=73.77
[step 4050/30000] loss=3.2154 lr=2.920e-04 grad_norm=13.836 samples/s=73.79
[step 4060/30000] loss=3.0382 lr=2.919e-04 grad_norm=16.998 samples/s=73.80
[step 4070/30000] loss=3.3899 lr=2.919e-04 grad_norm=34.611 samples/s=73.84
[step 4080/30000] loss=2.8313 lr=2.918e-04 grad_norm=13.581 samples/s=73.81
[step 4090/30000] loss=3.4261 lr=2.918e-04 grad_norm=16.953 samples/s=73.85
[step 4100/30000] loss=3.2752 lr=2.917e-04 grad_norm=17.404 samples/s=73.81
[step 4110/30000] loss=3.0681 lr=2.917e-04 grad_norm=8.213 samples/s=73.83
[step 4120/30000] loss=3.1654 lr=2.916e-04 grad_norm=28.336 samples/s=73.79
[step 4130/30000] loss=3.3341 lr=2.916e-04 grad_norm=20.369 samples/s=73.77
[step 4140/30000] loss=2.6008 lr=2.915e-04 grad_norm=14.678 samples/s=73.76
[step 4150/30000] loss=2.7213 lr=2.914e-04 grad_norm=15.715 samples/s=73.76
[step 4160/30000] loss=3.4442 lr=2.914e-04 grad_norm=25.852 samples/s=73.75
[step 4170/30000] loss=4.7672 lr=2.913e-04 grad_norm=31.784 samples/s=73.77
[step 4180/30000] loss=2.4829 lr=2.913e-04 grad_norm=9.336 samples/s=73.74
[step 4190/30000] loss=2.4018 lr=2.912e-04 grad_norm=7.467 samples/s=73.76
[step 4200/30000] loss=3.5748 lr=2.912e-04 grad_norm=47.067 samples/s=73.73
[step 4210/30000] loss=3.1868 lr=2.911e-04 grad_norm=23.432 samples/s=73.76
[step 4220/30000] loss=2.1591 lr=2.911e-04 grad_norm=9.618 samples/s=73.76
[step 4230/30000] loss=2.8145 lr=2.910e-04 grad_norm=14.317 samples/s=73.75
[step 4240/30000] loss=2.2797 lr=2.910e-04 grad_norm=9.634 samples/s=73.75
[step 4250/30000] loss=3.7634 lr=2.909e-04 grad_norm=22.461 samples/s=73.78
[step 4260/30000] loss=2.4902 lr=2.908e-04 grad_norm=10.647 samples/s=73.73
[step 4270/30000] loss=3.1132 lr=2.908e-04 grad_norm=11.609 samples/s=73.78
[step 4280/30000] loss=2.4456 lr=2.907e-04 grad_norm=7.946 samples/s=73.75
[step 4290/30000] loss=2.0942 lr=2.907e-04 grad_norm=10.287 samples/s=73.79
[step 4300/30000] loss=2.9961 lr=2.906e-04 grad_norm=12.480 samples/s=73.69
[step 4310/30000] loss=2.5225 lr=2.906e-04 grad_norm=14.651 samples/s=73.72
[step 4320/30000] loss=2.5503 lr=2.905e-04 grad_norm=14.208 samples/s=73.72
[step 4330/30000] loss=3.4852 lr=2.904e-04 grad_norm=18.154 samples/s=73.74
[step 4340/30000] loss=3.2190 lr=2.904e-04 grad_norm=18.241 samples/s=73.75
[step 4350/30000] loss=2.6429 lr=2.903e-04 grad_norm=11.114 samples/s=73.75
[step 4360/30000] loss=2.3021 lr=2.903e-04 grad_norm=12.230 samples/s=73.76
[step 4370/30000] loss=3.0615 lr=2.902e-04 grad_norm=43.004 samples/s=73.79
[step 4380/30000] loss=2.9385 lr=2.902e-04 grad_norm=28.119 samples/s=73.73
[step 4390/30000] loss=2.4281 lr=2.901e-04 grad_norm=16.816 samples/s=73.73
[step 4400/30000] loss=2.8426 lr=2.900e-04 grad_norm=14.953 samples/s=73.72
[step 4410/30000] loss=2.9926 lr=2.900e-04 grad_norm=26.291 samples/s=73.72
[step 4420/30000] loss=2.6233 lr=2.899e-04 grad_norm=10.576 samples/s=73.69
[step 4430/30000] loss=2.9525 lr=2.899e-04 grad_norm=12.614 samples/s=73.72
[step 4440/30000] loss=2.9718 lr=2.898e-04 grad_norm=15.074 samples/s=73.72
[step 4450/30000] loss=2.8230 lr=2.898e-04 grad_norm=22.012 samples/s=73.74
[step 4460/30000] loss=2.3955 lr=2.897e-04 grad_norm=12.045 samples/s=73.70
[step 4470/30000] loss=2.4394 lr=2.896e-04 grad_norm=14.358 samples/s=73.71
[step 4480/30000] loss=3.4657 lr=2.896e-04 grad_norm=28.398 samples/s=73.70
[step 4490/30000] loss=2.2899 lr=2.895e-04 grad_norm=6.767 samples/s=73.72
[step 4500/30000] loss=2.4418 lr=2.895e-04 grad_norm=16.143 samples/s=73.72
[step 4510/30000] loss=2.5237 lr=2.894e-04 grad_norm=11.326 samples/s=73.77
[step 4520/30000] loss=2.7579 lr=2.893e-04 grad_norm=16.338 samples/s=73.77
[step 4530/30000] loss=2.9468 lr=2.893e-04 grad_norm=19.101 samples/s=73.81
[step 4540/30000] loss=2.6130 lr=2.892e-04 grad_norm=12.813 samples/s=73.82
[step 4550/30000] loss=2.7199 lr=2.892e-04 grad_norm=18.893 samples/s=73.83
[step 4560/30000] loss=3.6346 lr=2.891e-04 grad_norm=22.765 samples/s=73.79
[step 4570/30000] loss=2.8509 lr=2.890e-04 grad_norm=20.918 samples/s=73.76
[step 4580/30000] loss=2.8641 lr=2.890e-04 grad_norm=18.187 samples/s=73.72
[step 4590/30000] loss=3.0892 lr=2.889e-04 grad_norm=14.938 samples/s=73.75
[step 4600/30000] loss=2.8012 lr=2.889e-04 grad_norm=9.539 samples/s=73.76
[step 4610/30000] loss=2.4893 lr=2.888e-04 grad_norm=7.831 samples/s=73.78
[step 4620/30000] loss=2.7541 lr=2.887e-04 grad_norm=17.604 samples/s=73.76
[step 4630/30000] loss=2.2077 lr=2.887e-04 grad_norm=9.061 samples/s=73.78
[step 4640/30000] loss=2.2979 lr=2.886e-04 grad_norm=8.775 samples/s=73.75
[step 4650/30000] loss=2.6953 lr=2.885e-04 grad_norm=15.792 samples/s=73.78
[step 4660/30000] loss=2.9182 lr=2.885e-04 grad_norm=15.381 samples/s=73.76
[step 4670/30000] loss=3.1854 lr=2.884e-04 grad_norm=16.868 samples/s=73.74
[step 4680/30000] loss=3.3362 lr=2.884e-04 grad_norm=18.940 samples/s=73.75
[step 4690/30000] loss=2.4765 lr=2.883e-04 grad_norm=14.196 samples/s=73.74
[step 4700/30000] loss=2.2649 lr=2.882e-04 grad_norm=12.721 samples/s=73.75
[step 4710/30000] loss=2.2071 lr=2.882e-04 grad_norm=14.564 samples/s=73.77
[step 4720/30000] loss=2.4508 lr=2.881e-04 grad_norm=20.839 samples/s=73.80
[step 4730/30000] loss=3.4831 lr=2.880e-04 grad_norm=18.840 samples/s=73.78
[step 4740/30000] loss=2.8299 lr=2.880e-04 grad_norm=11.256 samples/s=73.81
[step 4750/30000] loss=3.1892 lr=2.879e-04 grad_norm=20.968 samples/s=73.78
[step 4760/30000] loss=3.3698 lr=2.879e-04 grad_norm=22.689 samples/s=73.80
[step 4770/30000] loss=2.9740 lr=2.878e-04 grad_norm=17.959 samples/s=73.76
[step 4780/30000] loss=2.6720 lr=2.877e-04 grad_norm=19.561 samples/s=73.82
[step 4790/30000] loss=2.9076 lr=2.877e-04 grad_norm=16.435 samples/s=73.78
[step 4800/30000] loss=2.8296 lr=2.876e-04 grad_norm=12.311 samples/s=73.79
[step 4810/30000] loss=3.4110 lr=2.875e-04 grad_norm=17.446 samples/s=73.77
[step 4820/30000] loss=2.9917 lr=2.875e-04 grad_norm=22.811 samples/s=73.77
[step 4830/30000] loss=2.8622 lr=2.874e-04 grad_norm=14.338 samples/s=73.77
[step 4840/30000] loss=2.6427 lr=2.873e-04 grad_norm=17.363 samples/s=73.79
[step 4850/30000] loss=3.0646 lr=2.873e-04 grad_norm=34.473 samples/s=73.79
[step 4860/30000] loss=3.9800 lr=2.872e-04 grad_norm=18.603 samples/s=73.80
[step 4870/30000] loss=2.5561 lr=2.871e-04 grad_norm=9.150 samples/s=73.79
[step 4880/30000] loss=2.5593 lr=2.871e-04 grad_norm=10.790 samples/s=73.81
[step 4890/30000] loss=3.7401 lr=2.870e-04 grad_norm=24.867 samples/s=73.82
[step 4900/30000] loss=2.8829 lr=2.869e-04 grad_norm=9.232 samples/s=73.79
[step 4910/30000] loss=2.6714 lr=2.869e-04 grad_norm=26.574 samples/s=73.81
[step 4920/30000] loss=2.2925 lr=2.868e-04 grad_norm=12.916 samples/s=73.78
[step 4930/30000] loss=2.2877 lr=2.868e-04 grad_norm=11.815 samples/s=73.78
[step 4940/30000] loss=2.7307 lr=2.867e-04 grad_norm=27.075 samples/s=73.77
[step 4950/30000] loss=2.6108 lr=2.866e-04 grad_norm=11.247 samples/s=73.78
[step 4960/30000] loss=3.3489 lr=2.866e-04 grad_norm=8.276 samples/s=73.79
[step 4970/30000] loss=3.3831 lr=2.865e-04 grad_norm=9.502 samples/s=73.78
[step 4980/30000] loss=3.0813 lr=2.864e-04 grad_norm=13.873 samples/s=73.80
[step 4990/30000] loss=2.4810 lr=2.863e-04 grad_norm=8.090 samples/s=73.78
[step 5000/30000] loss=3.5972 lr=2.863e-04 grad_norm=31.465 samples/s=73.80
[val step 5000] loss=3.264902414321899 m01={'mean': 0.4160414120845204, 'median': 0.4088993528072678, 'p95': 0.7300080949287728, 'tail_frac_gt4px': 4.4784808992789645e-05, 'n_matched': 22329} m02={'12-16': 0.7376152073732719, '16-32': 0.8459545401012837, '32-64': 0.883691042282483, '64-128': 0.8856655290102389} m04={'accuracy': 0.2452416140445161, 'by_octave': {'12-16': 0.24170245997657167, '16-32': 0.251009327579006, '32-64': 0.24941826643397325, '64-128': 0.23454195130495709}} diag={'gate3_alpha_mean': 0.3176199793815613, 'gate3_alpha_min': 0.0387420654296875, 'gate3_alpha_max': 0.983642578125, 'gate3_alpha_std': 0.10450196266174316, 'gate3_alpha_p10': 0.19879150390625, 'gate3_alpha_p50': 0.30694580078125, 'gate3_alpha_p90': 0.44342041015625, 'block0_attn_entropy': 7.843835830688477, 'block1_attn_entropy': 7.207061767578125}
[step 5010/30000] loss=2.3558 lr=2.862e-04 grad_norm=12.102 samples/s=73.88
[step 5020/30000] loss=2.6503 lr=2.861e-04 grad_norm=14.222 samples/s=73.96
[step 5030/30000] loss=2.4096 lr=2.861e-04 grad_norm=8.100 samples/s=73.97
[step 5040/30000] loss=2.8568 lr=2.860e-04 grad_norm=14.040 samples/s=73.96
[step 5050/30000] loss=2.4355 lr=2.859e-04 grad_norm=11.995 samples/s=73.95
[step 5060/30000] loss=2.8452 lr=2.859e-04 grad_norm=20.223 samples/s=73.95
[step 5070/30000] loss=2.3124 lr=2.858e-04 grad_norm=11.808 samples/s=73.87
[step 5080/30000] loss=2.9281 lr=2.857e-04 grad_norm=12.230 samples/s=73.87
[step 5090/30000] loss=2.5630 lr=2.857e-04 grad_norm=18.787 samples/s=73.86
[step 5100/30000] loss=3.9453 lr=2.856e-04 grad_norm=98.212 samples/s=73.89
[step 5110/30000] loss=2.6933 lr=2.855e-04 grad_norm=15.177 samples/s=73.90
[step 5120/30000] loss=2.5280 lr=2.855e-04 grad_norm=8.206 samples/s=73.92
[step 5130/30000] loss=3.1546 lr=2.854e-04 grad_norm=14.683 samples/s=73.91
[step 5140/30000] loss=2.4806 lr=2.853e-04 grad_norm=16.604 samples/s=73.91
[step 5150/30000] loss=2.4593 lr=2.853e-04 grad_norm=10.707 samples/s=73.90
[step 5160/30000] loss=2.7375 lr=2.852e-04 grad_norm=12.198 samples/s=73.92
[step 5170/30000] loss=2.6267 lr=2.851e-04 grad_norm=7.020 samples/s=73.91
[step 5180/30000] loss=3.1113 lr=2.850e-04 grad_norm=23.623 samples/s=73.90
[step 5190/30000] loss=3.5290 lr=2.850e-04 grad_norm=26.049 samples/s=73.92
[step 5200/30000] loss=3.1859 lr=2.849e-04 grad_norm=9.995 samples/s=73.93
[step 5210/30000] loss=2.8693 lr=2.848e-04 grad_norm=14.484 samples/s=73.93
[step 5220/30000] loss=2.4026 lr=2.848e-04 grad_norm=8.570 samples/s=73.93
[step 5230/30000] loss=3.0090 lr=2.847e-04 grad_norm=20.887 samples/s=73.92
[step 5240/30000] loss=3.5947 lr=2.846e-04 grad_norm=22.034 samples/s=73.92
[step 5250/30000] loss=3.1103 lr=2.845e-04 grad_norm=12.367 samples/s=73.91
[step 5260/30000] loss=2.6027 lr=2.845e-04 grad_norm=11.976 samples/s=73.93
[step 5270/30000] loss=3.0578 lr=2.844e-04 grad_norm=13.227 samples/s=73.90
[step 5280/30000] loss=2.3153 lr=2.843e-04 grad_norm=13.166 samples/s=73.89
[step 5290/30000] loss=2.8395 lr=2.843e-04 grad_norm=23.001 samples/s=73.88
[step 5300/30000] loss=2.4505 lr=2.842e-04 grad_norm=13.403 samples/s=73.89
[step 5310/30000] loss=2.6186 lr=2.841e-04 grad_norm=10.961 samples/s=73.86
[step 5320/30000] loss=2.4575 lr=2.840e-04 grad_norm=11.672 samples/s=73.87
[step 5330/30000] loss=4.1008 lr=2.840e-04 grad_norm=38.080 samples/s=73.86
[step 5340/30000] loss=2.9346 lr=2.839e-04 grad_norm=16.931 samples/s=73.88
[step 5350/30000] loss=2.6356 lr=2.838e-04 grad_norm=12.781 samples/s=73.77
[step 5360/30000] loss=3.4611 lr=2.837e-04 grad_norm=16.282 samples/s=73.79
[step 5370/30000] loss=2.6890 lr=2.837e-04 grad_norm=35.071 samples/s=73.77
[step 5380/30000] loss=3.7480 lr=2.836e-04 grad_norm=21.633 samples/s=73.80
[step 5390/30000] loss=3.2007 lr=2.835e-04 grad_norm=15.358 samples/s=73.79
[step 5400/30000] loss=3.3183 lr=2.835e-04 grad_norm=19.114 samples/s=73.81
[step 5410/30000] loss=2.2841 lr=2.834e-04 grad_norm=8.852 samples/s=73.79
[step 5420/30000] loss=3.0917 lr=2.833e-04 grad_norm=26.624 samples/s=73.79
[step 5430/30000] loss=2.8254 lr=2.832e-04 grad_norm=38.492 samples/s=73.78
[step 5440/30000] loss=2.1936 lr=2.832e-04 grad_norm=11.218 samples/s=73.80
[step 5450/30000] loss=2.5156 lr=2.831e-04 grad_norm=15.741 samples/s=73.80
[step 5460/30000] loss=3.3122 lr=2.830e-04 grad_norm=20.308 samples/s=73.81
[step 5470/30000] loss=2.8063 lr=2.829e-04 grad_norm=9.552 samples/s=73.80
[step 5480/30000] loss=2.6946 lr=2.829e-04 grad_norm=11.881 samples/s=73.82
[step 5490/30000] loss=2.8165 lr=2.828e-04 grad_norm=13.354 samples/s=73.80
[step 5500/30000] loss=2.5907 lr=2.827e-04 grad_norm=9.457 samples/s=73.82
[step 5510/30000] loss=2.7647 lr=2.826e-04 grad_norm=14.682 samples/s=73.79
[step 5520/30000] loss=3.1271 lr=2.826e-04 grad_norm=12.703 samples/s=73.81
[step 5530/30000] loss=4.0919 lr=2.825e-04 grad_norm=237.899 samples/s=73.80
[step 5540/30000] loss=2.7134 lr=2.824e-04 grad_norm=15.913 samples/s=73.80
[step 5550/30000] loss=2.5685 lr=2.823e-04 grad_norm=12.257 samples/s=73.80
[step 5560/30000] loss=3.3092 lr=2.823e-04 grad_norm=25.925 samples/s=73.79
[step 5570/30000] loss=3.4162 lr=2.822e-04 grad_norm=25.047 samples/s=73.77
[step 5580/30000] loss=3.0844 lr=2.821e-04 grad_norm=18.922 samples/s=73.79
[step 5590/30000] loss=3.3140 lr=2.820e-04 grad_norm=11.358 samples/s=73.78
[step 5600/30000] loss=3.0289 lr=2.819e-04 grad_norm=18.555 samples/s=73.76
[step 5610/30000] loss=2.2655 lr=2.819e-04 grad_norm=5.856 samples/s=73.75
[step 5620/30000] loss=3.0801 lr=2.818e-04 grad_norm=17.622 samples/s=73.75
[step 5630/30000] loss=2.8484 lr=2.817e-04 grad_norm=30.044 samples/s=73.74
[step 5640/30000] loss=2.9266 lr=2.816e-04 grad_norm=23.788 samples/s=73.70
[step 5650/30000] loss=3.0517 lr=2.816e-04 grad_norm=20.736 samples/s=73.74
[step 5660/30000] loss=2.5340 lr=2.815e-04 grad_norm=13.367 samples/s=73.77
[step 5670/30000] loss=2.3881 lr=2.814e-04 grad_norm=7.258 samples/s=73.82
[step 5680/30000] loss=2.1535 lr=2.813e-04 grad_norm=6.082 samples/s=73.80
[step 5690/30000] loss=2.8116 lr=2.812e-04 grad_norm=9.060 samples/s=73.82
[step 5700/30000] loss=2.4807 lr=2.812e-04 grad_norm=9.161 samples/s=73.82
[step 5710/30000] loss=3.2280 lr=2.811e-04 grad_norm=13.236 samples/s=73.83
[step 5720/30000] loss=3.4519 lr=2.810e-04 grad_norm=21.068 samples/s=73.81
[step 5730/30000] loss=2.7381 lr=2.809e-04 grad_norm=11.905 samples/s=73.83
[step 5740/30000] loss=3.3776 lr=2.809e-04 grad_norm=15.397 samples/s=73.80
[step 5750/30000] loss=2.4770 lr=2.808e-04 grad_norm=12.184 samples/s=73.82
[step 5760/30000] loss=3.0585 lr=2.807e-04 grad_norm=22.267 samples/s=73.81
[step 5770/30000] loss=2.5711 lr=2.806e-04 grad_norm=13.635 samples/s=73.81
[step 5780/30000] loss=2.8571 lr=2.805e-04 grad_norm=14.882 samples/s=73.79
[step 5790/30000] loss=2.6754 lr=2.805e-04 grad_norm=8.836 samples/s=73.82
[step 5800/30000] loss=2.5321 lr=2.804e-04 grad_norm=12.291 samples/s=73.80
[step 5810/30000] loss=2.2632 lr=2.803e-04 grad_norm=13.671 samples/s=73.83
[step 5820/30000] loss=2.5298 lr=2.802e-04 grad_norm=7.728 samples/s=73.82
[step 5830/30000] loss=2.7240 lr=2.801e-04 grad_norm=14.065 samples/s=73.82
[step 5840/30000] loss=3.0486 lr=2.801e-04 grad_norm=24.896 samples/s=73.84
[step 5850/30000] loss=2.9389 lr=2.800e-04 grad_norm=40.052 samples/s=73.86
[step 5860/30000] loss=2.5867 lr=2.799e-04 grad_norm=12.858 samples/s=73.84
[step 5870/30000] loss=2.6422 lr=2.798e-04 grad_norm=18.090 samples/s=73.84
[step 5880/30000] loss=2.3949 lr=2.797e-04 grad_norm=9.070 samples/s=73.83
[step 5890/30000] loss=3.4004 lr=2.797e-04 grad_norm=135.635 samples/s=73.85
[step 5900/30000] loss=2.9285 lr=2.796e-04 grad_norm=12.071 samples/s=73.83
[step 5910/30000] loss=2.3941 lr=2.795e-04 grad_norm=10.677 samples/s=73.86
[step 5920/30000] loss=2.7220 lr=2.794e-04 grad_norm=13.839 samples/s=73.85
[step 5930/30000] loss=2.5099 lr=2.793e-04 grad_norm=14.553 samples/s=73.86
[step 5940/30000] loss=2.0986 lr=2.792e-04 grad_norm=7.011 samples/s=73.85
[step 5950/30000] loss=2.7379 lr=2.792e-04 grad_norm=27.929 samples/s=73.86
[step 5960/30000] loss=2.5685 lr=2.791e-04 grad_norm=18.528 samples/s=73.85
[step 5970/30000] loss=2.7570 lr=2.790e-04 grad_norm=10.480 samples/s=73.86
[step 5980/30000] loss=2.7148 lr=2.789e-04 grad_norm=9.243 samples/s=73.85
[step 5990/30000] loss=3.1047 lr=2.788e-04 grad_norm=56.845 samples/s=73.88
[step 6000/30000] loss=2.6709 lr=2.788e-04 grad_norm=16.724 samples/s=73.90
[step 6010/30000] loss=2.5575 lr=2.787e-04 grad_norm=10.601 samples/s=73.94
[step 6020/30000] loss=2.5651 lr=2.786e-04 grad_norm=10.681 samples/s=73.97
[step 6030/30000] loss=2.3772 lr=2.785e-04 grad_norm=11.313 samples/s=74.01
[step 6040/30000] loss=3.1610 lr=2.784e-04 grad_norm=13.927 samples/s=74.04
[step 6050/30000] loss=2.1248 lr=2.783e-04 grad_norm=10.701 samples/s=74.09
[step 6060/30000] loss=3.4167 lr=2.783e-04 grad_norm=22.081 samples/s=74.12
[step 6070/30000] loss=2.9667 lr=2.782e-04 grad_norm=8.849 samples/s=74.17
[step 6080/30000] loss=2.3605 lr=2.781e-04 grad_norm=14.167 samples/s=74.21
[step 6090/30000] loss=2.8051 lr=2.780e-04 grad_norm=18.189 samples/s=74.25
[step 6100/30000] loss=2.8049 lr=2.779e-04 grad_norm=14.918 samples/s=74.25
[step 6110/30000] loss=3.0093 lr=2.778e-04 grad_norm=78.581 samples/s=74.27
[step 6120/30000] loss=3.7865 lr=2.777e-04 grad_norm=26.568 samples/s=74.24
[step 6130/30000] loss=2.8527 lr=2.777e-04 grad_norm=21.966 samples/s=74.25
[step 6140/30000] loss=2.3541 lr=2.776e-04 grad_norm=12.310 samples/s=74.23
[step 6150/30000] loss=3.1071 lr=2.775e-04 grad_norm=11.148 samples/s=74.25
[step 6160/30000] loss=3.2187 lr=2.774e-04 grad_norm=24.881 samples/s=74.24
[step 6170/30000] loss=2.4877 lr=2.773e-04 grad_norm=16.120 samples/s=74.24
[step 6180/30000] loss=3.0053 lr=2.772e-04 grad_norm=15.114 samples/s=74.26
[step 6190/30000] loss=2.7735 lr=2.771e-04 grad_norm=37.966 samples/s=74.24
[step 6200/30000] loss=3.1991 lr=2.771e-04 grad_norm=29.278 samples/s=74.25
[step 6210/30000] loss=2.6740 lr=2.770e-04 grad_norm=11.576 samples/s=74.24
[step 6220/30000] loss=3.4278 lr=2.769e-04 grad_norm=15.917 samples/s=74.24
[step 6230/30000] loss=2.2540 lr=2.768e-04 grad_norm=8.236 samples/s=74.22
[step 6240/30000] loss=2.7358 lr=2.767e-04 grad_norm=8.662 samples/s=74.24
[step 6250/30000] loss=3.2880 lr=2.766e-04 grad_norm=16.835 samples/s=74.23
[step 6260/30000] loss=3.5109 lr=2.765e-04 grad_norm=10.320 samples/s=74.25
[step 6270/30000] loss=2.6889 lr=2.765e-04 grad_norm=19.104 samples/s=74.23
[step 6280/30000] loss=2.8099 lr=2.764e-04 grad_norm=19.601 samples/s=74.24
[step 6290/30000] loss=2.2265 lr=2.763e-04 grad_norm=9.471 samples/s=74.20
[step 6300/30000] loss=2.6764 lr=2.762e-04 grad_norm=11.691 samples/s=74.21
[step 6310/30000] loss=2.6212 lr=2.761e-04 grad_norm=8.751 samples/s=74.19
[step 6320/30000] loss=2.4375 lr=2.760e-04 grad_norm=20.644 samples/s=74.21
[step 6330/30000] loss=2.7448 lr=2.759e-04 grad_norm=13.795 samples/s=74.20
[step 6340/30000] loss=2.7701 lr=2.758e-04 grad_norm=47.357 samples/s=74.21
[step 6350/30000] loss=2.2682 lr=2.758e-04 grad_norm=10.369 samples/s=74.17
[step 6360/30000] loss=2.3260 lr=2.757e-04 grad_norm=9.684 samples/s=74.21
[step 6370/30000] loss=2.6454 lr=2.756e-04 grad_norm=23.267 samples/s=74.22
[step 6380/30000] loss=2.4006 lr=2.755e-04 grad_norm=7.740 samples/s=74.24
[step 6390/30000] loss=3.0134 lr=2.754e-04 grad_norm=17.854 samples/s=74.23
[step 6400/30000] loss=3.2251 lr=2.753e-04 grad_norm=13.298 samples/s=74.26
[step 6410/30000] loss=3.0998 lr=2.752e-04 grad_norm=12.096 samples/s=74.23
[step 6420/30000] loss=1.9797 lr=2.751e-04 grad_norm=9.135 samples/s=74.25
[step 6430/30000] loss=2.7623 lr=2.750e-04 grad_norm=14.955 samples/s=74.23
[step 6440/30000] loss=2.7668 lr=2.750e-04 grad_norm=23.004 samples/s=74.25
[step 6450/30000] loss=2.1988 lr=2.749e-04 grad_norm=6.684 samples/s=74.25
[step 6460/30000] loss=2.4043 lr=2.748e-04 grad_norm=11.765 samples/s=74.27
[step 6470/30000] loss=2.2902 lr=2.747e-04 grad_norm=8.972 samples/s=74.24
[step 6480/30000] loss=3.7328 lr=2.746e-04 grad_norm=19.318 samples/s=74.25
[step 6490/30000] loss=2.7037 lr=2.745e-04 grad_norm=11.736 samples/s=74.26
[step 6500/30000] loss=3.1021 lr=2.744e-04 grad_norm=19.359 samples/s=74.27
[step 6510/30000] loss=2.4060 lr=2.743e-04 grad_norm=10.357 samples/s=74.26
[step 6520/30000] loss=2.3585 lr=2.742e-04 grad_norm=9.939 samples/s=74.28
[step 6530/30000] loss=2.5444 lr=2.741e-04 grad_norm=10.054 samples/s=74.25
[step 6540/30000] loss=2.8230 lr=2.741e-04 grad_norm=26.368 samples/s=74.27
[step 6550/30000] loss=2.8521 lr=2.740e-04 grad_norm=7.195 samples/s=74.25
[step 6560/30000] loss=3.7098 lr=2.739e-04 grad_norm=14.969 samples/s=74.26
[step 6570/30000] loss=2.8391 lr=2.738e-04 grad_norm=16.976 samples/s=74.24
[step 6580/30000] loss=2.5861 lr=2.737e-04 grad_norm=15.937 samples/s=74.27
[step 6590/30000] loss=2.4963 lr=2.736e-04 grad_norm=8.941 samples/s=74.25
[step 6600/30000] loss=2.5759 lr=2.735e-04 grad_norm=22.003 samples/s=74.27
[step 6610/30000] loss=3.0673 lr=2.734e-04 grad_norm=11.931 samples/s=74.25
[step 6620/30000] loss=2.5371 lr=2.733e-04 grad_norm=13.207 samples/s=74.27
[step 6630/30000] loss=2.9022 lr=2.732e-04 grad_norm=34.190 samples/s=74.26
[step 6640/30000] loss=2.5840 lr=2.731e-04 grad_norm=14.639 samples/s=74.24
[step 6650/30000] loss=2.8351 lr=2.731e-04 grad_norm=15.542 samples/s=74.23
[step 6660/30000] loss=2.9388 lr=2.730e-04 grad_norm=10.084 samples/s=74.22
[step 6670/30000] loss=3.0893 lr=2.729e-04 grad_norm=10.738 samples/s=74.24
[step 6680/30000] loss=2.4735 lr=2.728e-04 grad_norm=8.447 samples/s=74.24
[step 6690/30000] loss=3.2847 lr=2.727e-04 grad_norm=17.887 samples/s=74.23
[step 6700/30000] loss=3.2109 lr=2.726e-04 grad_norm=17.713 samples/s=74.24
[step 6710/30000] loss=2.9765 lr=2.725e-04 grad_norm=10.795 samples/s=74.22
[step 6720/30000] loss=2.3976 lr=2.724e-04 grad_norm=10.211 samples/s=74.22
[step 6730/30000] loss=2.6633 lr=2.723e-04 grad_norm=20.193 samples/s=74.21
[step 6740/30000] loss=3.0293 lr=2.722e-04 grad_norm=12.563 samples/s=74.22
[step 6750/30000] loss=2.6148 lr=2.721e-04 grad_norm=8.909 samples/s=74.21
[step 6760/30000] loss=3.2574 lr=2.720e-04 grad_norm=13.936 samples/s=74.21
[step 6770/30000] loss=2.1766 lr=2.719e-04 grad_norm=11.393 samples/s=74.19
[step 6780/30000] loss=3.4127 lr=2.718e-04 grad_norm=31.172 samples/s=74.21
[step 6790/30000] loss=2.8240 lr=2.717e-04 grad_norm=12.662 samples/s=74.20
[step 6800/30000] loss=2.2043 lr=2.716e-04 grad_norm=9.559 samples/s=74.21
[step 6810/30000] loss=2.4982 lr=2.716e-04 grad_norm=14.495 samples/s=74.19
[step 6820/30000] loss=2.8494 lr=2.715e-04 grad_norm=13.527 samples/s=74.21
[step 6830/30000] loss=3.5210 lr=2.714e-04 grad_norm=29.928 samples/s=74.21
[step 6840/30000] loss=3.3988 lr=2.713e-04 grad_norm=9.759 samples/s=74.22
[step 6850/30000] loss=2.7696 lr=2.712e-04 grad_norm=10.733 samples/s=74.20
[step 6860/30000] loss=2.7412 lr=2.711e-04 grad_norm=21.179 samples/s=74.18
[step 6870/30000] loss=2.7198 lr=2.710e-04 grad_norm=11.289 samples/s=74.19
[step 6880/30000] loss=3.3238 lr=2.709e-04 grad_norm=16.608 samples/s=74.21
[step 6890/30000] loss=2.8113 lr=2.708e-04 grad_norm=17.675 samples/s=74.21
[step 6900/30000] loss=2.4300 lr=2.707e-04 grad_norm=11.075 samples/s=74.22
[step 6910/30000] loss=3.3599 lr=2.706e-04 grad_norm=30.779 samples/s=74.20
[step 6920/30000] loss=3.0999 lr=2.705e-04 grad_norm=13.789 samples/s=74.21
[step 6930/30000] loss=2.8622 lr=2.704e-04 grad_norm=14.174 samples/s=74.18
[step 6940/30000] loss=2.7828 lr=2.703e-04 grad_norm=13.185 samples/s=74.17
[step 6950/30000] loss=3.1584 lr=2.702e-04 grad_norm=11.832 samples/s=74.16
[step 6960/30000] loss=2.5666 lr=2.701e-04 grad_norm=15.870 samples/s=74.17
[step 6970/30000] loss=2.5989 lr=2.700e-04 grad_norm=20.209 samples/s=74.16
[step 6980/30000] loss=2.2839 lr=2.699e-04 grad_norm=8.928 samples/s=74.17
[step 6990/30000] loss=2.7522 lr=2.698e-04 grad_norm=8.943 samples/s=74.17
[step 7000/30000] loss=3.0089 lr=2.697e-04 grad_norm=14.767 samples/s=74.18
[step 7010/30000] loss=2.8179 lr=2.696e-04 grad_norm=10.566 samples/s=74.16
[step 7020/30000] loss=3.3512 lr=2.695e-04 grad_norm=12.922 samples/s=74.17
[step 7030/30000] loss=2.3238 lr=2.694e-04 grad_norm=15.368 samples/s=74.14
[step 7040/30000] loss=4.0752 lr=2.693e-04 grad_norm=44.778 samples/s=74.16
[step 7050/30000] loss=3.1419 lr=2.692e-04 grad_norm=76.455 samples/s=74.13
[step 7060/30000] loss=2.1753 lr=2.691e-04 grad_norm=14.711 samples/s=74.13
[step 7070/30000] loss=2.3686 lr=2.690e-04 grad_norm=15.365 samples/s=74.10
[step 7080/30000] loss=2.7965 lr=2.689e-04 grad_norm=15.473 samples/s=74.10
[step 7090/30000] loss=3.0426 lr=2.688e-04 grad_norm=28.211 samples/s=74.10
[step 7100/30000] loss=2.6216 lr=2.687e-04 grad_norm=9.111 samples/s=74.11
[step 7110/30000] loss=2.5541 lr=2.687e-04 grad_norm=6.102 samples/s=74.11
[step 7120/30000] loss=2.4930 lr=2.686e-04 grad_norm=16.720 samples/s=74.12
[step 7130/30000] loss=2.5337 lr=2.685e-04 grad_norm=15.170 samples/s=74.12
[step 7140/30000] loss=3.0097 lr=2.684e-04 grad_norm=46.225 samples/s=74.12
[step 7150/30000] loss=2.2026 lr=2.683e-04 grad_norm=11.323 samples/s=74.11
[step 7160/30000] loss=3.0425 lr=2.682e-04 grad_norm=17.299 samples/s=74.13
[step 7170/30000] loss=2.7431 lr=2.681e-04 grad_norm=11.786 samples/s=74.11
[step 7180/30000] loss=2.6545 lr=2.680e-04 grad_norm=19.655 samples/s=74.12
[step 7190/30000] loss=2.9301 lr=2.679e-04 grad_norm=14.797 samples/s=74.09
[step 7200/30000] loss=2.5968 lr=2.678e-04 grad_norm=12.062 samples/s=74.08
[step 7210/30000] loss=3.1359 lr=2.677e-04 grad_norm=8.924 samples/s=74.06
[step 7220/30000] loss=2.7365 lr=2.676e-04 grad_norm=12.184 samples/s=74.09
[step 7230/30000] loss=2.7858 lr=2.675e-04 grad_norm=23.808 samples/s=74.09
[step 7240/30000] loss=2.7745 lr=2.674e-04 grad_norm=29.305 samples/s=74.11
[step 7250/30000] loss=2.5240 lr=2.673e-04 grad_norm=10.549 samples/s=74.10
[step 7260/30000] loss=2.7063 lr=2.672e-04 grad_norm=15.848 samples/s=74.11
[step 7270/30000] loss=2.2565 lr=2.671e-04 grad_norm=13.149 samples/s=74.10
[step 7280/30000] loss=3.0295 lr=2.670e-04 grad_norm=30.087 samples/s=74.11
[step 7290/30000] loss=2.5206 lr=2.668e-04 grad_norm=36.113 samples/s=74.10
[step 7300/30000] loss=2.3036 lr=2.667e-04 grad_norm=10.463 samples/s=74.12
[step 7310/30000] loss=2.9340 lr=2.666e-04 grad_norm=26.752 samples/s=74.11
[step 7320/30000] loss=2.8254 lr=2.665e-04 grad_norm=13.035 samples/s=74.12
[step 7330/30000] loss=2.6899 lr=2.664e-04 grad_norm=17.827 samples/s=74.12
[step 7340/30000] loss=2.9378 lr=2.663e-04 grad_norm=24.255 samples/s=74.12
[step 7350/30000] loss=2.3802 lr=2.662e-04 grad_norm=19.185 samples/s=74.11
[step 7360/30000] loss=2.1041 lr=2.661e-04 grad_norm=15.911 samples/s=74.13
[step 7370/30000] loss=3.2326 lr=2.660e-04 grad_norm=22.706 samples/s=74.12
[step 7380/30000] loss=3.0197 lr=2.659e-04 grad_norm=53.500 samples/s=74.12
[step 7390/30000] loss=3.7904 lr=2.658e-04 grad_norm=24.591 samples/s=74.13
[step 7400/30000] loss=2.9237 lr=2.657e-04 grad_norm=35.484 samples/s=74.09
[step 7410/30000] loss=3.9834 lr=2.656e-04 grad_norm=62.234 samples/s=74.10
[step 7420/30000] loss=3.4187 lr=2.655e-04 grad_norm=23.220 samples/s=74.09
[step 7430/30000] loss=3.2169 lr=2.654e-04 grad_norm=19.264 samples/s=74.10
[step 7440/30000] loss=3.4156 lr=2.653e-04 grad_norm=13.065 samples/s=74.10
[step 7450/30000] loss=2.4700 lr=2.652e-04 grad_norm=10.776 samples/s=74.12
[step 7460/30000] loss=2.5507 lr=2.651e-04 grad_norm=14.512 samples/s=74.13
[step 7470/30000] loss=3.6561 lr=2.650e-04 grad_norm=13.429 samples/s=74.14
[step 7480/30000] loss=2.7885 lr=2.649e-04 grad_norm=8.054 samples/s=74.15
[step 7490/30000] loss=3.4912 lr=2.648e-04 grad_norm=45.238 samples/s=74.12
[step 7500/30000] loss=2.9022 lr=2.647e-04 grad_norm=25.663 samples/s=74.13
[val step 7500] loss=2.612049733161926 m01={'mean': 0.41899295641658174, 'median': 0.41190098469317604, 'p95': 0.7194331673598234, 'tail_frac_gt4px': 8.239947264337508e-05, 'n_matched': 24272} m02={'12-16': 0.8594470046082949, '16-32': 0.9258037922506183, '32-64': 0.9453797712376302, '64-128': 0.9418243872168787} m04={'accuracy': 0.26565589980224125, 'by_octave': {'12-16': 0.271112600536193, '16-32': 0.2727388372980537, '32-64': 0.2607395323545405, '64-128': 0.25975951243617196}} diag={'gate3_alpha_mean': 0.3544333875179291, 'gate3_alpha_min': 0.02265167236328125, 'gate3_alpha_max': 0.978515625, 'gate3_alpha_std': 0.15848001837730408, 'gate3_alpha_p10': 0.16047516465187073, 'gate3_alpha_p50': 0.3333740234375, 'gate3_alpha_p90': 0.5888671875, 'block0_attn_entropy': 7.552156925201416, 'block1_attn_entropy': 7.17972993850708}
[step 7510/30000] loss=3.1371 lr=2.646e-04 grad_norm=27.206 samples/s=74.18
[step 7520/30000] loss=2.5727 lr=2.645e-04 grad_norm=18.194 samples/s=74.24
[step 7530/30000] loss=2.8853 lr=2.644e-04 grad_norm=17.644 samples/s=74.25
[step 7540/30000] loss=2.5832 lr=2.643e-04 grad_norm=13.548 samples/s=74.23
[step 7550/30000] loss=2.1918 lr=2.642e-04 grad_norm=6.886 samples/s=74.23
[step 7560/30000] loss=3.1415 lr=2.641e-04 grad_norm=11.669 samples/s=74.20
[step 7570/30000] loss=2.3852 lr=2.640e-04 grad_norm=11.822 samples/s=74.21
[step 7580/30000] loss=2.9873 lr=2.639e-04 grad_norm=18.178 samples/s=74.17
[step 7590/30000] loss=2.0575 lr=2.637e-04 grad_norm=13.442 samples/s=74.18
[step 7600/30000] loss=2.8278 lr=2.636e-04 grad_norm=16.203 samples/s=74.18
[step 7610/30000] loss=2.9841 lr=2.635e-04 grad_norm=11.010 samples/s=74.20
[step 7620/30000] loss=2.8560 lr=2.634e-04 grad_norm=10.743 samples/s=74.20
[step 7630/30000] loss=2.9418 lr=2.633e-04 grad_norm=12.666 samples/s=74.21
[step 7640/30000] loss=2.6349 lr=2.632e-04 grad_norm=12.070 samples/s=74.21
[step 7650/30000] loss=3.4265 lr=2.631e-04 grad_norm=44.059 samples/s=74.21
[step 7660/30000] loss=3.4468 lr=2.630e-04 grad_norm=21.543 samples/s=74.20
[step 7670/30000] loss=2.1319 lr=2.629e-04 grad_norm=10.769 samples/s=74.22
[step 7680/30000] loss=2.2787 lr=2.628e-04 grad_norm=24.404 samples/s=74.19
[step 7690/30000] loss=2.7509 lr=2.627e-04 grad_norm=9.139 samples/s=74.22
[step 7700/30000] loss=2.9816 lr=2.626e-04 grad_norm=33.348 samples/s=74.20
[step 7710/30000] loss=2.9483 lr=2.625e-04 grad_norm=29.120 samples/s=74.18
[step 7720/30000] loss=2.6048 lr=2.624e-04 grad_norm=13.201 samples/s=74.18
[step 7730/30000] loss=2.4142 lr=2.623e-04 grad_norm=14.848 samples/s=74.18
[step 7740/30000] loss=2.9457 lr=2.622e-04 grad_norm=36.768 samples/s=74.18
[step 7750/30000] loss=2.3022 lr=2.620e-04 grad_norm=16.414 samples/s=74.19
[step 7760/30000] loss=2.2592 lr=2.619e-04 grad_norm=9.915 samples/s=74.18
[step 7770/30000] loss=3.3781 lr=2.618e-04 grad_norm=7.198 samples/s=74.19
[step 7780/30000] loss=2.3109 lr=2.617e-04 grad_norm=11.530 samples/s=74.19
[step 7790/30000] loss=2.4163 lr=2.616e-04 grad_norm=18.873 samples/s=74.18
[step 7800/30000] loss=2.8288 lr=2.615e-04 grad_norm=17.899 samples/s=74.17
[step 7810/30000] loss=2.4031 lr=2.614e-04 grad_norm=8.693 samples/s=74.16
[step 7820/30000] loss=2.6387 lr=2.613e-04 grad_norm=10.921 samples/s=74.17
[step 7830/30000] loss=2.5412 lr=2.612e-04 grad_norm=14.374 samples/s=74.18
[step 7840/30000] loss=2.6465 lr=2.611e-04 grad_norm=13.763 samples/s=74.17
[step 7850/30000] loss=2.1300 lr=2.610e-04 grad_norm=9.480 samples/s=74.17
[step 7860/30000] loss=2.8529 lr=2.609e-04 grad_norm=17.084 samples/s=74.16
[step 7870/30000] loss=3.1981 lr=2.607e-04 grad_norm=12.992 samples/s=74.15
[step 7880/30000] loss=2.4731 lr=2.606e-04 grad_norm=14.036 samples/s=74.15
[step 7890/30000] loss=3.2213 lr=2.605e-04 grad_norm=43.204 samples/s=74.17
[step 7900/30000] loss=2.5221 lr=2.604e-04 grad_norm=16.940 samples/s=74.15
[step 7910/30000] loss=3.5090 lr=2.603e-04 grad_norm=35.256 samples/s=74.15
[step 7920/30000] loss=2.8836 lr=2.602e-04 grad_norm=16.682 samples/s=74.14
[step 7930/30000] loss=3.0695 lr=2.601e-04 grad_norm=16.109 samples/s=74.15
[step 7940/30000] loss=2.6976 lr=2.600e-04 grad_norm=15.283 samples/s=74.13
[step 7950/30000] loss=2.3455 lr=2.599e-04 grad_norm=10.852 samples/s=74.14
[step 7960/30000] loss=3.5186 lr=2.598e-04 grad_norm=23.304 samples/s=74.13
[step 7970/30000] loss=3.6447 lr=2.597e-04 grad_norm=24.753 samples/s=74.14
[step 7980/30000] loss=2.3974 lr=2.595e-04 grad_norm=10.964 samples/s=74.11
[step 7990/30000] loss=2.6527 lr=2.594e-04 grad_norm=18.474 samples/s=74.11
[step 8000/30000] loss=2.4297 lr=2.593e-04 grad_norm=7.423 samples/s=74.11
[step 8010/30000] loss=2.6767 lr=2.592e-04 grad_norm=14.238 samples/s=74.13
[step 8020/30000] loss=2.8274 lr=2.591e-04 grad_norm=17.772 samples/s=74.13
[step 8030/30000] loss=2.7210 lr=2.590e-04 grad_norm=10.336 samples/s=74.14
[step 8040/30000] loss=2.5806 lr=2.589e-04 grad_norm=9.219 samples/s=74.14
[step 8050/30000] loss=2.8511 lr=2.588e-04 grad_norm=13.281 samples/s=74.16
[step 8060/30000] loss=2.3666 lr=2.587e-04 grad_norm=18.958 samples/s=74.14
[step 8070/30000] loss=2.2653 lr=2.585e-04 grad_norm=7.361 samples/s=74.17
[step 8080/30000] loss=2.8386 lr=2.584e-04 grad_norm=33.688 samples/s=74.15
[step 8090/30000] loss=3.1681 lr=2.583e-04 grad_norm=31.116 samples/s=74.16
[step 8100/30000] loss=2.0876 lr=2.582e-04 grad_norm=10.808 samples/s=74.15
[step 8110/30000] loss=2.7364 lr=2.581e-04 grad_norm=9.393 samples/s=74.17
[step 8120/30000] loss=2.6836 lr=2.580e-04 grad_norm=12.318 samples/s=74.16
[step 8130/30000] loss=3.0939 lr=2.579e-04 grad_norm=11.169 samples/s=74.19
[step 8140/30000] loss=2.2654 lr=2.578e-04 grad_norm=9.996 samples/s=74.18
[step 8150/30000] loss=2.9024 lr=2.576e-04 grad_norm=21.838 samples/s=74.17
[step 8160/30000] loss=2.2668 lr=2.575e-04 grad_norm=8.698 samples/s=74.17
[step 8170/30000] loss=2.6067 lr=2.574e-04 grad_norm=9.373 samples/s=74.16
[step 8180/30000] loss=2.2519 lr=2.573e-04 grad_norm=9.297 samples/s=74.15
[step 8190/30000] loss=2.4088 lr=2.572e-04 grad_norm=10.239 samples/s=74.15
[step 8200/30000] loss=2.8243 lr=2.571e-04 grad_norm=19.852 samples/s=74.15
[step 8210/30000] loss=1.8941 lr=2.570e-04 grad_norm=8.173 samples/s=74.16
[step 8220/30000] loss=2.6411 lr=2.569e-04 grad_norm=18.920 samples/s=74.15
[step 8230/30000] loss=2.1715 lr=2.567e-04 grad_norm=15.214 samples/s=74.15
[step 8240/30000] loss=2.5478 lr=2.566e-04 grad_norm=8.107 samples/s=74.14
[step 8250/30000] loss=2.5621 lr=2.565e-04 grad_norm=13.481 samples/s=74.14
[step 8260/30000] loss=2.9135 lr=2.564e-04 grad_norm=8.707 samples/s=74.10
[step 8270/30000] loss=3.8486 lr=2.563e-04 grad_norm=23.832 samples/s=74.10
[step 8280/30000] loss=2.2553 lr=2.562e-04 grad_norm=11.159 samples/s=74.10
[step 8290/30000] loss=2.1004 lr=2.561e-04 grad_norm=9.856 samples/s=74.12
[step 8300/30000] loss=2.8367 lr=2.559e-04 grad_norm=102.069 samples/s=74.12
[step 8310/30000] loss=3.4837 lr=2.558e-04 grad_norm=50.853 samples/s=74.13
[step 8320/30000] loss=2.7405 lr=2.557e-04 grad_norm=16.488 samples/s=74.12
[step 8330/30000] loss=2.5234 lr=2.556e-04 grad_norm=18.333 samples/s=74.12
[step 8340/30000] loss=2.6560 lr=2.555e-04 grad_norm=25.964 samples/s=74.10
[step 8350/30000] loss=2.6187 lr=2.554e-04 grad_norm=8.455 samples/s=74.10
[step 8360/30000] loss=2.3735 lr=2.553e-04 grad_norm=10.881 samples/s=74.10
[step 8370/30000] loss=3.2108 lr=2.551e-04 grad_norm=24.760 samples/s=74.09
[step 8380/30000] loss=2.3177 lr=2.550e-04 grad_norm=8.744 samples/s=74.10
[step 8390/30000] loss=2.4679 lr=2.549e-04 grad_norm=8.755 samples/s=74.09
[step 8400/30000] loss=3.2428 lr=2.548e-04 grad_norm=24.516 samples/s=74.10
[step 8410/30000] loss=3.2108 lr=2.547e-04 grad_norm=54.135 samples/s=74.10
[step 8420/30000] loss=2.7631 lr=2.546e-04 grad_norm=29.775 samples/s=74.11
[step 8430/30000] loss=2.7538 lr=2.544e-04 grad_norm=14.439 samples/s=74.10
[step 8440/30000] loss=2.6970 lr=2.543e-04 grad_norm=27.128 samples/s=74.11
[step 8450/30000] loss=2.5664 lr=2.542e-04 grad_norm=25.809 samples/s=74.10
[step 8460/30000] loss=3.0177 lr=2.541e-04 grad_norm=11.203 samples/s=74.11
[step 8470/30000] loss=2.5020 lr=2.540e-04 grad_norm=13.742 samples/s=74.09
[step 8480/30000] loss=2.7544 lr=2.539e-04 grad_norm=10.744 samples/s=74.10
[step 8490/30000] loss=2.6878 lr=2.538e-04 grad_norm=25.768 samples/s=74.10
[step 8500/30000] loss=2.8631 lr=2.536e-04 grad_norm=25.826 samples/s=74.12
[step 8510/30000] loss=3.0043 lr=2.535e-04 grad_norm=20.177 samples/s=74.12
[step 8520/30000] loss=3.4541 lr=2.534e-04 grad_norm=24.029 samples/s=74.12
[step 8530/30000] loss=3.1790 lr=2.533e-04 grad_norm=22.443 samples/s=74.09
[step 8540/30000] loss=2.8111 lr=2.532e-04 grad_norm=11.032 samples/s=74.09
[step 8550/30000] loss=2.3557 lr=2.530e-04 grad_norm=13.960 samples/s=74.08
[step 8560/30000] loss=2.1248 lr=2.529e-04 grad_norm=15.094 samples/s=74.09
[step 8570/30000] loss=2.8284 lr=2.528e-04 grad_norm=24.270 samples/s=74.08
[step 8580/30000] loss=2.8398 lr=2.527e-04 grad_norm=17.861 samples/s=74.09
[step 8590/30000] loss=2.4589 lr=2.526e-04 grad_norm=11.338 samples/s=74.07
[step 8600/30000] loss=2.9478 lr=2.525e-04 grad_norm=35.122 samples/s=74.09
[step 8610/30000] loss=2.8257 lr=2.523e-04 grad_norm=12.073 samples/s=74.08
[step 8620/30000] loss=2.3145 lr=2.522e-04 grad_norm=12.267 samples/s=74.10
[step 8630/30000] loss=2.9307 lr=2.521e-04 grad_norm=9.570 samples/s=74.08
[step 8640/30000] loss=2.6948 lr=2.520e-04 grad_norm=21.474 samples/s=74.08
[step 8650/30000] loss=3.0953 lr=2.519e-04 grad_norm=22.538 samples/s=74.06
[step 8660/30000] loss=2.8234 lr=2.518e-04 grad_norm=22.488 samples/s=74.07
[step 8670/30000] loss=3.1979 lr=2.516e-04 grad_norm=14.290 samples/s=74.07
[step 8680/30000] loss=2.7211 lr=2.515e-04 grad_norm=10.874 samples/s=74.08
[step 8690/30000] loss=2.2045 lr=2.514e-04 grad_norm=7.116 samples/s=74.07
[step 8700/30000] loss=2.3319 lr=2.513e-04 grad_norm=11.556 samples/s=74.08
[step 8710/30000] loss=3.5672 lr=2.512e-04 grad_norm=27.804 samples/s=74.07
[step 8720/30000] loss=2.4470 lr=2.510e-04 grad_norm=5.709 samples/s=74.07
[step 8730/30000] loss=2.5330 lr=2.509e-04 grad_norm=7.753 samples/s=74.06
[step 8740/30000] loss=3.2154 lr=2.508e-04 grad_norm=20.448 samples/s=74.07
[step 8750/30000] loss=3.6603 lr=2.507e-04 grad_norm=80.432 samples/s=74.07
[step 8760/30000] loss=2.1771 lr=2.506e-04 grad_norm=12.771 samples/s=74.07
[step 8770/30000] loss=2.8583 lr=2.504e-04 grad_norm=13.154 samples/s=74.05
[step 8780/30000] loss=3.7818 lr=2.503e-04 grad_norm=24.903 samples/s=74.05
[step 8790/30000] loss=2.9671 lr=2.502e-04 grad_norm=21.130 samples/s=74.03
[step 8800/30000] loss=2.6862 lr=2.501e-04 grad_norm=10.044 samples/s=74.04
[step 8810/30000] loss=2.9022 lr=2.500e-04 grad_norm=13.530 samples/s=74.02
[step 8820/30000] loss=2.9366 lr=2.498e-04 grad_norm=13.202 samples/s=74.02
[step 8830/30000] loss=2.9971 lr=2.497e-04 grad_norm=10.482 samples/s=74.01
[step 8840/30000] loss=2.7416 lr=2.496e-04 grad_norm=9.345 samples/s=74.03
[step 8850/30000] loss=3.0226 lr=2.495e-04 grad_norm=11.241 samples/s=74.01
[step 8860/30000] loss=2.7034 lr=2.494e-04 grad_norm=14.085 samples/s=74.03
[step 8870/30000] loss=2.5749 lr=2.492e-04 grad_norm=16.667 samples/s=74.02
[step 8880/30000] loss=2.6114 lr=2.491e-04 grad_norm=18.192 samples/s=74.02
[step 8890/30000] loss=2.6993 lr=2.490e-04 grad_norm=22.019 samples/s=74.01
[step 8900/30000] loss=2.3550 lr=2.489e-04 grad_norm=11.464 samples/s=74.01
[step 8910/30000] loss=2.3383 lr=2.487e-04 grad_norm=21.343 samples/s=74.01
[step 8920/30000] loss=3.0644 lr=2.486e-04 grad_norm=28.149 samples/s=74.02
[step 8930/30000] loss=2.9857 lr=2.485e-04 grad_norm=17.917 samples/s=74.01
[step 8940/30000] loss=2.1792 lr=2.484e-04 grad_norm=8.201 samples/s=74.01
[step 8950/30000] loss=2.8848 lr=2.483e-04 grad_norm=13.366 samples/s=74.00
[step 8960/30000] loss=2.1540 lr=2.481e-04 grad_norm=7.966 samples/s=74.00
[step 8970/30000] loss=1.8566 lr=2.480e-04 grad_norm=7.637 samples/s=73.99
[step 8980/30000] loss=2.2586 lr=2.479e-04 grad_norm=7.524 samples/s=74.00
[step 8990/30000] loss=2.7098 lr=2.478e-04 grad_norm=18.241 samples/s=73.98
[step 9000/30000] loss=2.4165 lr=2.476e-04 grad_norm=7.901 samples/s=73.99
[step 9010/30000] loss=2.8949 lr=2.475e-04 grad_norm=10.472 samples/s=73.97
[step 9020/30000] loss=3.4637 lr=2.474e-04 grad_norm=26.101 samples/s=74.00
[step 9030/30000] loss=2.7008 lr=2.473e-04 grad_norm=18.449 samples/s=73.99
[step 9040/30000] loss=3.0386 lr=2.472e-04 grad_norm=11.465 samples/s=73.99
[step 9050/30000] loss=2.1690 lr=2.470e-04 grad_norm=10.741 samples/s=73.98
[step 9060/30000] loss=2.7511 lr=2.469e-04 grad_norm=12.855 samples/s=73.98
[step 9070/30000] loss=2.8772 lr=2.468e-04 grad_norm=13.316 samples/s=73.96
[step 9080/30000] loss=2.8532 lr=2.467e-04 grad_norm=12.227 samples/s=73.95
[step 9090/30000] loss=2.1555 lr=2.465e-04 grad_norm=8.205 samples/s=73.94
[step 9100/30000] loss=2.3491 lr=2.464e-04 grad_norm=10.319 samples/s=73.94
[step 9110/30000] loss=2.8915 lr=2.463e-04 grad_norm=17.688 samples/s=73.95
[step 9120/30000] loss=2.2953 lr=2.462e-04 grad_norm=10.461 samples/s=73.96
[step 9130/30000] loss=2.3714 lr=2.460e-04 grad_norm=7.285 samples/s=73.94
[step 9140/30000] loss=2.8306 lr=2.459e-04 grad_norm=10.123 samples/s=73.95
[step 9150/30000] loss=2.3972 lr=2.458e-04 grad_norm=13.162 samples/s=73.93
[step 9160/30000] loss=2.6581 lr=2.457e-04 grad_norm=15.038 samples/s=73.94
[step 9170/30000] loss=2.9240 lr=2.455e-04 grad_norm=85.705 samples/s=73.93
[step 9180/30000] loss=3.0775 lr=2.454e-04 grad_norm=94.976 samples/s=73.93
[step 9190/30000] loss=2.4402 lr=2.453e-04 grad_norm=11.554 samples/s=73.93
[step 9200/30000] loss=3.2377 lr=2.452e-04 grad_norm=15.640 samples/s=73.94
[step 9210/30000] loss=2.3917 lr=2.450e-04 grad_norm=10.450 samples/s=73.91
[step 9220/30000] loss=2.8164 lr=2.449e-04 grad_norm=9.767 samples/s=73.91
[step 9230/30000] loss=3.0994 lr=2.448e-04 grad_norm=18.554 samples/s=73.91
[step 9240/30000] loss=2.4187 lr=2.447e-04 grad_norm=16.259 samples/s=73.92
[step 9250/30000] loss=2.8435 lr=2.445e-04 grad_norm=22.584 samples/s=73.91
[step 9260/30000] loss=2.3131 lr=2.444e-04 grad_norm=12.968 samples/s=73.91
[step 9270/30000] loss=2.7514 lr=2.443e-04 grad_norm=9.883 samples/s=73.89
[step 9280/30000] loss=2.1964 lr=2.442e-04 grad_norm=8.680 samples/s=73.90
[step 9290/30000] loss=3.2965 lr=2.440e-04 grad_norm=13.315 samples/s=73.89
[step 9300/30000] loss=2.2093 lr=2.439e-04 grad_norm=14.462 samples/s=73.91
[step 9310/30000] loss=2.6836 lr=2.438e-04 grad_norm=13.837 samples/s=73.91
[step 9320/30000] loss=2.4535 lr=2.437e-04 grad_norm=19.800 samples/s=73.92
[step 9330/30000] loss=2.6162 lr=2.435e-04 grad_norm=19.745 samples/s=73.91
[step 9340/30000] loss=2.4651 lr=2.434e-04 grad_norm=11.928 samples/s=73.93
[step 9350/30000] loss=2.5325 lr=2.433e-04 grad_norm=7.404 samples/s=73.89
[step 9360/30000] loss=3.0318 lr=2.432e-04 grad_norm=13.943 samples/s=73.89
[step 9370/30000] loss=2.4262 lr=2.430e-04 grad_norm=16.393 samples/s=73.89
[step 9380/30000] loss=2.2871 lr=2.429e-04 grad_norm=9.002 samples/s=73.90
[step 9390/30000] loss=2.8078 lr=2.428e-04 grad_norm=8.877 samples/s=73.89
[step 9400/30000] loss=3.1194 lr=2.427e-04 grad_norm=24.085 samples/s=73.91
[step 9410/30000] loss=2.4365 lr=2.425e-04 grad_norm=10.429 samples/s=73.90
[step 9420/30000] loss=2.1134 lr=2.424e-04 grad_norm=11.103 samples/s=73.89
[step 9430/30000] loss=2.7776 lr=2.423e-04 grad_norm=11.946 samples/s=73.88
[step 9440/30000] loss=2.2372 lr=2.421e-04 grad_norm=9.794 samples/s=73.89
[step 9450/30000] loss=2.7150 lr=2.420e-04 grad_norm=11.967 samples/s=73.87
[step 9460/30000] loss=2.6105 lr=2.419e-04 grad_norm=8.775 samples/s=73.88
[step 9470/30000] loss=2.4198 lr=2.418e-04 grad_norm=19.539 samples/s=73.87
[step 9480/30000] loss=2.2256 lr=2.416e-04 grad_norm=7.919 samples/s=73.87
[step 9490/30000] loss=2.9374 lr=2.415e-04 grad_norm=15.267 samples/s=73.87
[step 9500/30000] loss=3.1617 lr=2.414e-04 grad_norm=38.204 samples/s=73.89
[step 9510/30000] loss=2.5547 lr=2.413e-04 grad_norm=15.575 samples/s=73.88
[step 9520/30000] loss=2.4620 lr=2.411e-04 grad_norm=9.991 samples/s=73.88
[step 9530/30000] loss=2.6479 lr=2.410e-04 grad_norm=12.110 samples/s=73.87
[step 9540/30000] loss=3.2495 lr=2.409e-04 grad_norm=11.399 samples/s=73.88
[step 9550/30000] loss=2.2434 lr=2.407e-04 grad_norm=7.960 samples/s=73.87
[step 9560/30000] loss=3.0191 lr=2.406e-04 grad_norm=17.581 samples/s=73.89
[step 9570/30000] loss=2.5199 lr=2.405e-04 grad_norm=11.351 samples/s=73.88
[step 9580/30000] loss=2.6539 lr=2.404e-04 grad_norm=10.183 samples/s=73.89
[step 9590/30000] loss=1.9551 lr=2.402e-04 grad_norm=6.706 samples/s=73.88
[step 9600/30000] loss=2.5979 lr=2.401e-04 grad_norm=9.595 samples/s=73.89
[step 9610/30000] loss=2.4146 lr=2.400e-04 grad_norm=20.907 samples/s=73.88
[step 9620/30000] loss=2.0091 lr=2.398e-04 grad_norm=14.566 samples/s=73.89
[step 9630/30000] loss=2.8071 lr=2.397e-04 grad_norm=15.020 samples/s=73.87
[step 9640/30000] loss=2.6334 lr=2.396e-04 grad_norm=12.427 samples/s=73.89
[step 9650/30000] loss=2.1132 lr=2.394e-04 grad_norm=11.041 samples/s=73.88
[step 9660/30000] loss=2.1806 lr=2.393e-04 grad_norm=16.167 samples/s=73.89
[step 9670/30000] loss=3.6981 lr=2.392e-04 grad_norm=44.755 samples/s=73.87
[step 9680/30000] loss=2.4068 lr=2.391e-04 grad_norm=7.802 samples/s=73.88
[step 9690/30000] loss=2.5325 lr=2.389e-04 grad_norm=27.200 samples/s=73.87
[step 9700/30000] loss=2.5148 lr=2.388e-04 grad_norm=16.427 samples/s=73.88
[step 9710/30000] loss=2.1942 lr=2.387e-04 grad_norm=12.673 samples/s=73.88
[step 9720/30000] loss=3.1491 lr=2.385e-04 grad_norm=21.600 samples/s=73.88
[step 9730/30000] loss=2.0557 lr=2.384e-04 grad_norm=14.535 samples/s=73.88
[step 9740/30000] loss=3.2007 lr=2.383e-04 grad_norm=16.623 samples/s=73.89
[step 9750/30000] loss=3.6423 lr=2.381e-04 grad_norm=58.701 samples/s=73.88
[step 9760/30000] loss=2.4993 lr=2.380e-04 grad_norm=20.120 samples/s=73.88
[step 9770/30000] loss=3.6547 lr=2.379e-04 grad_norm=94.451 samples/s=73.88
[step 9780/30000] loss=2.7483 lr=2.378e-04 grad_norm=14.502 samples/s=73.89
[step 9790/30000] loss=2.6637 lr=2.376e-04 grad_norm=10.774 samples/s=73.88
[step 9800/30000] loss=2.9361 lr=2.375e-04 grad_norm=10.491 samples/s=73.89
[step 9810/30000] loss=3.9624 lr=2.374e-04 grad_norm=40.597 samples/s=73.89
[step 9820/30000] loss=3.4082 lr=2.372e-04 grad_norm=16.998 samples/s=73.89
[step 9830/30000] loss=3.4531 lr=2.371e-04 grad_norm=13.372 samples/s=73.89
[step 9840/30000] loss=2.4488 lr=2.370e-04 grad_norm=14.025 samples/s=73.90
[step 9850/30000] loss=2.5194 lr=2.368e-04 grad_norm=10.774 samples/s=73.89
[step 9860/30000] loss=2.7030 lr=2.367e-04 grad_norm=15.811 samples/s=73.90
[step 9870/30000] loss=2.0716 lr=2.366e-04 grad_norm=15.611 samples/s=73.90
[step 9880/30000] loss=3.5055 lr=2.364e-04 grad_norm=31.854 samples/s=73.91
[step 9890/30000] loss=2.8282 lr=2.363e-04 grad_norm=18.997 samples/s=73.90
[step 9900/30000] loss=2.3915 lr=2.362e-04 grad_norm=10.406 samples/s=73.89
[step 9910/30000] loss=2.4899 lr=2.360e-04 grad_norm=9.449 samples/s=73.86
[step 9920/30000] loss=2.2507 lr=2.359e-04 grad_norm=14.197 samples/s=73.85
[step 9930/30000] loss=3.7081 lr=2.358e-04 grad_norm=12.019 samples/s=73.85
[step 9940/30000] loss=2.7697 lr=2.356e-04 grad_norm=7.505 samples/s=73.86
[step 9950/30000] loss=2.6809 lr=2.355e-04 grad_norm=8.495 samples/s=73.85
[step 9960/30000] loss=2.4497 lr=2.354e-04 grad_norm=10.435 samples/s=73.86
[step 9970/30000] loss=2.5213 lr=2.352e-04 grad_norm=10.065 samples/s=73.85
[step 9980/30000] loss=2.6893 lr=2.351e-04 grad_norm=13.210 samples/s=73.85
[step 9990/30000] loss=3.0065 lr=2.350e-04 grad_norm=39.077 samples/s=73.84
[step 10000/30000] loss=2.4370 lr=2.348e-04 grad_norm=6.348 samples/s=73.85
[val step 10000] loss=2.494657190322876 m01={'mean': 0.41710604103595716, 'median': 0.4112389717746604, 'p95': 0.7100315145775418, 'tail_frac_gt4px': 0.00012253900825095988, 'n_matched': 24482} m02={'12-16': 0.8758640552995391, '16-32': 0.9355788481922035, '32-64': 0.949877907723943, '64-128': 0.9472541110766367} m04={'accuracy': 0.2698717425046973, 'by_octave': {'12-16': 0.2703058204537981, '16-32': 0.27895266868076535, '32-64': 0.2692463807333243, '64-128': 0.25859810022928265}} diag={'gate3_alpha_mean': 0.38301482796669006, 'gate3_alpha_min': 0.019092559814453125, 'gate3_alpha_max': 0.97509765625, 'gate3_alpha_std': 0.1862918734550476, 'gate3_alpha_p10': 0.1534423828125, 'gate3_alpha_p50': 0.357177734375, 'gate3_alpha_p90': 0.663818359375, 'block0_attn_entropy': 7.44504976272583, 'block1_attn_entropy': 7.117250919342041}
[step 10010/30000] loss=2.0014 lr=2.347e-04 grad_norm=10.936 samples/s=73.88
[step 10020/30000] loss=2.2174 lr=2.346e-04 grad_norm=7.877 samples/s=73.92
[step 10030/30000] loss=2.4353 lr=2.344e-04 grad_norm=9.939 samples/s=73.94
[step 10040/30000] loss=2.3861 lr=2.343e-04 grad_norm=12.028 samples/s=73.93
[step 10050/30000] loss=2.7142 lr=2.342e-04 grad_norm=20.753 samples/s=73.92
[step 10060/30000] loss=2.5115 lr=2.340e-04 grad_norm=13.166 samples/s=73.91
[step 10070/30000] loss=3.1401 lr=2.339e-04 grad_norm=34.950 samples/s=73.91
[step 10080/30000] loss=2.6090 lr=2.338e-04 grad_norm=11.954 samples/s=73.90
[step 10090/30000] loss=2.2633 lr=2.336e-04 grad_norm=21.308 samples/s=73.91
[step 10100/30000] loss=2.4724 lr=2.335e-04 grad_norm=11.874 samples/s=73.91
[step 10110/30000] loss=2.3964 lr=2.334e-04 grad_norm=15.522 samples/s=73.92
[step 10120/30000] loss=3.1267 lr=2.332e-04 grad_norm=7.472 samples/s=73.88
[step 10130/30000] loss=2.0083 lr=2.331e-04 grad_norm=7.932 samples/s=73.90
[step 10140/30000] loss=2.7116 lr=2.330e-04 grad_norm=22.182 samples/s=73.90
[step 10150/30000] loss=2.9244 lr=2.328e-04 grad_norm=17.026 samples/s=73.91
[step 10160/30000] loss=2.4931 lr=2.327e-04 grad_norm=9.243 samples/s=73.90
[step 10170/30000] loss=2.9442 lr=2.326e-04 grad_norm=9.912 samples/s=73.91
[step 10180/30000] loss=3.1081 lr=2.324e-04 grad_norm=15.949 samples/s=73.90
[step 10190/30000] loss=3.0786 lr=2.323e-04 grad_norm=13.390 samples/s=73.91
[step 10200/30000] loss=2.7530 lr=2.322e-04 grad_norm=11.890 samples/s=73.90
[step 10210/30000] loss=2.1517 lr=2.320e-04 grad_norm=14.062 samples/s=73.90
[step 10220/30000] loss=2.3240 lr=2.319e-04 grad_norm=17.195 samples/s=73.89
[step 10230/30000] loss=2.7204 lr=2.318e-04 grad_norm=9.133 samples/s=73.89
[step 10240/30000] loss=2.7851 lr=2.316e-04 grad_norm=21.898 samples/s=73.90
[step 10250/30000] loss=2.8341 lr=2.315e-04 grad_norm=17.442 samples/s=73.91
[step 10260/30000] loss=2.5027 lr=2.314e-04 grad_norm=18.622 samples/s=73.91
[step 10270/30000] loss=2.7728 lr=2.312e-04 grad_norm=9.897 samples/s=73.90
[step 10280/30000] loss=2.4627 lr=2.311e-04 grad_norm=9.034 samples/s=73.90
[step 10290/30000] loss=2.3075 lr=2.309e-04 grad_norm=17.547 samples/s=73.90
[step 10300/30000] loss=3.2204 lr=2.308e-04 grad_norm=20.981 samples/s=73.89
[step 10310/30000] loss=2.4597 lr=2.307e-04 grad_norm=12.402 samples/s=73.89
[step 10320/30000] loss=2.2621 lr=2.305e-04 grad_norm=23.689 samples/s=73.88
[step 10330/30000] loss=2.2359 lr=2.304e-04 grad_norm=9.973 samples/s=73.89
[step 10340/30000] loss=3.1866 lr=2.303e-04 grad_norm=17.692 samples/s=73.88
[step 10350/30000] loss=2.8042 lr=2.301e-04 grad_norm=11.867 samples/s=73.89
[step 10360/30000] loss=2.5490 lr=2.300e-04 grad_norm=11.668 samples/s=73.89
[step 10370/30000] loss=2.8399 lr=2.299e-04 grad_norm=14.977 samples/s=73.90
[step 10380/30000] loss=2.5311 lr=2.297e-04 grad_norm=12.795 samples/s=73.89
[step 10390/30000] loss=2.6810 lr=2.296e-04 grad_norm=26.855 samples/s=73.90
[step 10400/30000] loss=2.6106 lr=2.294e-04 grad_norm=11.611 samples/s=73.88
[step 10410/30000] loss=2.3264 lr=2.293e-04 grad_norm=11.390 samples/s=73.89
[step 10420/30000] loss=1.8755 lr=2.292e-04 grad_norm=8.167 samples/s=73.88
[step 10430/30000] loss=1.8769 lr=2.290e-04 grad_norm=8.286 samples/s=73.89
[step 10440/30000] loss=2.4110 lr=2.289e-04 grad_norm=14.019 samples/s=73.88
[step 10450/30000] loss=2.8243 lr=2.288e-04 grad_norm=8.003 samples/s=73.89
[step 10460/30000] loss=2.2318 lr=2.286e-04 grad_norm=19.820 samples/s=73.87
[step 10470/30000] loss=2.8163 lr=2.285e-04 grad_norm=10.835 samples/s=73.88
[step 10480/30000] loss=3.4073 lr=2.283e-04 grad_norm=25.672 samples/s=73.88
[step 10490/30000] loss=2.7257 lr=2.282e-04 grad_norm=32.107 samples/s=73.89
[step 10500/30000] loss=2.2939 lr=2.281e-04 grad_norm=16.523 samples/s=73.87
[step 10510/30000] loss=2.7953 lr=2.279e-04 grad_norm=12.882 samples/s=73.88
[step 10520/30000] loss=2.4432 lr=2.278e-04 grad_norm=10.020 samples/s=73.87
[step 10530/30000] loss=2.0472 lr=2.277e-04 grad_norm=10.632 samples/s=73.87
[step 10540/30000] loss=2.7255 lr=2.275e-04 grad_norm=13.686 samples/s=73.88
[step 10550/30000] loss=2.4005 lr=2.274e-04 grad_norm=13.053 samples/s=73.89
[step 10560/30000] loss=2.9611 lr=2.272e-04 grad_norm=49.993 samples/s=73.88
[step 10570/30000] loss=4.0186 lr=2.271e-04 grad_norm=37.917 samples/s=73.89
[step 10580/30000] loss=2.2677 lr=2.270e-04 grad_norm=12.081 samples/s=73.88
[step 10590/30000] loss=2.3668 lr=2.268e-04 grad_norm=13.959 samples/s=73.90
[step 10600/30000] loss=2.5575 lr=2.267e-04 grad_norm=13.664 samples/s=73.89
[step 10610/30000] loss=2.7931 lr=2.266e-04 grad_norm=10.598 samples/s=73.89
[step 10620/30000] loss=3.2232 lr=2.264e-04 grad_norm=13.873 samples/s=73.88
[step 10630/30000] loss=2.9235 lr=2.263e-04 grad_norm=19.502 samples/s=73.88
[step 10640/30000] loss=2.3535 lr=2.261e-04 grad_norm=11.314 samples/s=73.89
[step 10650/30000] loss=2.4581 lr=2.260e-04 grad_norm=13.959 samples/s=73.90
[step 10660/30000] loss=2.9430 lr=2.259e-04 grad_norm=12.936 samples/s=73.89
[step 10670/30000] loss=2.4232 lr=2.257e-04 grad_norm=9.040 samples/s=73.90
[step 10680/30000] loss=2.4710 lr=2.256e-04 grad_norm=11.917 samples/s=73.88
[step 10690/30000] loss=2.0459 lr=2.254e-04 grad_norm=9.299 samples/s=73.86
[step 10700/30000] loss=2.6353 lr=2.253e-04 grad_norm=20.966 samples/s=73.87
[step 10710/30000] loss=2.1557 lr=2.252e-04 grad_norm=13.009 samples/s=73.87
[step 10720/30000] loss=1.9521 lr=2.250e-04 grad_norm=7.859 samples/s=73.88
[step 10730/30000] loss=2.8020 lr=2.249e-04 grad_norm=13.410 samples/s=73.88
[step 10740/30000] loss=2.2377 lr=2.247e-04 grad_norm=13.343 samples/s=73.89
[step 10750/30000] loss=2.3503 lr=2.246e-04 grad_norm=7.368 samples/s=73.87
[step 10760/30000] loss=2.4845 lr=2.245e-04 grad_norm=16.022 samples/s=73.88
[step 10770/30000] loss=2.3183 lr=2.243e-04 grad_norm=7.190 samples/s=73.88
[step 10780/30000] loss=2.4487 lr=2.242e-04 grad_norm=13.004 samples/s=73.89
[step 10790/30000] loss=3.1225 lr=2.240e-04 grad_norm=10.427 samples/s=73.88
[step 10800/30000] loss=2.3676 lr=2.239e-04 grad_norm=10.062 samples/s=73.89
[step 10810/30000] loss=2.6234 lr=2.238e-04 grad_norm=10.151 samples/s=73.88
[step 10820/30000] loss=2.3627 lr=2.236e-04 grad_norm=10.533 samples/s=73.88
[step 10830/30000] loss=3.0640 lr=2.235e-04 grad_norm=23.823 samples/s=73.89
[step 10840/30000] loss=2.4358 lr=2.233e-04 grad_norm=14.879 samples/s=73.90
[step 10850/30000] loss=2.7649 lr=2.232e-04 grad_norm=14.183 samples/s=73.89
[step 10860/30000] loss=2.8561 lr=2.231e-04 grad_norm=13.450 samples/s=73.89
[step 10870/30000] loss=2.4135 lr=2.229e-04 grad_norm=12.290 samples/s=73.88
[step 10880/30000] loss=2.5989 lr=2.228e-04 grad_norm=13.243 samples/s=73.88
[step 10890/30000] loss=2.5385 lr=2.226e-04 grad_norm=10.583 samples/s=73.88
[step 10900/30000] loss=2.4523 lr=2.225e-04 grad_norm=17.065 samples/s=73.89
[step 10910/30000] loss=2.8335 lr=2.223e-04 grad_norm=10.999 samples/s=73.87
[step 10920/30000] loss=3.2139 lr=2.222e-04 grad_norm=34.934 samples/s=73.88
[step 10930/30000] loss=2.2600 lr=2.221e-04 grad_norm=12.739 samples/s=73.88
[step 10940/30000] loss=2.5297 lr=2.219e-04 grad_norm=9.453 samples/s=73.90
[step 10950/30000] loss=3.3419 lr=2.218e-04 grad_norm=8.768 samples/s=73.89
[step 10960/30000] loss=2.6752 lr=2.216e-04 grad_norm=13.995 samples/s=73.89
[step 10970/30000] loss=2.7977 lr=2.215e-04 grad_norm=14.046 samples/s=73.87
[step 10980/30000] loss=2.6751 lr=2.214e-04 grad_norm=14.038 samples/s=73.88
[step 10990/30000] loss=2.4445 lr=2.212e-04 grad_norm=9.395 samples/s=73.88
[step 11000/30000] loss=3.0489 lr=2.211e-04 grad_norm=21.893 samples/s=73.87
[step 11010/30000] loss=3.0086 lr=2.209e-04 grad_norm=15.698 samples/s=73.87
[step 11020/30000] loss=3.2508 lr=2.208e-04 grad_norm=21.638 samples/s=73.88
[step 11030/30000] loss=2.5980 lr=2.206e-04 grad_norm=22.323 samples/s=73.87
[step 11040/30000] loss=2.2654 lr=2.205e-04 grad_norm=12.239 samples/s=73.88
[step 11050/30000] loss=2.6972 lr=2.204e-04 grad_norm=39.437 samples/s=73.87
[step 11060/30000] loss=3.4594 lr=2.202e-04 grad_norm=8.040 samples/s=73.88
[step 11070/30000] loss=3.2353 lr=2.201e-04 grad_norm=13.505 samples/s=73.87
[step 11080/30000] loss=2.8642 lr=2.199e-04 grad_norm=10.385 samples/s=73.88
[step 11090/30000] loss=2.1674 lr=2.198e-04 grad_norm=17.768 samples/s=73.86
[step 11100/30000] loss=2.6128 lr=2.196e-04 grad_norm=17.253 samples/s=73.86
[step 11110/30000] loss=2.8578 lr=2.195e-04 grad_norm=11.609 samples/s=73.86
[step 11120/30000] loss=2.2527 lr=2.194e-04 grad_norm=14.332 samples/s=73.87
[step 11130/30000] loss=2.3882 lr=2.192e-04 grad_norm=8.977 samples/s=73.86
[step 11140/30000] loss=2.1928 lr=2.191e-04 grad_norm=9.079 samples/s=73.87
[step 11150/30000] loss=2.1250 lr=2.189e-04 grad_norm=7.595 samples/s=73.85
[step 11160/30000] loss=2.9010 lr=2.188e-04 grad_norm=15.876 samples/s=73.87
[step 11170/30000] loss=2.9355 lr=2.186e-04 grad_norm=37.612 samples/s=73.86
[step 11180/30000] loss=2.1673 lr=2.185e-04 grad_norm=7.797 samples/s=73.87
[step 11190/30000] loss=2.5656 lr=2.184e-04 grad_norm=21.371 samples/s=73.86
[step 11200/30000] loss=2.5998 lr=2.182e-04 grad_norm=9.875 samples/s=73.87
[step 11210/30000] loss=2.8770 lr=2.181e-04 grad_norm=13.436 samples/s=73.87
[step 11220/30000] loss=3.0372 lr=2.179e-04 grad_norm=9.312 samples/s=73.88
[step 11230/30000] loss=2.6548 lr=2.178e-04 grad_norm=10.904 samples/s=73.86
[step 11240/30000] loss=2.9110 lr=2.176e-04 grad_norm=12.250 samples/s=73.86
[step 11250/30000] loss=3.1786 lr=2.175e-04 grad_norm=7.392 samples/s=73.85
[step 11260/30000] loss=3.0005 lr=2.174e-04 grad_norm=20.877 samples/s=73.85
[step 11270/30000] loss=3.1433 lr=2.172e-04 grad_norm=21.237 samples/s=73.86
[step 11280/30000] loss=3.0004 lr=2.171e-04 grad_norm=12.396 samples/s=73.87
[step 11290/30000] loss=2.9785 lr=2.169e-04 grad_norm=25.154 samples/s=73.86
[step 11300/30000] loss=2.7881 lr=2.168e-04 grad_norm=19.880 samples/s=73.88
[step 11310/30000] loss=2.6936 lr=2.166e-04 grad_norm=15.108 samples/s=73.87
[step 11320/30000] loss=2.5874 lr=2.165e-04 grad_norm=19.565 samples/s=73.88
[step 11330/30000] loss=2.7156 lr=2.163e-04 grad_norm=19.733 samples/s=73.88
[step 11340/30000] loss=2.5518 lr=2.162e-04 grad_norm=22.676 samples/s=73.88
[step 11350/30000] loss=2.2073 lr=2.160e-04 grad_norm=10.403 samples/s=73.88
[step 11360/30000] loss=2.4734 lr=2.159e-04 grad_norm=19.762 samples/s=73.89
[step 11370/30000] loss=2.8027 lr=2.158e-04 grad_norm=21.771 samples/s=73.88
[step 11380/30000] loss=2.4392 lr=2.156e-04 grad_norm=11.885 samples/s=73.88
[step 11390/30000] loss=2.2110 lr=2.155e-04 grad_norm=9.545 samples/s=73.86
[step 11400/30000] loss=2.0785 lr=2.153e-04 grad_norm=9.788 samples/s=73.87
[step 11410/30000] loss=2.3612 lr=2.152e-04 grad_norm=9.007 samples/s=73.85
[step 11420/30000] loss=2.4462 lr=2.150e-04 grad_norm=14.800 samples/s=73.86
[step 11430/30000] loss=2.4364 lr=2.149e-04 grad_norm=7.163 samples/s=73.85
[step 11440/30000] loss=3.1069 lr=2.147e-04 grad_norm=30.557 samples/s=73.86
[step 11450/30000] loss=2.4147 lr=2.146e-04 grad_norm=7.947 samples/s=73.84
[step 11460/30000] loss=3.3890 lr=2.145e-04 grad_norm=14.152 samples/s=73.83
[step 11470/30000] loss=1.8920 lr=2.143e-04 grad_norm=6.771 samples/s=73.83
[step 11480/30000] loss=2.3771 lr=2.142e-04 grad_norm=11.517 samples/s=73.84
[step 11490/30000] loss=2.4411 lr=2.140e-04 grad_norm=11.868 samples/s=73.83
[step 11500/30000] loss=2.6821 lr=2.139e-04 grad_norm=12.467 samples/s=73.83
[step 11510/30000] loss=2.1829 lr=2.137e-04 grad_norm=8.481 samples/s=73.80
[step 11520/30000] loss=2.4896 lr=2.136e-04 grad_norm=22.972 samples/s=73.81
[step 11530/30000] loss=2.4475 lr=2.134e-04 grad_norm=18.260 samples/s=73.81
[step 11540/30000] loss=2.7286 lr=2.133e-04 grad_norm=11.964 samples/s=73.83
[step 11550/30000] loss=2.7622 lr=2.131e-04 grad_norm=9.149 samples/s=73.84
[step 11560/30000] loss=3.0407 lr=2.130e-04 grad_norm=41.326 samples/s=73.86
[step 11570/30000] loss=3.3359 lr=2.128e-04 grad_norm=15.042 samples/s=73.86
[step 11580/30000] loss=2.2482 lr=2.127e-04 grad_norm=13.797 samples/s=73.86
[step 11590/30000] loss=2.8613 lr=2.126e-04 grad_norm=15.171 samples/s=73.86
[step 11600/30000] loss=2.3571 lr=2.124e-04 grad_norm=13.737 samples/s=73.87
[step 11610/30000] loss=2.3104 lr=2.123e-04 grad_norm=17.353 samples/s=73.87
[step 11620/30000] loss=1.9036 lr=2.121e-04 grad_norm=10.039 samples/s=73.88
[step 11630/30000] loss=2.2618 lr=2.120e-04 grad_norm=8.323 samples/s=73.87
[step 11640/30000] loss=2.1094 lr=2.118e-04 grad_norm=6.474 samples/s=73.88
[step 11650/30000] loss=3.0703 lr=2.117e-04 grad_norm=14.706 samples/s=73.86
[step 11660/30000] loss=2.5009 lr=2.115e-04 grad_norm=11.822 samples/s=73.87
[step 11670/30000] loss=2.9338 lr=2.114e-04 grad_norm=8.635 samples/s=73.87
[step 11680/30000] loss=2.2542 lr=2.112e-04 grad_norm=10.648 samples/s=73.87
[step 11690/30000] loss=3.2113 lr=2.111e-04 grad_norm=13.396 samples/s=73.86
[step 11700/30000] loss=2.3164 lr=2.109e-04 grad_norm=13.209 samples/s=73.87
[step 11710/30000] loss=3.1589 lr=2.108e-04 grad_norm=24.374 samples/s=73.85
[step 11720/30000] loss=2.2570 lr=2.106e-04 grad_norm=12.040 samples/s=73.86
[step 11730/30000] loss=2.6408 lr=2.105e-04 grad_norm=9.946 samples/s=73.86
[step 11740/30000] loss=2.3265 lr=2.103e-04 grad_norm=11.363 samples/s=73.87
[step 11750/30000] loss=2.0465 lr=2.102e-04 grad_norm=9.415 samples/s=73.87
[step 11760/30000] loss=2.3829 lr=2.100e-04 grad_norm=9.167 samples/s=73.87
[step 11770/30000] loss=2.3248 lr=2.099e-04 grad_norm=12.472 samples/s=73.87
[step 11780/30000] loss=2.1069 lr=2.098e-04 grad_norm=17.837 samples/s=73.88
[step 11790/30000] loss=2.7040 lr=2.096e-04 grad_norm=9.948 samples/s=73.87
[step 11800/30000] loss=2.9268 lr=2.095e-04 grad_norm=16.136 samples/s=73.89
[step 11810/30000] loss=2.6627 lr=2.093e-04 grad_norm=12.543 samples/s=73.87
[step 11820/30000] loss=2.4128 lr=2.092e-04 grad_norm=10.589 samples/s=73.88
[step 11830/30000] loss=2.1529 lr=2.090e-04 grad_norm=11.368 samples/s=73.88
[step 11840/30000] loss=2.5319 lr=2.089e-04 grad_norm=18.522 samples/s=73.88
[step 11850/30000] loss=2.6120 lr=2.087e-04 grad_norm=16.394 samples/s=73.87
[step 11860/30000] loss=2.6378 lr=2.086e-04 grad_norm=13.426 samples/s=73.88
[step 11870/30000] loss=2.9593 lr=2.084e-04 grad_norm=14.633 samples/s=73.88
[step 11880/30000] loss=3.1856 lr=2.083e-04 grad_norm=10.358 samples/s=73.89
[step 11890/30000] loss=2.2799 lr=2.081e-04 grad_norm=12.343 samples/s=73.90
[step 11900/30000] loss=2.2676 lr=2.080e-04 grad_norm=8.443 samples/s=73.92
[step 11910/30000] loss=2.4271 lr=2.078e-04 grad_norm=13.358 samples/s=73.93
[step 11920/30000] loss=2.5716 lr=2.077e-04 grad_norm=11.464 samples/s=73.95
[step 11930/30000] loss=2.7548 lr=2.075e-04 grad_norm=25.781 samples/s=73.97
[step 11940/30000] loss=2.3872 lr=2.074e-04 grad_norm=10.341 samples/s=73.99
[step 11950/30000] loss=2.1001 lr=2.072e-04 grad_norm=8.014 samples/s=74.00
[step 11960/30000] loss=2.2158 lr=2.071e-04 grad_norm=6.131 samples/s=74.03
[step 11970/30000] loss=2.3250 lr=2.069e-04 grad_norm=10.769 samples/s=74.04
[step 11980/30000] loss=2.5084 lr=2.068e-04 grad_norm=20.922 samples/s=74.06
[step 11990/30000] loss=2.2404 lr=2.066e-04 grad_norm=14.657 samples/s=74.08
[step 12000/30000] loss=2.1219 lr=2.065e-04 grad_norm=8.831 samples/s=74.09
[step 12010/30000] loss=4.2803 lr=2.063e-04 grad_norm=86.568 samples/s=74.11
[step 12020/30000] loss=4.1501 lr=2.062e-04 grad_norm=54.739 samples/s=74.13
[step 12030/30000] loss=2.0035 lr=2.060e-04 grad_norm=8.777 samples/s=74.15
[step 12040/30000] loss=2.6429 lr=2.059e-04 grad_norm=24.454 samples/s=74.17
[step 12050/30000] loss=2.3653 lr=2.057e-04 grad_norm=8.062 samples/s=74.18
[step 12060/30000] loss=2.4234 lr=2.056e-04 grad_norm=15.029 samples/s=74.20
[step 12070/30000] loss=2.6299 lr=2.054e-04 grad_norm=15.988 samples/s=74.22
[step 12080/30000] loss=2.0725 lr=2.053e-04 grad_norm=9.488 samples/s=74.23
[step 12090/30000] loss=2.9994 lr=2.051e-04 grad_norm=13.678 samples/s=74.23
[step 12100/30000] loss=3.2132 lr=2.050e-04 grad_norm=27.996 samples/s=74.23
[step 12110/30000] loss=2.2879 lr=2.048e-04 grad_norm=22.246 samples/s=74.23
[step 12120/30000] loss=2.6434 lr=2.047e-04 grad_norm=16.292 samples/s=74.23
[step 12130/30000] loss=2.1902 lr=2.045e-04 grad_norm=8.573 samples/s=74.23
[step 12140/30000] loss=3.5023 lr=2.044e-04 grad_norm=11.226 samples/s=74.23
[step 12150/30000] loss=2.6095 lr=2.042e-04 grad_norm=9.449 samples/s=74.22
[step 12160/30000] loss=2.2873 lr=2.041e-04 grad_norm=9.758 samples/s=74.24
[step 12170/30000] loss=2.3622 lr=2.039e-04 grad_norm=10.040 samples/s=74.23
[step 12180/30000] loss=1.9880 lr=2.038e-04 grad_norm=5.279 samples/s=74.23
[step 12190/30000] loss=2.5554 lr=2.036e-04 grad_norm=8.945 samples/s=74.22
[step 12200/30000] loss=2.1299 lr=2.035e-04 grad_norm=8.353 samples/s=74.23
[step 12210/30000] loss=2.9394 lr=2.033e-04 grad_norm=7.168 samples/s=74.22
[step 12220/30000] loss=2.0049 lr=2.032e-04 grad_norm=9.320 samples/s=74.23
[step 12230/30000] loss=2.3642 lr=2.030e-04 grad_norm=9.216 samples/s=74.22
[step 12240/30000] loss=3.2808 lr=2.029e-04 grad_norm=13.360 samples/s=74.23
[step 12250/30000] loss=2.2446 lr=2.027e-04 grad_norm=13.583 samples/s=74.23
[step 12260/30000] loss=2.7779 lr=2.026e-04 grad_norm=12.081 samples/s=74.24
[step 12270/30000] loss=2.1922 lr=2.024e-04 grad_norm=4.888 samples/s=74.22
[step 12280/30000] loss=2.7998 lr=2.023e-04 grad_norm=28.817 samples/s=74.23
[step 12290/30000] loss=3.3946 lr=2.021e-04 grad_norm=50.469 samples/s=74.22
[step 12300/30000] loss=2.6473 lr=2.020e-04 grad_norm=15.708 samples/s=74.22
[step 12310/30000] loss=2.3372 lr=2.018e-04 grad_norm=24.509 samples/s=74.22
[step 12320/30000] loss=2.6661 lr=2.017e-04 grad_norm=14.957 samples/s=74.23
[step 12330/30000] loss=2.3664 lr=2.015e-04 grad_norm=11.519 samples/s=74.22
[step 12340/30000] loss=2.8985 lr=2.014e-04 grad_norm=7.740 samples/s=74.23
[step 12350/30000] loss=2.6567 lr=2.012e-04 grad_norm=12.669 samples/s=74.24
[step 12360/30000] loss=3.0936 lr=2.011e-04 grad_norm=48.925 samples/s=74.25
[step 12370/30000] loss=2.2759 lr=2.009e-04 grad_norm=9.672 samples/s=74.24
[step 12380/30000] loss=2.5598 lr=2.008e-04 grad_norm=8.923 samples/s=74.24
[step 12390/30000] loss=3.0772 lr=2.006e-04 grad_norm=18.685 samples/s=74.24
[step 12400/30000] loss=2.5652 lr=2.005e-04 grad_norm=27.742 samples/s=74.25
[step 12410/30000] loss=2.4878 lr=2.003e-04 grad_norm=15.487 samples/s=74.25
[step 12420/30000] loss=3.1094 lr=2.001e-04 grad_norm=14.588 samples/s=74.25
[step 12430/30000] loss=2.8479 lr=2.000e-04 grad_norm=11.292 samples/s=74.25
[step 12440/30000] loss=2.0510 lr=1.998e-04 grad_norm=6.921 samples/s=74.26
[step 12450/30000] loss=2.1253 lr=1.997e-04 grad_norm=16.580 samples/s=74.26
[step 12460/30000] loss=2.4448 lr=1.995e-04 grad_norm=11.339 samples/s=74.25
[step 12470/30000] loss=2.8691 lr=1.994e-04 grad_norm=19.597 samples/s=74.25
[step 12480/30000] loss=2.8226 lr=1.992e-04 grad_norm=38.614 samples/s=74.25
[step 12490/30000] loss=2.9223 lr=1.991e-04 grad_norm=18.603 samples/s=74.25
[step 12500/30000] loss=3.6521 lr=1.989e-04 grad_norm=18.194 samples/s=74.25
[val step 12500] loss=2.4379922170639037 m01={'mean': 0.4154346691402945, 'median': 0.41101706880880995, 'p95': 0.7027123445540255, 'tail_frac_gt4px': 0.00012201073694485115, 'n_matched': 24588} m02={'12-16': 0.883352534562212, '16-32': 0.9378165116005182, '32-64': 0.9551471533221951, '64-128': 0.9503568104250698} m04={'accuracy': 0.27956726858630226, 'by_octave': {'12-16': 0.29605477665471147, '16-32': 0.2892126083134497, '32-64': 0.2766415500538213, '64-128': 0.262324518445968}} diag={'gate3_alpha_mean': 0.426390677690506, 'gate3_alpha_min': 0.022174835205078125, 'gate3_alpha_max': 0.9814453125, 'gate3_alpha_std': 0.20496931672096252, 'gate3_alpha_p10': 0.17572021484375, 'gate3_alpha_p50': 0.395751953125, 'gate3_alpha_p90': 0.74169921875, 'block0_attn_entropy': 7.3804802894592285, 'block1_attn_entropy': 7.026201248168945}
[step 12510/30000] loss=2.3320 lr=1.988e-04 grad_norm=10.797 samples/s=74.28
[step 12520/30000] loss=2.2659 lr=1.986e-04 grad_norm=14.146 samples/s=74.31
[step 12530/30000] loss=2.7015 lr=1.985e-04 grad_norm=15.779 samples/s=74.32
[step 12540/30000] loss=2.4837 lr=1.983e-04 grad_norm=15.156 samples/s=74.32
[step 12550/30000] loss=2.5452 lr=1.982e-04 grad_norm=14.766 samples/s=74.32
[step 12560/30000] loss=2.0087 lr=1.980e-04 grad_norm=8.941 samples/s=74.31
[step 12570/30000] loss=2.2335 lr=1.979e-04 grad_norm=20.610 samples/s=74.32
[step 12580/30000] loss=2.2799 lr=1.977e-04 grad_norm=10.031 samples/s=74.27
[step 12590/30000] loss=3.5001 lr=1.976e-04 grad_norm=12.204 samples/s=74.28
[step 12600/30000] loss=3.1444 lr=1.974e-04 grad_norm=10.599 samples/s=74.27
[step 12610/30000] loss=3.0979 lr=1.973e-04 grad_norm=13.747 samples/s=74.28
[step 12620/30000] loss=2.9178 lr=1.971e-04 grad_norm=22.250 samples/s=74.27
[step 12630/30000] loss=2.8480 lr=1.969e-04 grad_norm=9.940 samples/s=74.28
[step 12640/30000] loss=2.1097 lr=1.968e-04 grad_norm=8.569 samples/s=74.26
[step 12650/30000] loss=2.6238 lr=1.966e-04 grad_norm=10.788 samples/s=74.26
[step 12660/30000] loss=2.5224 lr=1.965e-04 grad_norm=8.924 samples/s=74.25
[step 12670/30000] loss=3.1736 lr=1.963e-04 grad_norm=54.532 samples/s=74.25
[step 12680/30000] loss=2.0995 lr=1.962e-04 grad_norm=9.615 samples/s=74.24
[step 12690/30000] loss=2.4988 lr=1.960e-04 grad_norm=19.755 samples/s=74.25
[step 12700/30000] loss=2.4616 lr=1.959e-04 grad_norm=19.824 samples/s=74.25
[step 12710/30000] loss=1.9524 lr=1.957e-04 grad_norm=7.514 samples/s=74.26
[step 12720/30000] loss=2.4514 lr=1.956e-04 grad_norm=10.990 samples/s=74.26
[step 12730/30000] loss=2.7262 lr=1.954e-04 grad_norm=11.182 samples/s=74.27
[step 12740/30000] loss=2.0635 lr=1.953e-04 grad_norm=9.413 samples/s=74.26
[step 12750/30000] loss=2.6583 lr=1.951e-04 grad_norm=13.333 samples/s=74.27
[step 12760/30000] loss=2.7406 lr=1.949e-04 grad_norm=16.902 samples/s=74.25
[step 12770/30000] loss=2.4709 lr=1.948e-04 grad_norm=13.204 samples/s=74.24
[step 12780/30000] loss=2.6159 lr=1.946e-04 grad_norm=19.543 samples/s=74.22
[step 12790/30000] loss=2.4680 lr=1.945e-04 grad_norm=10.527 samples/s=74.23
[step 12800/30000] loss=2.3897 lr=1.943e-04 grad_norm=10.040 samples/s=74.23
[step 12810/30000] loss=2.2994 lr=1.942e-04 grad_norm=12.126 samples/s=74.23
[step 12820/30000] loss=3.3037 lr=1.940e-04 grad_norm=11.718 samples/s=74.23
[step 12830/30000] loss=2.1348 lr=1.939e-04 grad_norm=13.575 samples/s=74.24
[step 12840/30000] loss=2.8150 lr=1.937e-04 grad_norm=14.148 samples/s=74.24
[step 12850/30000] loss=2.9085 lr=1.936e-04 grad_norm=27.896 samples/s=74.23
[step 12860/30000] loss=3.1627 lr=1.934e-04 grad_norm=13.941 samples/s=74.22
[step 12870/30000] loss=2.4620 lr=1.933e-04 grad_norm=12.142 samples/s=74.23
[step 12880/30000] loss=3.0964 lr=1.931e-04 grad_norm=9.994 samples/s=74.24
[step 12890/30000] loss=2.6608 lr=1.929e-04 grad_norm=31.128 samples/s=74.25
[step 12900/30000] loss=2.2779 lr=1.928e-04 grad_norm=8.792 samples/s=74.25
[step 12910/30000] loss=2.2369 lr=1.926e-04 grad_norm=14.214 samples/s=74.25
[step 12920/30000] loss=2.2531 lr=1.925e-04 grad_norm=18.456 samples/s=74.25
[step 12930/30000] loss=2.3161 lr=1.923e-04 grad_norm=14.979 samples/s=74.23
[step 12940/30000] loss=2.5631 lr=1.922e-04 grad_norm=12.118 samples/s=74.24
[step 12950/30000] loss=2.5524 lr=1.920e-04 grad_norm=10.957 samples/s=74.23
[step 12960/30000] loss=2.8250 lr=1.919e-04 grad_norm=9.709 samples/s=74.23
[step 12970/30000] loss=2.3064 lr=1.917e-04 grad_norm=11.600 samples/s=74.23
[step 12980/30000] loss=2.2724 lr=1.916e-04 grad_norm=19.278 samples/s=74.23
[step 12990/30000] loss=2.6165 lr=1.914e-04 grad_norm=14.850 samples/s=74.23
[step 13000/30000] loss=1.9061 lr=1.912e-04 grad_norm=4.832 samples/s=74.23
[step 13010/30000] loss=2.2723 lr=1.911e-04 grad_norm=7.513 samples/s=74.23
[step 13020/30000] loss=2.8295 lr=1.909e-04 grad_norm=16.892 samples/s=74.24
[step 13030/30000] loss=2.3564 lr=1.908e-04 grad_norm=8.634 samples/s=74.23
[step 13040/30000] loss=2.8014 lr=1.906e-04 grad_norm=16.391 samples/s=74.24
[step 13050/30000] loss=2.7614 lr=1.905e-04 grad_norm=16.774 samples/s=74.23
[step 13060/30000] loss=2.7718 lr=1.903e-04 grad_norm=10.781 samples/s=74.22
[step 13070/30000] loss=3.1101 lr=1.902e-04 grad_norm=31.106 samples/s=74.23
[step 13080/30000] loss=2.8489 lr=1.900e-04 grad_norm=15.071 samples/s=74.23
[step 13090/30000] loss=2.4964 lr=1.898e-04 grad_norm=13.640 samples/s=74.23
[step 13100/30000] loss=2.0777 lr=1.897e-04 grad_norm=7.733 samples/s=74.22
[step 13110/30000] loss=3.0146 lr=1.895e-04 grad_norm=36.497 samples/s=74.22
[step 13120/30000] loss=2.5343 lr=1.894e-04 grad_norm=16.240 samples/s=74.23
[step 13130/30000] loss=2.6999 lr=1.892e-04 grad_norm=10.007 samples/s=74.21
[step 13140/30000] loss=3.0517 lr=1.891e-04 grad_norm=17.508 samples/s=74.21
[step 13150/30000] loss=3.3090 lr=1.889e-04 grad_norm=22.574 samples/s=74.20
[step 13160/30000] loss=2.7793 lr=1.888e-04 grad_norm=23.474 samples/s=74.21
[step 13170/30000] loss=2.1088 lr=1.886e-04 grad_norm=7.979 samples/s=74.21
[step 13180/30000] loss=2.4528 lr=1.884e-04 grad_norm=12.348 samples/s=74.22
[step 13190/30000] loss=2.5349 lr=1.883e-04 grad_norm=9.224 samples/s=74.22
[step 13200/30000] loss=2.4674 lr=1.881e-04 grad_norm=15.574 samples/s=74.23
[step 13210/30000] loss=3.1040 lr=1.880e-04 grad_norm=23.576 samples/s=74.22
[step 13220/30000] loss=3.1487 lr=1.878e-04 grad_norm=66.780 samples/s=74.22
[step 13230/30000] loss=2.7927 lr=1.877e-04 grad_norm=10.769 samples/s=74.22
[step 13240/30000] loss=2.5658 lr=1.875e-04 grad_norm=12.649 samples/s=74.21
[step 13250/30000] loss=2.4812 lr=1.874e-04 grad_norm=9.393 samples/s=74.20
[step 13260/30000] loss=2.4502 lr=1.872e-04 grad_norm=8.567 samples/s=74.20
[step 13270/30000] loss=2.6088 lr=1.870e-04 grad_norm=13.163 samples/s=74.20
[step 13280/30000] loss=2.8206 lr=1.869e-04 grad_norm=30.160 samples/s=74.20
[step 13290/30000] loss=2.9720 lr=1.867e-04 grad_norm=9.434 samples/s=74.21
[step 13300/30000] loss=2.8704 lr=1.866e-04 grad_norm=20.870 samples/s=74.21
[step 13310/30000] loss=2.6093 lr=1.864e-04 grad_norm=7.062 samples/s=74.21
[step 13320/30000] loss=2.6955 lr=1.863e-04 grad_norm=13.700 samples/s=74.21
[step 13330/30000] loss=3.0923 lr=1.861e-04 grad_norm=16.173 samples/s=74.21
[step 13340/30000] loss=2.5104 lr=1.859e-04 grad_norm=12.861 samples/s=74.20
[step 13350/30000] loss=2.4490 lr=1.858e-04 grad_norm=10.116 samples/s=74.20
[step 13360/30000] loss=2.3864 lr=1.856e-04 grad_norm=7.813 samples/s=74.20
[step 13370/30000] loss=2.7661 lr=1.855e-04 grad_norm=15.266 samples/s=74.20
[step 13380/30000] loss=2.5820 lr=1.853e-04 grad_norm=39.810 samples/s=74.21
[step 13390/30000] loss=2.4237 lr=1.852e-04 grad_norm=15.248 samples/s=74.21
[step 13400/30000] loss=2.5661 lr=1.850e-04 grad_norm=6.169 samples/s=74.21
[step 13410/30000] loss=3.0111 lr=1.849e-04 grad_norm=18.871 samples/s=74.18
[step 13420/30000] loss=2.6932 lr=1.847e-04 grad_norm=17.356 samples/s=74.18
[step 13430/30000] loss=2.2410 lr=1.845e-04 grad_norm=9.495 samples/s=74.17
[step 13440/30000] loss=2.2954 lr=1.844e-04 grad_norm=13.715 samples/s=74.18
[step 13450/30000] loss=3.3183 lr=1.842e-04 grad_norm=16.267 samples/s=74.17
[step 13460/30000] loss=2.6468 lr=1.841e-04 grad_norm=10.406 samples/s=74.17
[step 13470/30000] loss=2.8578 lr=1.839e-04 grad_norm=39.409 samples/s=74.17
[step 13480/30000] loss=3.0812 lr=1.838e-04 grad_norm=63.834 samples/s=74.18
[step 13490/30000] loss=2.1470 lr=1.836e-04 grad_norm=7.787 samples/s=74.17
[step 13500/30000] loss=2.4252 lr=1.834e-04 grad_norm=8.157 samples/s=74.18
[step 13510/30000] loss=2.2060 lr=1.833e-04 grad_norm=6.544 samples/s=74.16
[step 13520/30000] loss=2.2299 lr=1.831e-04 grad_norm=10.787 samples/s=74.17
[step 13530/30000] loss=2.5998 lr=1.830e-04 grad_norm=14.621 samples/s=74.16
[step 13540/30000] loss=2.8512 lr=1.828e-04 grad_norm=15.196 samples/s=74.16
[step 13550/30000] loss=3.4231 lr=1.827e-04 grad_norm=14.516 samples/s=74.15
[step 13560/30000] loss=2.5954 lr=1.825e-04 grad_norm=12.658 samples/s=74.16
[step 13570/30000] loss=3.0664 lr=1.823e-04 grad_norm=13.746 samples/s=74.15
[step 13580/30000] loss=2.2947 lr=1.822e-04 grad_norm=21.905 samples/s=74.16
[step 13590/30000] loss=2.6224 lr=1.820e-04 grad_norm=12.569 samples/s=74.17
[step 13600/30000] loss=2.0881 lr=1.819e-04 grad_norm=11.181 samples/s=74.17
[step 13610/30000] loss=2.6033 lr=1.817e-04 grad_norm=16.565 samples/s=74.16
[step 13620/30000] loss=3.3295 lr=1.816e-04 grad_norm=26.888 samples/s=74.17
[step 13630/30000] loss=2.0411 lr=1.814e-04 grad_norm=6.606 samples/s=74.16
[step 13640/30000] loss=1.8417 lr=1.812e-04 grad_norm=10.544 samples/s=74.17
[step 13650/30000] loss=2.8624 lr=1.811e-04 grad_norm=15.007 samples/s=74.17
[step 13660/30000] loss=2.3601 lr=1.809e-04 grad_norm=8.967 samples/s=74.18
[step 13670/30000] loss=3.2972 lr=1.808e-04 grad_norm=19.051 samples/s=74.17
[step 13680/30000] loss=2.7044 lr=1.806e-04 grad_norm=9.469 samples/s=74.15
[step 13690/30000] loss=1.9752 lr=1.804e-04 grad_norm=5.862 samples/s=74.15
[step 13700/30000] loss=2.4312 lr=1.803e-04 grad_norm=13.147 samples/s=74.14
[step 13710/30000] loss=2.3778 lr=1.801e-04 grad_norm=10.952 samples/s=74.15
[step 13720/30000] loss=2.7036 lr=1.800e-04 grad_norm=12.375 samples/s=74.15
[step 13730/30000] loss=3.4046 lr=1.798e-04 grad_norm=61.131 samples/s=74.15
[step 13740/30000] loss=3.2993 lr=1.797e-04 grad_norm=16.141 samples/s=74.16
[step 13750/30000] loss=1.9930 lr=1.795e-04 grad_norm=14.539 samples/s=74.16
[step 13760/30000] loss=2.1729 lr=1.793e-04 grad_norm=7.031 samples/s=74.15
[step 13770/30000] loss=2.2790 lr=1.792e-04 grad_norm=26.827 samples/s=74.16
[step 13780/30000] loss=2.2687 lr=1.790e-04 grad_norm=10.826 samples/s=74.16
[step 13790/30000] loss=2.0608 lr=1.789e-04 grad_norm=13.341 samples/s=74.16
[step 13800/30000] loss=2.5915 lr=1.787e-04 grad_norm=18.664 samples/s=74.16
[step 13810/30000] loss=2.3678 lr=1.786e-04 grad_norm=11.059 samples/s=74.14
[step 13820/30000] loss=2.4679 lr=1.784e-04 grad_norm=13.898 samples/s=74.15
[step 13830/30000] loss=3.2457 lr=1.782e-04 grad_norm=10.903 samples/s=74.14
[step 13840/30000] loss=3.3848 lr=1.781e-04 grad_norm=17.593 samples/s=74.15
[step 13850/30000] loss=2.0695 lr=1.779e-04 grad_norm=6.746 samples/s=74.14
[step 13860/30000] loss=3.2937 lr=1.778e-04 grad_norm=58.786 samples/s=74.14
[step 13870/30000] loss=2.3029 lr=1.776e-04 grad_norm=9.743 samples/s=74.14
[step 13880/30000] loss=2.2721 lr=1.774e-04 grad_norm=9.117 samples/s=74.16
[step 13890/30000] loss=3.1897 lr=1.773e-04 grad_norm=14.714 samples/s=74.15
[step 13900/30000] loss=2.3733 lr=1.771e-04 grad_norm=14.452 samples/s=74.16
[step 13910/30000] loss=3.1607 lr=1.770e-04 grad_norm=17.423 samples/s=74.16
[step 13920/30000] loss=2.8885 lr=1.768e-04 grad_norm=15.182 samples/s=74.15
[step 13930/30000] loss=2.9374 lr=1.767e-04 grad_norm=21.847 samples/s=74.15
[step 13940/30000] loss=2.4416 lr=1.765e-04 grad_norm=9.478 samples/s=74.15
[step 13950/30000] loss=2.1409 lr=1.763e-04 grad_norm=9.656 samples/s=74.13
[step 13960/30000] loss=2.1618 lr=1.762e-04 grad_norm=15.165 samples/s=74.13
[step 13970/30000] loss=2.7562 lr=1.760e-04 grad_norm=21.949 samples/s=74.13
[step 13980/30000] loss=2.7361 lr=1.759e-04 grad_norm=9.798 samples/s=74.14
[step 13990/30000] loss=2.4467 lr=1.757e-04 grad_norm=7.955 samples/s=74.14
[step 14000/30000] loss=2.5357 lr=1.755e-04 grad_norm=18.550 samples/s=74.15
[step 14010/30000] loss=2.3470 lr=1.754e-04 grad_norm=8.795 samples/s=74.14
[step 14020/30000] loss=2.7029 lr=1.752e-04 grad_norm=11.351 samples/s=74.14
[step 14030/30000] loss=2.5966 lr=1.751e-04 grad_norm=13.497 samples/s=74.13
[step 14040/30000] loss=2.3016 lr=1.749e-04 grad_norm=13.585 samples/s=74.14
[step 14050/30000] loss=2.3672 lr=1.747e-04 grad_norm=11.068 samples/s=74.13
[step 14060/30000] loss=2.4681 lr=1.746e-04 grad_norm=14.032 samples/s=74.14
[step 14070/30000] loss=2.8099 lr=1.744e-04 grad_norm=9.003 samples/s=74.11
[step 14080/30000] loss=2.2030 lr=1.743e-04 grad_norm=8.314 samples/s=74.12
[step 14090/30000] loss=2.7176 lr=1.741e-04 grad_norm=7.847 samples/s=74.11
[step 14100/30000] loss=3.0111 lr=1.740e-04 grad_norm=14.964 samples/s=74.12
[step 14110/30000] loss=2.8295 lr=1.738e-04 grad_norm=7.884 samples/s=74.11
[step 14120/30000] loss=2.6645 lr=1.736e-04 grad_norm=8.886 samples/s=74.12
[step 14130/30000] loss=2.4306 lr=1.735e-04 grad_norm=12.399 samples/s=74.11
[step 14140/30000] loss=2.4597 lr=1.733e-04 grad_norm=9.720 samples/s=74.11
[step 14150/30000] loss=2.6074 lr=1.732e-04 grad_norm=14.667 samples/s=74.11
[step 14160/30000] loss=2.7173 lr=1.730e-04 grad_norm=12.698 samples/s=74.11
[step 14170/30000] loss=2.1651 lr=1.728e-04 grad_norm=8.977 samples/s=74.11
[step 14180/30000] loss=3.0858 lr=1.727e-04 grad_norm=17.712 samples/s=74.12
[step 14190/30000] loss=2.0936 lr=1.725e-04 grad_norm=8.488 samples/s=74.11
[step 14200/30000] loss=2.6244 lr=1.724e-04 grad_norm=12.956 samples/s=74.11
[step 14210/30000] loss=2.3668 lr=1.722e-04 grad_norm=9.925 samples/s=74.11
[step 14220/30000] loss=2.9473 lr=1.720e-04 grad_norm=14.841 samples/s=74.09
[step 14230/30000] loss=2.4429 lr=1.719e-04 grad_norm=8.604 samples/s=74.08
[step 14240/30000] loss=2.9596 lr=1.717e-04 grad_norm=14.181 samples/s=74.08
[step 14250/30000] loss=2.7918 lr=1.716e-04 grad_norm=17.044 samples/s=74.08
[step 14260/30000] loss=2.0702 lr=1.714e-04 grad_norm=7.750 samples/s=74.09
[step 14270/30000] loss=2.1327 lr=1.712e-04 grad_norm=10.369 samples/s=74.08
[step 14280/30000] loss=2.9363 lr=1.711e-04 grad_norm=11.158 samples/s=74.08
[step 14290/30000] loss=2.3688 lr=1.709e-04 grad_norm=14.867 samples/s=74.07
[step 14300/30000] loss=2.8666 lr=1.708e-04 grad_norm=82.833 samples/s=74.08
[step 14310/30000] loss=2.2287 lr=1.706e-04 grad_norm=5.800 samples/s=74.08
[step 14320/30000] loss=2.6346 lr=1.704e-04 grad_norm=18.665 samples/s=74.08
[step 14330/30000] loss=2.8890 lr=1.703e-04 grad_norm=36.439 samples/s=74.08
[step 14340/30000] loss=2.0977 lr=1.701e-04 grad_norm=10.706 samples/s=74.09
[step 14350/30000] loss=2.2235 lr=1.700e-04 grad_norm=9.679 samples/s=74.08
[step 14360/30000] loss=2.5640 lr=1.698e-04 grad_norm=10.417 samples/s=74.08
[step 14370/30000] loss=2.6551 lr=1.696e-04 grad_norm=22.638 samples/s=74.08
[step 14380/30000] loss=2.6472 lr=1.695e-04 grad_norm=12.821 samples/s=74.08
[step 14390/30000] loss=2.7012 lr=1.693e-04 grad_norm=68.662 samples/s=74.08
[step 14400/30000] loss=2.2710 lr=1.692e-04 grad_norm=21.211 samples/s=74.09
[step 14410/30000] loss=3.0462 lr=1.690e-04 grad_norm=10.589 samples/s=74.08
[step 14420/30000] loss=2.2692 lr=1.689e-04 grad_norm=12.762 samples/s=74.08
[step 14430/30000] loss=2.3658 lr=1.687e-04 grad_norm=7.998 samples/s=74.08
[step 14440/30000] loss=2.1522 lr=1.685e-04 grad_norm=14.740 samples/s=74.09
[step 14450/30000] loss=3.1482 lr=1.684e-04 grad_norm=19.134 samples/s=74.09
[step 14460/30000] loss=2.6212 lr=1.682e-04 grad_norm=14.839 samples/s=74.10
[step 14470/30000] loss=2.4847 lr=1.681e-04 grad_norm=13.184 samples/s=74.09
[step 14480/30000] loss=2.6971 lr=1.679e-04 grad_norm=21.016 samples/s=74.10
[step 14490/30000] loss=2.9233 lr=1.677e-04 grad_norm=17.136 samples/s=74.10
[step 14500/30000] loss=2.3919 lr=1.676e-04 grad_norm=16.332 samples/s=74.07
[step 14510/30000] loss=2.2596 lr=1.674e-04 grad_norm=9.685 samples/s=74.06
[step 14520/30000] loss=2.5104 lr=1.673e-04 grad_norm=8.269 samples/s=74.07
[step 14530/30000] loss=2.4788 lr=1.671e-04 grad_norm=16.803 samples/s=74.07
[step 14540/30000] loss=3.1197 lr=1.669e-04 grad_norm=13.781 samples/s=74.07
[step 14550/30000] loss=3.2559 lr=1.668e-04 grad_norm=12.994 samples/s=74.06
[step 14560/30000] loss=2.8593 lr=1.666e-04 grad_norm=9.591 samples/s=74.07
[step 14570/30000] loss=2.7651 lr=1.665e-04 grad_norm=24.046 samples/s=74.06
[step 14580/30000] loss=2.5868 lr=1.663e-04 grad_norm=17.447 samples/s=74.08
[step 14590/30000] loss=2.5462 lr=1.661e-04 grad_norm=20.026 samples/s=74.07
[step 14600/30000] loss=3.0350 lr=1.660e-04 grad_norm=24.711 samples/s=74.08
[step 14610/30000] loss=2.3882 lr=1.658e-04 grad_norm=13.943 samples/s=74.07
[step 14620/30000] loss=2.0991 lr=1.657e-04 grad_norm=9.217 samples/s=74.07
[step 14630/30000] loss=2.4895 lr=1.655e-04 grad_norm=11.120 samples/s=74.07
[step 14640/30000] loss=2.6580 lr=1.653e-04 grad_norm=26.866 samples/s=74.08
[step 14650/30000] loss=2.5550 lr=1.652e-04 grad_norm=10.983 samples/s=74.07
[step 14660/30000] loss=2.7112 lr=1.650e-04 grad_norm=11.109 samples/s=74.08
[step 14670/30000] loss=2.5513 lr=1.649e-04 grad_norm=25.762 samples/s=74.07
[step 14680/30000] loss=2.6045 lr=1.647e-04 grad_norm=8.652 samples/s=74.08
[step 14690/30000] loss=2.5277 lr=1.645e-04 grad_norm=16.497 samples/s=74.06
[step 14700/30000] loss=2.9586 lr=1.644e-04 grad_norm=8.157 samples/s=74.06
[step 14710/30000] loss=2.0569 lr=1.642e-04 grad_norm=11.842 samples/s=74.05
[step 14720/30000] loss=2.1240 lr=1.640e-04 grad_norm=15.897 samples/s=74.06
[step 14730/30000] loss=2.6809 lr=1.639e-04 grad_norm=15.130 samples/s=74.06
[step 14740/30000] loss=2.4817 lr=1.637e-04 grad_norm=11.170 samples/s=74.06
[step 14750/30000] loss=3.4730 lr=1.636e-04 grad_norm=14.992 samples/s=74.05
[step 14760/30000] loss=2.5774 lr=1.634e-04 grad_norm=12.217 samples/s=74.03
[step 14770/30000] loss=2.1961 lr=1.632e-04 grad_norm=11.389 samples/s=74.02
[step 14780/30000] loss=2.3509 lr=1.631e-04 grad_norm=6.264 samples/s=74.02
[step 14790/30000] loss=2.0414 lr=1.629e-04 grad_norm=10.079 samples/s=74.03
[step 14800/30000] loss=2.1381 lr=1.628e-04 grad_norm=7.757 samples/s=74.03
[step 14810/30000] loss=2.1766 lr=1.626e-04 grad_norm=10.577 samples/s=74.03
[step 14820/30000] loss=2.8478 lr=1.624e-04 grad_norm=18.078 samples/s=74.03
[step 14830/30000] loss=2.2799 lr=1.623e-04 grad_norm=45.305 samples/s=74.02
[step 14840/30000] loss=3.0465 lr=1.621e-04 grad_norm=37.778 samples/s=74.02
[step 14850/30000] loss=1.9627 lr=1.620e-04 grad_norm=6.718 samples/s=74.02
[step 14860/30000] loss=2.3060 lr=1.618e-04 grad_norm=9.729 samples/s=74.02
[step 14870/30000] loss=2.2441 lr=1.616e-04 grad_norm=15.018 samples/s=74.01
[step 14880/30000] loss=2.2417 lr=1.615e-04 grad_norm=13.300 samples/s=74.01
[step 14890/30000] loss=2.3987 lr=1.613e-04 grad_norm=10.534 samples/s=74.01
[step 14900/30000] loss=2.5297 lr=1.612e-04 grad_norm=20.151 samples/s=74.01
[step 14910/30000] loss=2.0629 lr=1.610e-04 grad_norm=4.766 samples/s=74.01
[step 14920/30000] loss=2.3043 lr=1.608e-04 grad_norm=10.595 samples/s=74.02
[step 14930/30000] loss=2.1425 lr=1.607e-04 grad_norm=10.460 samples/s=74.01
[step 14940/30000] loss=2.7558 lr=1.605e-04 grad_norm=36.461 samples/s=74.01
[step 14950/30000] loss=2.2674 lr=1.604e-04 grad_norm=18.673 samples/s=74.01
[step 14960/30000] loss=3.0130 lr=1.602e-04 grad_norm=23.880 samples/s=74.01
[step 14970/30000] loss=2.3629 lr=1.600e-04 grad_norm=15.983 samples/s=74.01
[step 14980/30000] loss=3.0752 lr=1.599e-04 grad_norm=12.130 samples/s=74.02
[step 14990/30000] loss=2.5338 lr=1.597e-04 grad_norm=16.266 samples/s=74.03
[step 15000/30000] loss=3.4183 lr=1.596e-04 grad_norm=24.415 samples/s=74.02
[val step 15000] loss=2.397067307472229 m01={'mean': 0.4149112386681114, 'median': 0.4105066607297687, 'p95': 0.7002683360896751, 'tail_frac_gt4px': 0.00012171372930866602, 'n_matched': 24648} m02={'12-16': 0.886520737327189, '16-32': 0.940760805558827, '32-64': 0.956817889731397, '64-128': 0.9520632950667081} m04={'accuracy': 0.29324894514767935, 'by_octave': {'12-16': 0.297270955165692, '16-32': 0.30307961942914374, '32-64': 0.29603760913364674, '64-128': 0.27505295747107705}} diag={'gate3_alpha_mean': 0.4283781051635742, 'gate3_alpha_min': 0.020404815673828125, 'gate3_alpha_max': 0.97998046875, 'gate3_alpha_std': 0.20770081877708435, 'gate3_alpha_p10': 0.16937255859375, 'gate3_alpha_p50': 0.40204620361328125, 'gate3_alpha_p90': 0.739501953125, 'block0_attn_entropy': 7.28784704208374, 'block1_attn_entropy': 7.133366107940674}
[step 15010/30000] loss=2.7588 lr=1.594e-04 grad_norm=23.165 samples/s=74.04
[step 15020/30000] loss=2.2192 lr=1.592e-04 grad_norm=9.396 samples/s=74.07
[step 15030/30000] loss=3.3689 lr=1.591e-04 grad_norm=20.430 samples/s=74.07
[step 15040/30000] loss=2.4015 lr=1.589e-04 grad_norm=13.464 samples/s=74.07
[step 15050/30000] loss=2.3135 lr=1.588e-04 grad_norm=18.054 samples/s=74.07
[step 15060/30000] loss=3.0281 lr=1.586e-04 grad_norm=21.553 samples/s=74.07
[step 15070/30000] loss=2.1312 lr=1.584e-04 grad_norm=10.136 samples/s=74.05
[step 15080/30000] loss=2.5239 lr=1.583e-04 grad_norm=12.903 samples/s=74.05
[step 15090/30000] loss=2.8074 lr=1.581e-04 grad_norm=12.900 samples/s=74.05
[step 15100/30000] loss=1.9379 lr=1.579e-04 grad_norm=9.928 samples/s=74.05
[step 15110/30000] loss=2.3440 lr=1.578e-04 grad_norm=13.594 samples/s=74.05
[step 15120/30000] loss=2.5391 lr=1.576e-04 grad_norm=12.799 samples/s=74.05
[step 15130/30000] loss=2.5601 lr=1.575e-04 grad_norm=9.022 samples/s=74.04
[step 15140/30000] loss=2.4096 lr=1.573e-04 grad_norm=29.794 samples/s=74.05
[step 15150/30000] loss=2.7946 lr=1.571e-04 grad_norm=8.279 samples/s=74.04
[step 15160/30000] loss=2.5247 lr=1.570e-04 grad_norm=11.724 samples/s=74.05
[step 15170/30000] loss=2.4968 lr=1.568e-04 grad_norm=14.502 samples/s=74.05
[step 15180/30000] loss=2.4272 lr=1.567e-04 grad_norm=14.144 samples/s=74.06
[step 15190/30000] loss=2.8138 lr=1.565e-04 grad_norm=21.421 samples/s=74.05
[step 15200/30000] loss=1.9107 lr=1.563e-04 grad_norm=6.295 samples/s=74.05
[step 15210/30000] loss=2.0314 lr=1.562e-04 grad_norm=13.998 samples/s=74.05
[step 15220/30000] loss=3.3001 lr=1.560e-04 grad_norm=65.505 samples/s=74.06
[step 15230/30000] loss=2.4516 lr=1.559e-04 grad_norm=8.007 samples/s=74.04
[step 15240/30000] loss=2.4958 lr=1.557e-04 grad_norm=10.622 samples/s=74.05
[step 15250/30000] loss=2.2883 lr=1.555e-04 grad_norm=10.641 samples/s=74.02
[step 15260/30000] loss=2.1443 lr=1.554e-04 grad_norm=13.230 samples/s=74.03
[step 15270/30000] loss=2.1338 lr=1.552e-04 grad_norm=13.061 samples/s=74.02
[step 15280/30000] loss=2.6373 lr=1.551e-04 grad_norm=13.615 samples/s=74.03
[step 15290/30000] loss=2.0076 lr=1.549e-04 grad_norm=12.058 samples/s=74.03
[step 15300/30000] loss=2.1614 lr=1.547e-04 grad_norm=18.701 samples/s=74.04
[step 15310/30000] loss=2.6163 lr=1.546e-04 grad_norm=11.738 samples/s=74.04
[step 15320/30000] loss=2.1685 lr=1.544e-04 grad_norm=9.079 samples/s=74.04
[step 15330/30000] loss=2.5907 lr=1.543e-04 grad_norm=16.453 samples/s=74.04
[step 15340/30000] loss=2.1044 lr=1.541e-04 grad_norm=8.349 samples/s=74.04
[step 15350/30000] loss=2.8897 lr=1.539e-04 grad_norm=9.045 samples/s=74.03
[step 15360/30000] loss=2.5261 lr=1.538e-04 grad_norm=12.009 samples/s=74.03
[step 15370/30000] loss=2.5778 lr=1.536e-04 grad_norm=9.289 samples/s=74.03
[step 15380/30000] loss=2.1688 lr=1.534e-04 grad_norm=12.262 samples/s=74.03
[step 15390/30000] loss=2.7098 lr=1.533e-04 grad_norm=28.898 samples/s=74.02
[step 15400/30000] loss=1.9551 lr=1.531e-04 grad_norm=7.081 samples/s=74.03
[step 15410/30000] loss=2.7579 lr=1.530e-04 grad_norm=17.480 samples/s=74.02
[step 15420/30000] loss=2.4847 lr=1.528e-04 grad_norm=18.893 samples/s=74.02
[step 15430/30000] loss=1.8209 lr=1.526e-04 grad_norm=8.523 samples/s=74.02
[step 15440/30000] loss=2.0285 lr=1.525e-04 grad_norm=9.664 samples/s=74.02
[step 15450/30000] loss=2.4721 lr=1.523e-04 grad_norm=10.131 samples/s=74.01
[step 15460/30000] loss=2.7474 lr=1.522e-04 grad_norm=8.833 samples/s=74.01
[step 15470/30000] loss=2.4493 lr=1.520e-04 grad_norm=14.672 samples/s=74.01
[step 15480/30000] loss=2.8410 lr=1.518e-04 grad_norm=9.311 samples/s=74.01
[step 15490/30000] loss=2.6012 lr=1.517e-04 grad_norm=12.706 samples/s=74.00
[step 15500/30000] loss=2.6485 lr=1.515e-04 grad_norm=15.991 samples/s=74.01
[step 15510/30000] loss=2.2476 lr=1.514e-04 grad_norm=12.425 samples/s=74.00
[step 15520/30000] loss=2.8531 lr=1.512e-04 grad_norm=11.301 samples/s=74.01
[step 15530/30000] loss=2.6924 lr=1.510e-04 grad_norm=31.180 samples/s=74.00
[step 15540/30000] loss=2.2359 lr=1.509e-04 grad_norm=12.669 samples/s=74.01
[step 15550/30000] loss=2.4435 lr=1.507e-04 grad_norm=132.684 samples/s=74.01
[step 15560/30000] loss=2.4625 lr=1.506e-04 grad_norm=42.036 samples/s=74.02
[step 15570/30000] loss=2.8042 lr=1.504e-04 grad_norm=17.784 samples/s=74.01
[step 15580/30000] loss=2.1384 lr=1.502e-04 grad_norm=8.736 samples/s=74.02
[step 15590/30000] loss=2.2493 lr=1.501e-04 grad_norm=12.349 samples/s=74.03
[step 15600/30000] loss=2.4275 lr=1.499e-04 grad_norm=11.439 samples/s=74.02
[step 15610/30000] loss=2.8693 lr=1.497e-04 grad_norm=17.472 samples/s=74.02
[step 15620/30000] loss=2.2595 lr=1.496e-04 grad_norm=15.194 samples/s=74.02
[step 15630/30000] loss=2.2803 lr=1.494e-04 grad_norm=11.353 samples/s=74.02
[step 15640/30000] loss=2.0369 lr=1.493e-04 grad_norm=9.807 samples/s=74.02
[step 15650/30000] loss=2.8380 lr=1.491e-04 grad_norm=17.818 samples/s=74.02
[step 15660/30000] loss=3.2390 lr=1.489e-04 grad_norm=9.020 samples/s=74.02
[step 15670/30000] loss=2.6630 lr=1.488e-04 grad_norm=12.612 samples/s=74.01
[step 15680/30000] loss=2.2285 lr=1.486e-04 grad_norm=13.768 samples/s=74.01
[step 15690/30000] loss=2.4532 lr=1.485e-04 grad_norm=20.327 samples/s=74.01
[step 15700/30000] loss=2.0378 lr=1.483e-04 grad_norm=8.130 samples/s=74.02
[step 15710/30000] loss=2.1406 lr=1.481e-04 grad_norm=10.295 samples/s=74.02
[step 15720/30000] loss=2.3028 lr=1.480e-04 grad_norm=18.250 samples/s=74.03
[step 15730/30000] loss=2.6318 lr=1.478e-04 grad_norm=11.284 samples/s=74.02
[step 15740/30000] loss=2.2188 lr=1.477e-04 grad_norm=9.361 samples/s=74.03
[step 15750/30000] loss=2.6569 lr=1.475e-04 grad_norm=8.853 samples/s=74.02
[step 15760/30000] loss=2.4442 lr=1.473e-04 grad_norm=12.168 samples/s=74.04
[step 15770/30000] loss=2.4073 lr=1.472e-04 grad_norm=11.079 samples/s=74.03
[step 15780/30000] loss=2.5377 lr=1.470e-04 grad_norm=7.199 samples/s=74.03
[step 15790/30000] loss=2.4369 lr=1.469e-04 grad_norm=8.450 samples/s=74.03
[step 15800/30000] loss=2.2336 lr=1.467e-04 grad_norm=8.104 samples/s=74.03
[step 15810/30000] loss=3.2494 lr=1.465e-04 grad_norm=18.739 samples/s=74.00
[step 15820/30000] loss=2.0322 lr=1.464e-04 grad_norm=10.237 samples/s=74.00
[step 15830/30000] loss=2.3829 lr=1.462e-04 grad_norm=11.616 samples/s=74.00
[step 15840/30000] loss=2.8243 lr=1.460e-04 grad_norm=18.849 samples/s=74.01
[step 15850/30000] loss=1.9627 lr=1.459e-04 grad_norm=10.290 samples/s=74.00
[step 15860/30000] loss=2.5342 lr=1.457e-04 grad_norm=9.113 samples/s=74.00
[step 15870/30000] loss=2.9210 lr=1.456e-04 grad_norm=22.793 samples/s=73.99
[step 15880/30000] loss=2.4006 lr=1.454e-04 grad_norm=19.403 samples/s=74.00
[step 15890/30000] loss=2.3510 lr=1.452e-04 grad_norm=10.608 samples/s=74.00
[step 15900/30000] loss=2.3262 lr=1.451e-04 grad_norm=11.691 samples/s=74.00
[step 15910/30000] loss=2.5590 lr=1.449e-04 grad_norm=14.521 samples/s=73.99
[step 15920/30000] loss=2.3045 lr=1.448e-04 grad_norm=7.698 samples/s=74.00
[step 15930/30000] loss=3.0356 lr=1.446e-04 grad_norm=11.964 samples/s=73.99
[step 15940/30000] loss=2.0656 lr=1.444e-04 grad_norm=7.676 samples/s=73.99
[step 15950/30000] loss=2.5353 lr=1.443e-04 grad_norm=12.370 samples/s=73.99
[step 15960/30000] loss=2.2911 lr=1.441e-04 grad_norm=12.814 samples/s=74.00
[step 15970/30000] loss=2.0142 lr=1.440e-04 grad_norm=10.995 samples/s=73.99
[step 15980/30000] loss=2.2086 lr=1.438e-04 grad_norm=9.023 samples/s=73.99
[step 15990/30000] loss=2.8988 lr=1.436e-04 grad_norm=39.933 samples/s=73.98
[step 16000/30000] loss=2.5741 lr=1.435e-04 grad_norm=11.776 samples/s=73.99
[step 16010/30000] loss=2.6183 lr=1.433e-04 grad_norm=37.692 samples/s=73.98
[step 16020/30000] loss=2.8792 lr=1.432e-04 grad_norm=15.994 samples/s=73.99
[step 16030/30000] loss=2.3408 lr=1.430e-04 grad_norm=7.820 samples/s=73.98
[step 16040/30000] loss=2.3191 lr=1.428e-04 grad_norm=11.221 samples/s=73.99
[step 16050/30000] loss=2.5929 lr=1.427e-04 grad_norm=13.279 samples/s=73.98
[step 16060/30000] loss=3.0225 lr=1.425e-04 grad_norm=20.107 samples/s=73.98
[step 16070/30000] loss=2.7639 lr=1.424e-04 grad_norm=7.519 samples/s=73.97
[step 16080/30000] loss=2.8189 lr=1.422e-04 grad_norm=13.101 samples/s=73.97
[step 16090/30000] loss=2.4391 lr=1.420e-04 grad_norm=14.121 samples/s=73.95
[step 16100/30000] loss=2.4452 lr=1.419e-04 grad_norm=18.075 samples/s=73.96
[step 16110/30000] loss=2.3628 lr=1.417e-04 grad_norm=8.005 samples/s=73.96
[step 16120/30000] loss=2.1690 lr=1.415e-04 grad_norm=11.044 samples/s=73.96
[step 16130/30000] loss=2.0846 lr=1.414e-04 grad_norm=7.731 samples/s=73.96
[step 16140/30000] loss=3.8521 lr=1.412e-04 grad_norm=36.880 samples/s=73.96
[step 16150/30000] loss=2.2997 lr=1.411e-04 grad_norm=9.445 samples/s=73.96
[step 16160/30000] loss=2.3781 lr=1.409e-04 grad_norm=10.382 samples/s=73.96
[step 16170/30000] loss=2.3697 lr=1.407e-04 grad_norm=9.845 samples/s=73.96
[step 16180/30000] loss=2.1411 lr=1.406e-04 grad_norm=7.839 samples/s=73.96
[step 16190/30000] loss=3.0341 lr=1.404e-04 grad_norm=10.237 samples/s=73.96
[step 16200/30000] loss=1.9522 lr=1.403e-04 grad_norm=11.915 samples/s=73.97
[step 16210/30000] loss=2.2593 lr=1.401e-04 grad_norm=9.534 samples/s=73.96
[step 16220/30000] loss=2.8443 lr=1.399e-04 grad_norm=28.610 samples/s=73.97
[step 16230/30000] loss=2.3114 lr=1.398e-04 grad_norm=17.316 samples/s=73.97
[step 16240/30000] loss=2.3517 lr=1.396e-04 grad_norm=20.585 samples/s=73.97
[step 16250/30000] loss=2.2217 lr=1.395e-04 grad_norm=17.480 samples/s=73.97
[step 16260/30000] loss=1.7609 lr=1.393e-04 grad_norm=10.055 samples/s=73.97
[step 16270/30000] loss=2.8035 lr=1.391e-04 grad_norm=22.141 samples/s=73.97
[step 16280/30000] loss=2.5586 lr=1.390e-04 grad_norm=10.210 samples/s=73.98
[step 16290/30000] loss=2.0766 lr=1.388e-04 grad_norm=12.475 samples/s=73.97
[step 16300/30000] loss=2.7021 lr=1.387e-04 grad_norm=16.637 samples/s=73.97
[step 16310/30000] loss=2.3752 lr=1.385e-04 grad_norm=13.803 samples/s=73.97
[step 16320/30000] loss=2.2209 lr=1.383e-04 grad_norm=14.987 samples/s=73.98
[step 16330/30000] loss=1.8855 lr=1.382e-04 grad_norm=6.962 samples/s=73.97
[step 16340/30000] loss=3.1432 lr=1.380e-04 grad_norm=35.332 samples/s=73.97
[step 16350/30000] loss=2.2716 lr=1.379e-04 grad_norm=9.488 samples/s=73.97
[step 16360/30000] loss=2.1890 lr=1.377e-04 grad_norm=10.338 samples/s=73.94
[step 16370/30000] loss=2.0945 lr=1.375e-04 grad_norm=9.844 samples/s=73.94
[step 16380/30000] loss=2.3947 lr=1.374e-04 grad_norm=21.359 samples/s=73.95
[step 16390/30000] loss=2.1956 lr=1.372e-04 grad_norm=22.140 samples/s=73.95
[step 16400/30000] loss=2.0427 lr=1.371e-04 grad_norm=10.865 samples/s=73.96
[step 16410/30000] loss=2.2228 lr=1.369e-04 grad_norm=12.132 samples/s=73.96
[step 16420/30000] loss=2.1050 lr=1.367e-04 grad_norm=9.424 samples/s=73.95
[step 16430/30000] loss=2.1281 lr=1.366e-04 grad_norm=12.255 samples/s=73.96
[step 16440/30000] loss=1.8052 lr=1.364e-04 grad_norm=7.025 samples/s=73.95
[step 16450/30000] loss=2.1766 lr=1.363e-04 grad_norm=8.073 samples/s=73.96
[step 16460/30000] loss=2.5027 lr=1.361e-04 grad_norm=17.615 samples/s=73.96
[step 16470/30000] loss=2.5902 lr=1.359e-04 grad_norm=17.560 samples/s=73.97
[step 16480/30000] loss=2.0996 lr=1.358e-04 grad_norm=14.241 samples/s=73.96
[step 16490/30000] loss=1.9281 lr=1.356e-04 grad_norm=12.701 samples/s=73.96
[step 16500/30000] loss=2.0495 lr=1.355e-04 grad_norm=8.289 samples/s=73.95
[step 16510/30000] loss=2.2502 lr=1.353e-04 grad_norm=10.210 samples/s=73.96
[step 16520/30000] loss=3.7162 lr=1.351e-04 grad_norm=19.663 samples/s=73.95
[step 16530/30000] loss=3.0209 lr=1.350e-04 grad_norm=22.253 samples/s=73.96
[step 16540/30000] loss=1.7261 lr=1.348e-04 grad_norm=11.797 samples/s=73.95
[step 16550/30000] loss=2.1762 lr=1.347e-04 grad_norm=8.546 samples/s=73.96
[step 16560/30000] loss=3.0949 lr=1.345e-04 grad_norm=11.889 samples/s=73.96
[step 16570/30000] loss=2.3198 lr=1.343e-04 grad_norm=13.051 samples/s=73.96
[step 16580/30000] loss=1.6161 lr=1.342e-04 grad_norm=7.282 samples/s=73.96
[step 16590/30000] loss=2.3633 lr=1.340e-04 grad_norm=15.556 samples/s=73.95
[step 16600/30000] loss=2.3112 lr=1.339e-04 grad_norm=8.830 samples/s=73.95
[step 16610/30000] loss=1.7974 lr=1.337e-04 grad_norm=10.919 samples/s=73.95
[step 16620/30000] loss=2.1818 lr=1.335e-04 grad_norm=13.609 samples/s=73.95
[step 16630/30000] loss=3.0058 lr=1.334e-04 grad_norm=14.121 samples/s=73.94
[step 16640/30000] loss=3.0399 lr=1.332e-04 grad_norm=24.835 samples/s=73.93
[step 16650/30000] loss=2.3483 lr=1.331e-04 grad_norm=9.867 samples/s=73.94
[step 16660/30000] loss=2.0863 lr=1.329e-04 grad_norm=18.326 samples/s=73.93
[step 16670/30000] loss=2.6245 lr=1.327e-04 grad_norm=12.853 samples/s=73.94
[step 16680/30000] loss=2.7175 lr=1.326e-04 grad_norm=10.176 samples/s=73.94
[step 16690/30000] loss=3.1306 lr=1.324e-04 grad_norm=16.360 samples/s=73.95
[step 16700/30000] loss=3.1289 lr=1.323e-04 grad_norm=26.351 samples/s=73.94
[step 16710/30000] loss=2.0938 lr=1.321e-04 grad_norm=15.135 samples/s=73.94
[step 16720/30000] loss=2.0032 lr=1.319e-04 grad_norm=10.255 samples/s=73.94
[step 16730/30000] loss=2.1393 lr=1.318e-04 grad_norm=11.902 samples/s=73.93
[step 16740/30000] loss=2.5558 lr=1.316e-04 grad_norm=14.767 samples/s=73.94
[step 16750/30000] loss=2.8519 lr=1.315e-04 grad_norm=12.978 samples/s=73.93
[step 16760/30000] loss=2.0991 lr=1.313e-04 grad_norm=11.259 samples/s=73.93
[step 16770/30000] loss=2.1592 lr=1.311e-04 grad_norm=13.797 samples/s=73.93
[step 16780/30000] loss=1.9855 lr=1.310e-04 grad_norm=13.902 samples/s=73.94
[step 16790/30000] loss=2.0695 lr=1.308e-04 grad_norm=12.734 samples/s=73.94
[step 16800/30000] loss=1.8669 lr=1.307e-04 grad_norm=7.169 samples/s=73.94
[step 16810/30000] loss=2.1821 lr=1.305e-04 grad_norm=10.301 samples/s=73.93
[step 16820/30000] loss=2.3493 lr=1.304e-04 grad_norm=32.668 samples/s=73.95
[step 16830/30000] loss=2.2576 lr=1.302e-04 grad_norm=20.178 samples/s=73.95
[step 16840/30000] loss=2.0799 lr=1.300e-04 grad_norm=8.986 samples/s=73.94
[step 16850/30000] loss=2.7994 lr=1.299e-04 grad_norm=11.843 samples/s=73.94
[step 16860/30000] loss=1.9060 lr=1.297e-04 grad_norm=18.856 samples/s=73.95
[step 16870/30000] loss=1.8951 lr=1.296e-04 grad_norm=10.557 samples/s=73.95
[step 16880/30000] loss=2.3625 lr=1.294e-04 grad_norm=20.244 samples/s=73.95
[step 16890/30000] loss=2.5063 lr=1.292e-04 grad_norm=11.631 samples/s=73.96
[step 16900/30000] loss=3.0040 lr=1.291e-04 grad_norm=19.790 samples/s=73.94
[step 16910/30000] loss=3.1702 lr=1.289e-04 grad_norm=32.403 samples/s=73.92
[step 16920/30000] loss=1.9079 lr=1.288e-04 grad_norm=14.764 samples/s=73.92
[step 16930/30000] loss=2.3916 lr=1.286e-04 grad_norm=18.907 samples/s=73.92
[step 16940/30000] loss=2.1134 lr=1.284e-04 grad_norm=8.846 samples/s=73.93
[step 16950/30000] loss=2.1891 lr=1.283e-04 grad_norm=12.832 samples/s=73.93
[step 16960/30000] loss=2.5171 lr=1.281e-04 grad_norm=10.631 samples/s=73.93
[step 16970/30000] loss=1.8426 lr=1.280e-04 grad_norm=9.904 samples/s=73.93
[step 16980/30000] loss=1.8863 lr=1.278e-04 grad_norm=10.696 samples/s=73.93
[step 16990/30000] loss=2.7635 lr=1.277e-04 grad_norm=32.598 samples/s=73.92
[step 17000/30000] loss=2.1081 lr=1.275e-04 grad_norm=17.093 samples/s=73.92
[step 17010/30000] loss=2.6478 lr=1.273e-04 grad_norm=53.913 samples/s=73.92
[step 17020/30000] loss=2.2419 lr=1.272e-04 grad_norm=12.939 samples/s=73.93
[step 17030/30000] loss=2.2735 lr=1.270e-04 grad_norm=9.565 samples/s=73.93
[step 17040/30000] loss=2.1772 lr=1.269e-04 grad_norm=18.558 samples/s=73.94
[step 17050/30000] loss=2.0544 lr=1.267e-04 grad_norm=14.080 samples/s=73.94
[step 17060/30000] loss=2.0775 lr=1.265e-04 grad_norm=13.044 samples/s=73.93
[step 17070/30000] loss=3.2447 lr=1.264e-04 grad_norm=11.126 samples/s=73.93
[step 17080/30000] loss=1.8799 lr=1.262e-04 grad_norm=24.758 samples/s=73.94
[step 17090/30000] loss=2.1854 lr=1.261e-04 grad_norm=27.296 samples/s=73.94
[step 17100/30000] loss=1.9792 lr=1.259e-04 grad_norm=12.083 samples/s=73.95
[step 17110/30000] loss=2.6507 lr=1.257e-04 grad_norm=15.734 samples/s=73.94
[step 17120/30000] loss=2.5186 lr=1.256e-04 grad_norm=29.577 samples/s=73.94
[step 17130/30000] loss=3.2209 lr=1.254e-04 grad_norm=16.152 samples/s=73.92
[step 17140/30000] loss=2.4109 lr=1.253e-04 grad_norm=21.258 samples/s=73.93
[step 17150/30000] loss=2.0112 lr=1.251e-04 grad_norm=12.770 samples/s=73.92
[step 17160/30000] loss=2.0455 lr=1.250e-04 grad_norm=18.975 samples/s=73.94
[step 17170/30000] loss=2.0209 lr=1.248e-04 grad_norm=16.078 samples/s=73.93
[step 17180/30000] loss=2.3072 lr=1.246e-04 grad_norm=21.726 samples/s=73.91
[step 17190/30000] loss=2.0437 lr=1.245e-04 grad_norm=6.151 samples/s=73.90
[step 17200/30000] loss=2.4070 lr=1.243e-04 grad_norm=12.873 samples/s=73.91
[step 17210/30000] loss=2.0112 lr=1.242e-04 grad_norm=9.211 samples/s=73.91
[step 17220/30000] loss=2.3153 lr=1.240e-04 grad_norm=10.545 samples/s=73.91
[step 17230/30000] loss=2.1773 lr=1.238e-04 grad_norm=21.757 samples/s=73.91
[step 17240/30000] loss=1.7493 lr=1.237e-04 grad_norm=15.989 samples/s=73.92
[step 17250/30000] loss=2.0294 lr=1.235e-04 grad_norm=16.904 samples/s=73.91
[step 17260/30000] loss=1.9223 lr=1.234e-04 grad_norm=9.587 samples/s=73.91
[step 17270/30000] loss=2.0842 lr=1.232e-04 grad_norm=17.539 samples/s=73.91
[step 17280/30000] loss=1.6940 lr=1.231e-04 grad_norm=10.833 samples/s=73.91
[step 17290/30000] loss=2.3817 lr=1.229e-04 grad_norm=14.254 samples/s=73.91
[step 17300/30000] loss=2.3452 lr=1.227e-04 grad_norm=13.459 samples/s=73.91
[step 17310/30000] loss=2.3555 lr=1.226e-04 grad_norm=9.511 samples/s=73.91
[step 17320/30000] loss=1.6179 lr=1.224e-04 grad_norm=13.614 samples/s=73.92
[step 17330/30000] loss=2.6844 lr=1.223e-04 grad_norm=17.349 samples/s=73.91
[step 17340/30000] loss=2.3882 lr=1.221e-04 grad_norm=12.638 samples/s=73.91
[step 17350/30000] loss=2.8146 lr=1.220e-04 grad_norm=20.882 samples/s=73.91
[step 17360/30000] loss=2.0577 lr=1.218e-04 grad_norm=32.305 samples/s=73.91
[step 17370/30000] loss=2.6104 lr=1.216e-04 grad_norm=22.209 samples/s=73.91
[step 17380/30000] loss=2.1305 lr=1.215e-04 grad_norm=17.660 samples/s=73.92
[step 17390/30000] loss=1.8637 lr=1.213e-04 grad_norm=11.395 samples/s=73.91
[step 17400/30000] loss=2.2642 lr=1.212e-04 grad_norm=10.232 samples/s=73.92
[step 17410/30000] loss=2.0886 lr=1.210e-04 grad_norm=14.093 samples/s=73.91
[step 17420/30000] loss=1.9582 lr=1.209e-04 grad_norm=24.180 samples/s=73.92
[step 17430/30000] loss=2.2003 lr=1.207e-04 grad_norm=12.651 samples/s=73.91
[step 17440/30000] loss=2.6688 lr=1.205e-04 grad_norm=29.036 samples/s=73.92
[step 17450/30000] loss=2.2962 lr=1.204e-04 grad_norm=8.281 samples/s=73.91
[step 17460/30000] loss=2.5706 lr=1.202e-04 grad_norm=13.930 samples/s=73.91
[step 17470/30000] loss=2.1435 lr=1.201e-04 grad_norm=15.738 samples/s=73.89
[step 17480/30000] loss=1.8724 lr=1.199e-04 grad_norm=19.083 samples/s=73.89
[step 17490/30000] loss=1.8753 lr=1.197e-04 grad_norm=11.305 samples/s=73.89
[step 17500/30000] loss=1.7882 lr=1.196e-04 grad_norm=17.798 samples/s=73.91
[val step 17500] loss=2.238475601196289 m01={'mean': 0.41312199656828363, 'median': 0.41001299533853347, 'p95': 0.6972343870340306, 'tail_frac_gt4px': 4.0615734535559076e-05, 'n_matched': 24621} m02={'12-16': 0.886520737327189, '16-32': 0.9398186314921682, '32-64': 0.954504562395579, '64-128': 0.9519081600992864} m04={'accuracy': 0.47581333008407456, 'by_octave': {'12-16': 0.2839506172839506, '16-32': 0.3280701754385965, '32-64': 0.6411740945199946, '64-128': 0.5640482398956975}} diag={'gate3_alpha_mean': 0.38104212284088135, 'gate3_alpha_min': 0.017345428466796875, 'gate3_alpha_max': 0.98193359375, 'gate3_alpha_std': 0.1865806132555008, 'gate3_alpha_p10': 0.1512451171875, 'gate3_alpha_p50': 0.35693359375, 'gate3_alpha_p90': 0.653076171875, 'block0_attn_entropy': 7.402698040008545, 'block1_attn_entropy': 7.165280342102051}
[step 17510/30000] loss=2.4277 lr=1.194e-04 grad_norm=32.793 samples/s=73.93
[step 17520/30000] loss=3.2632 lr=1.193e-04 grad_norm=23.831 samples/s=73.96
[step 17530/30000] loss=2.5195 lr=1.191e-04 grad_norm=24.534 samples/s=73.96
[step 17540/30000] loss=2.5105 lr=1.190e-04 grad_norm=12.930 samples/s=73.96
[step 17550/30000] loss=3.0398 lr=1.188e-04 grad_norm=23.969 samples/s=73.96
[step 17560/30000] loss=2.7482 lr=1.187e-04 grad_norm=13.440 samples/s=73.96
[step 17570/30000] loss=1.9451 lr=1.185e-04 grad_norm=10.482 samples/s=73.95
[step 17580/30000] loss=2.4567 lr=1.183e-04 grad_norm=7.850 samples/s=73.95
[step 17590/30000] loss=1.8292 lr=1.182e-04 grad_norm=8.347 samples/s=73.95
[step 17600/30000] loss=2.1631 lr=1.180e-04 grad_norm=12.969 samples/s=73.95
[step 17610/30000] loss=2.1026 lr=1.179e-04 grad_norm=16.256 samples/s=73.94
[step 17620/30000] loss=1.9427 lr=1.177e-04 grad_norm=13.159 samples/s=73.95
[step 17630/30000] loss=3.0213 lr=1.176e-04 grad_norm=29.145 samples/s=73.94
[step 17640/30000] loss=2.5882 lr=1.174e-04 grad_norm=20.228 samples/s=73.94
[step 17650/30000] loss=2.3313 lr=1.172e-04 grad_norm=14.267 samples/s=73.93
[step 17660/30000] loss=2.5927 lr=1.171e-04 grad_norm=16.522 samples/s=73.94
[step 17670/30000] loss=2.6079 lr=1.169e-04 grad_norm=45.643 samples/s=73.93
[step 17680/30000] loss=2.5617 lr=1.168e-04 grad_norm=20.592 samples/s=73.94
[step 17690/30000] loss=1.6226 lr=1.166e-04 grad_norm=9.202 samples/s=73.94
[step 17700/30000] loss=1.6762 lr=1.165e-04 grad_norm=11.608 samples/s=73.94
[step 17710/30000] loss=1.8417 lr=1.163e-04 grad_norm=33.256 samples/s=73.94
[step 17720/30000] loss=2.3664 lr=1.161e-04 grad_norm=13.554 samples/s=73.94
[step 17730/30000] loss=2.1381 lr=1.160e-04 grad_norm=22.616 samples/s=73.95
[step 17740/30000] loss=2.2666 lr=1.158e-04 grad_norm=11.676 samples/s=73.95
[step 17750/30000] loss=1.8364 lr=1.157e-04 grad_norm=11.408 samples/s=73.94
[step 17760/30000] loss=2.8250 lr=1.155e-04 grad_norm=37.096 samples/s=73.95
[step 17770/30000] loss=2.5192 lr=1.154e-04 grad_norm=24.297 samples/s=73.95
[step 17780/30000] loss=1.9517 lr=1.152e-04 grad_norm=12.624 samples/s=73.96
[step 17790/30000] loss=2.0638 lr=1.151e-04 grad_norm=19.129 samples/s=73.96
[step 17800/30000] loss=1.9939 lr=1.149e-04 grad_norm=13.750 samples/s=73.98
[step 17810/30000] loss=2.7524 lr=1.147e-04 grad_norm=30.820 samples/s=73.98
[step 17820/30000] loss=2.1089 lr=1.146e-04 grad_norm=7.425 samples/s=74.00
[step 17830/30000] loss=1.9801 lr=1.144e-04 grad_norm=22.615 samples/s=74.01
[step 17840/30000] loss=2.0921 lr=1.143e-04 grad_norm=13.941 samples/s=74.02
[step 17850/30000] loss=1.8325 lr=1.141e-04 grad_norm=18.404 samples/s=74.03
[step 17860/30000] loss=1.8796 lr=1.140e-04 grad_norm=12.982 samples/s=74.05
[step 17870/30000] loss=1.8420 lr=1.138e-04 grad_norm=6.853 samples/s=74.06
[step 17880/30000] loss=1.9042 lr=1.137e-04 grad_norm=9.581 samples/s=74.07
[step 17890/30000] loss=1.9841 lr=1.135e-04 grad_norm=14.382 samples/s=74.06
[step 17900/30000] loss=1.6657 lr=1.133e-04 grad_norm=10.820 samples/s=74.07
[step 17910/30000] loss=2.1518 lr=1.132e-04 grad_norm=14.201 samples/s=74.07
[step 17920/30000] loss=2.5395 lr=1.130e-04 grad_norm=34.423 samples/s=74.07
[step 17930/30000] loss=2.2146 lr=1.129e-04 grad_norm=29.235 samples/s=74.07
[step 17940/30000] loss=2.1100 lr=1.127e-04 grad_norm=8.855 samples/s=74.07
[step 17950/30000] loss=2.6336 lr=1.126e-04 grad_norm=18.035 samples/s=74.07
[step 17960/30000] loss=1.7484 lr=1.124e-04 grad_norm=7.731 samples/s=74.07
[step 17970/30000] loss=2.5593 lr=1.123e-04 grad_norm=26.607 samples/s=74.06
[step 17980/30000] loss=2.2483 lr=1.121e-04 grad_norm=10.051 samples/s=74.07
[step 17990/30000] loss=2.4397 lr=1.119e-04 grad_norm=42.638 samples/s=74.06
[step 18000/30000] loss=2.3899 lr=1.118e-04 grad_norm=12.608 samples/s=74.07
[step 18010/30000] loss=1.9942 lr=1.116e-04 grad_norm=15.896 samples/s=74.06
[step 18020/30000] loss=1.9144 lr=1.115e-04 grad_norm=14.927 samples/s=74.06
[step 18030/30000] loss=1.7556 lr=1.113e-04 grad_norm=10.567 samples/s=74.06
[step 18040/30000] loss=2.7569 lr=1.112e-04 grad_norm=17.995 samples/s=74.06
[step 18050/30000] loss=1.6842 lr=1.110e-04 grad_norm=7.615 samples/s=74.07
[step 18060/30000] loss=2.2854 lr=1.109e-04 grad_norm=11.684 samples/s=74.07
[step 18070/30000] loss=2.4542 lr=1.107e-04 grad_norm=22.262 samples/s=74.06
[step 18080/30000] loss=2.4026 lr=1.105e-04 grad_norm=30.474 samples/s=74.06
[step 18090/30000] loss=2.1940 lr=1.104e-04 grad_norm=31.670 samples/s=74.06
[step 18100/30000] loss=2.4181 lr=1.102e-04 grad_norm=14.451 samples/s=74.07
[step 18110/30000] loss=1.9306 lr=1.101e-04 grad_norm=13.608 samples/s=74.06
[step 18120/30000] loss=2.0215 lr=1.099e-04 grad_norm=12.715 samples/s=74.07
[step 18130/30000] loss=2.1877 lr=1.098e-04 grad_norm=34.433 samples/s=74.06
[step 18140/30000] loss=1.8203 lr=1.096e-04 grad_norm=14.172 samples/s=74.07
[step 18150/30000] loss=2.6072 lr=1.095e-04 grad_norm=16.405 samples/s=74.07
[step 18160/30000] loss=1.9757 lr=1.093e-04 grad_norm=16.486 samples/s=74.08
[step 18170/30000] loss=2.1839 lr=1.092e-04 grad_norm=14.048 samples/s=74.07
[step 18180/30000] loss=1.9787 lr=1.090e-04 grad_norm=11.232 samples/s=74.08
[step 18190/30000] loss=1.9061 lr=1.089e-04 grad_norm=14.212 samples/s=74.08
[step 18200/30000] loss=2.4883 lr=1.087e-04 grad_norm=10.273 samples/s=74.09
[step 18210/30000] loss=1.9096 lr=1.085e-04 grad_norm=19.623 samples/s=74.09
[step 18220/30000] loss=2.2588 lr=1.084e-04 grad_norm=23.268 samples/s=74.08
[step 18230/30000] loss=1.6286 lr=1.082e-04 grad_norm=14.779 samples/s=74.08
[step 18240/30000] loss=1.7343 lr=1.081e-04 grad_norm=10.056 samples/s=74.09
[step 18250/30000] loss=1.8209 lr=1.079e-04 grad_norm=9.628 samples/s=74.09
[step 18260/30000] loss=2.0651 lr=1.078e-04 grad_norm=21.924 samples/s=74.10
[step 18270/30000] loss=2.6094 lr=1.076e-04 grad_norm=18.773 samples/s=74.09
[step 18280/30000] loss=1.9045 lr=1.075e-04 grad_norm=13.338 samples/s=74.09
[step 18290/30000] loss=1.5723 lr=1.073e-04 grad_norm=16.020 samples/s=74.08
[step 18300/30000] loss=1.4072 lr=1.072e-04 grad_norm=7.366 samples/s=74.09
[step 18310/30000] loss=2.1576 lr=1.070e-04 grad_norm=14.877 samples/s=74.07
[step 18320/30000] loss=2.2291 lr=1.069e-04 grad_norm=15.072 samples/s=74.07
[step 18330/30000] loss=2.3313 lr=1.067e-04 grad_norm=24.662 samples/s=74.07
[step 18340/30000] loss=2.5400 lr=1.065e-04 grad_norm=18.101 samples/s=74.07
[step 18350/30000] loss=2.0258 lr=1.064e-04 grad_norm=15.046 samples/s=74.06
[step 18360/30000] loss=2.2036 lr=1.062e-04 grad_norm=27.323 samples/s=74.07
[step 18370/30000] loss=2.3495 lr=1.061e-04 grad_norm=10.079 samples/s=74.07
[step 18380/30000] loss=1.4891 lr=1.059e-04 grad_norm=11.172 samples/s=74.07
[step 18390/30000] loss=2.4205 lr=1.058e-04 grad_norm=14.915 samples/s=74.06
[step 18400/30000] loss=2.0898 lr=1.056e-04 grad_norm=15.182 samples/s=74.07
[step 18410/30000] loss=2.3145 lr=1.055e-04 grad_norm=15.785 samples/s=74.06
[step 18420/30000] loss=1.2845 lr=1.053e-04 grad_norm=10.278 samples/s=74.07
[step 18430/30000] loss=1.5342 lr=1.052e-04 grad_norm=8.864 samples/s=74.06
[step 18440/30000] loss=1.8300 lr=1.050e-04 grad_norm=14.712 samples/s=74.06
[step 18450/30000] loss=2.7332 lr=1.049e-04 grad_norm=25.159 samples/s=74.06
[step 18460/30000] loss=2.3689 lr=1.047e-04 grad_norm=12.786 samples/s=74.07
[step 18470/30000] loss=2.6939 lr=1.046e-04 grad_norm=19.085 samples/s=74.06
[step 18480/30000] loss=1.4594 lr=1.044e-04 grad_norm=9.802 samples/s=74.07
[step 18490/30000] loss=1.6479 lr=1.043e-04 grad_norm=10.313 samples/s=74.07
[step 18500/30000] loss=2.3806 lr=1.041e-04 grad_norm=18.273 samples/s=74.07
[step 18510/30000] loss=2.3472 lr=1.039e-04 grad_norm=28.470 samples/s=74.05
[step 18520/30000] loss=2.0570 lr=1.038e-04 grad_norm=23.742 samples/s=74.05
[step 18530/30000] loss=1.7570 lr=1.036e-04 grad_norm=8.829 samples/s=74.04
[step 18540/30000] loss=1.9560 lr=1.035e-04 grad_norm=11.236 samples/s=74.05
[step 18550/30000] loss=2.4367 lr=1.033e-04 grad_norm=17.403 samples/s=74.04
[step 18560/30000] loss=1.6521 lr=1.032e-04 grad_norm=11.842 samples/s=74.04
[step 18570/30000] loss=2.4181 lr=1.030e-04 grad_norm=23.731 samples/s=74.04
[step 18580/30000] loss=1.6573 lr=1.029e-04 grad_norm=9.292 samples/s=74.04
[step 18590/30000] loss=2.6071 lr=1.027e-04 grad_norm=21.849 samples/s=74.04
[step 18600/30000] loss=1.8687 lr=1.026e-04 grad_norm=27.322 samples/s=74.04
[step 18610/30000] loss=1.8944 lr=1.024e-04 grad_norm=14.823 samples/s=74.03
[step 18620/30000] loss=2.2523 lr=1.023e-04 grad_norm=23.055 samples/s=74.04
[step 18630/30000] loss=2.0657 lr=1.021e-04 grad_norm=25.749 samples/s=74.03
[step 18640/30000] loss=1.8684 lr=1.020e-04 grad_norm=7.889 samples/s=74.03
[step 18650/30000] loss=2.1208 lr=1.018e-04 grad_norm=10.585 samples/s=74.03
[step 18660/30000] loss=2.1689 lr=1.017e-04 grad_norm=24.466 samples/s=74.03
[step 18670/30000] loss=1.3894 lr=1.015e-04 grad_norm=17.172 samples/s=74.03
[step 18680/30000] loss=2.6425 lr=1.014e-04 grad_norm=19.487 samples/s=74.03
[step 18690/30000] loss=2.3162 lr=1.012e-04 grad_norm=19.742 samples/s=74.03
[step 18700/30000] loss=2.5670 lr=1.011e-04 grad_norm=35.043 samples/s=74.03
[step 18710/30000] loss=2.7021 lr=1.009e-04 grad_norm=23.610 samples/s=74.02
[step 18720/30000] loss=2.4712 lr=1.008e-04 grad_norm=29.818 samples/s=74.02
[step 18730/30000] loss=1.8597 lr=1.006e-04 grad_norm=16.144 samples/s=74.02
[step 18740/30000] loss=1.7136 lr=1.005e-04 grad_norm=21.932 samples/s=74.03
[step 18750/30000] loss=1.9960 lr=1.003e-04 grad_norm=11.774 samples/s=74.03
[step 18760/30000] loss=1.8138 lr=1.002e-04 grad_norm=13.532 samples/s=74.04
[step 18770/30000] loss=1.8934 lr=1.000e-04 grad_norm=16.986 samples/s=74.03
[step 18780/30000] loss=1.8458 lr=9.985e-05 grad_norm=18.348 samples/s=74.04
[step 18790/30000] loss=2.2057 lr=9.970e-05 grad_norm=25.939 samples/s=74.03
[step 18800/30000] loss=2.6090 lr=9.955e-05 grad_norm=29.897 samples/s=74.04
[step 18810/30000] loss=2.0082 lr=9.940e-05 grad_norm=14.858 samples/s=74.03
[step 18820/30000] loss=1.7921 lr=9.925e-05 grad_norm=17.573 samples/s=74.04
[step 18830/30000] loss=1.5858 lr=9.910e-05 grad_norm=17.481 samples/s=74.04
[step 18840/30000] loss=2.1198 lr=9.895e-05 grad_norm=12.352 samples/s=74.04
[step 18850/30000] loss=1.6966 lr=9.880e-05 grad_norm=27.762 samples/s=74.04
[step 18860/30000] loss=1.9784 lr=9.865e-05 grad_norm=21.944 samples/s=74.04
[step 18870/30000] loss=1.8516 lr=9.850e-05 grad_norm=22.861 samples/s=74.03
[step 18880/30000] loss=2.1987 lr=9.835e-05 grad_norm=15.752 samples/s=74.03
[step 18890/30000] loss=2.0258 lr=9.820e-05 grad_norm=57.818 samples/s=74.02
[step 18900/30000] loss=2.4503 lr=9.805e-05 grad_norm=17.940 samples/s=74.03
[step 18910/30000] loss=1.8156 lr=9.790e-05 grad_norm=11.370 samples/s=74.02
[step 18920/30000] loss=1.6059 lr=9.775e-05 grad_norm=8.351 samples/s=74.03
[step 18930/30000] loss=3.1401 lr=9.760e-05 grad_norm=45.842 samples/s=74.02
[step 18940/30000] loss=2.1428 lr=9.745e-05 grad_norm=18.339 samples/s=74.03
[step 18950/30000] loss=2.0705 lr=9.730e-05 grad_norm=19.119 samples/s=74.03
[step 18960/30000] loss=2.3379 lr=9.715e-05 grad_norm=17.869 samples/s=74.03
[step 18970/30000] loss=2.3436 lr=9.700e-05 grad_norm=17.819 samples/s=74.03
[step 18980/30000] loss=1.6704 lr=9.685e-05 grad_norm=8.283 samples/s=74.02
[step 18990/30000] loss=1.5354 lr=9.670e-05 grad_norm=12.648 samples/s=74.01
[step 19000/30000] loss=1.9831 lr=9.655e-05 grad_norm=11.557 samples/s=74.02
[step 19010/30000] loss=2.6753 lr=9.640e-05 grad_norm=23.569 samples/s=74.01
[step 19020/30000] loss=1.4945 lr=9.625e-05 grad_norm=12.170 samples/s=74.02
[step 19030/30000] loss=1.6289 lr=9.610e-05 grad_norm=12.567 samples/s=74.01
[step 19040/30000] loss=2.7607 lr=9.595e-05 grad_norm=17.161 samples/s=74.02
[step 19050/30000] loss=1.5854 lr=9.580e-05 grad_norm=9.433 samples/s=74.02
[step 19060/30000] loss=1.9546 lr=9.565e-05 grad_norm=15.832 samples/s=74.02
[step 19070/30000] loss=2.4623 lr=9.550e-05 grad_norm=41.693 samples/s=74.02
[step 19080/30000] loss=1.8546 lr=9.536e-05 grad_norm=39.935 samples/s=74.02
[step 19090/30000] loss=1.8416 lr=9.521e-05 grad_norm=12.966 samples/s=74.02
[step 19100/30000] loss=2.3520 lr=9.506e-05 grad_norm=29.354 samples/s=74.03
[step 19110/30000] loss=1.6429 lr=9.491e-05 grad_norm=11.103 samples/s=74.03
[step 19120/30000] loss=2.0088 lr=9.476e-05 grad_norm=20.423 samples/s=74.03
[step 19130/30000] loss=2.0618 lr=9.461e-05 grad_norm=14.453 samples/s=74.03
[step 19140/30000] loss=2.2395 lr=9.446e-05 grad_norm=20.472 samples/s=74.03
[step 19150/30000] loss=1.1652 lr=9.432e-05 grad_norm=8.674 samples/s=74.03
[step 19160/30000] loss=2.8029 lr=9.417e-05 grad_norm=20.279 samples/s=74.03
[step 19170/30000] loss=1.5414 lr=9.402e-05 grad_norm=11.551 samples/s=74.03
[step 19180/30000] loss=1.8663 lr=9.387e-05 grad_norm=13.783 samples/s=74.03
[step 19190/30000] loss=1.8207 lr=9.372e-05 grad_norm=10.645 samples/s=74.03
[step 19200/30000] loss=1.8970 lr=9.357e-05 grad_norm=12.895 samples/s=74.03
[step 19210/30000] loss=2.1788 lr=9.343e-05 grad_norm=14.906 samples/s=74.03
[step 19220/30000] loss=1.6299 lr=9.328e-05 grad_norm=25.195 samples/s=74.03
[step 19230/30000] loss=1.9095 lr=9.313e-05 grad_norm=12.387 samples/s=74.02
[step 19240/30000] loss=1.3500 lr=9.298e-05 grad_norm=10.563 samples/s=74.02
[step 19250/30000] loss=1.2960 lr=9.283e-05 grad_norm=12.125 samples/s=74.02
[step 19260/30000] loss=1.8379 lr=9.269e-05 grad_norm=22.825 samples/s=74.03
[step 19270/30000] loss=2.4356 lr=9.254e-05 grad_norm=10.717 samples/s=74.00
[step 19280/30000] loss=1.5846 lr=9.239e-05 grad_norm=11.633 samples/s=74.01
[step 19290/30000] loss=1.8538 lr=9.224e-05 grad_norm=12.841 samples/s=74.01
[step 19300/30000] loss=1.7115 lr=9.210e-05 grad_norm=17.671 samples/s=74.02
[step 19310/30000] loss=1.5446 lr=9.195e-05 grad_norm=12.641 samples/s=74.02
[step 19320/30000] loss=1.4737 lr=9.180e-05 grad_norm=10.523 samples/s=74.02
[step 19330/30000] loss=1.9079 lr=9.165e-05 grad_norm=17.412 samples/s=74.02
[step 19340/30000] loss=1.6892 lr=9.151e-05 grad_norm=20.698 samples/s=74.01
[step 19350/30000] loss=2.2065 lr=9.136e-05 grad_norm=17.943 samples/s=74.00
[step 19360/30000] loss=2.9196 lr=9.121e-05 grad_norm=21.980 samples/s=74.01
[step 19370/30000] loss=1.8515 lr=9.107e-05 grad_norm=12.677 samples/s=74.00
[step 19380/30000] loss=1.6506 lr=9.092e-05 grad_norm=25.277 samples/s=74.00
[step 19390/30000] loss=1.8242 lr=9.077e-05 grad_norm=22.943 samples/s=73.99
[step 19400/30000] loss=2.6407 lr=9.062e-05 grad_norm=24.411 samples/s=74.00
[step 19410/30000] loss=1.9086 lr=9.048e-05 grad_norm=10.580 samples/s=74.00
[step 19420/30000] loss=2.6675 lr=9.033e-05 grad_norm=16.566 samples/s=74.00
[step 19430/30000] loss=1.7561 lr=9.018e-05 grad_norm=16.984 samples/s=74.00
[step 19440/30000] loss=2.1094 lr=9.004e-05 grad_norm=13.006 samples/s=74.00
[step 19450/30000] loss=1.8286 lr=8.989e-05 grad_norm=22.226 samples/s=74.00
[step 19460/30000] loss=1.5446 lr=8.975e-05 grad_norm=16.520 samples/s=74.01
[step 19470/30000] loss=1.6077 lr=8.960e-05 grad_norm=13.567 samples/s=74.01
[step 19480/30000] loss=1.5873 lr=8.945e-05 grad_norm=15.438 samples/s=74.00
[step 19490/30000] loss=2.0119 lr=8.931e-05 grad_norm=11.547 samples/s=74.00
[step 19500/30000] loss=2.0741 lr=8.916e-05 grad_norm=12.140 samples/s=74.00
[step 19510/30000] loss=3.6384 lr=8.902e-05 grad_norm=25.978 samples/s=73.99
[step 19520/30000] loss=1.8975 lr=8.887e-05 grad_norm=11.111 samples/s=74.00
[step 19530/30000] loss=1.5178 lr=8.872e-05 grad_norm=12.668 samples/s=73.98
[step 19540/30000] loss=1.6477 lr=8.858e-05 grad_norm=15.463 samples/s=73.98
[step 19550/30000] loss=2.7041 lr=8.843e-05 grad_norm=20.743 samples/s=73.97
[step 19560/30000] loss=1.5668 lr=8.829e-05 grad_norm=13.373 samples/s=73.97
[step 19570/30000] loss=1.5771 lr=8.814e-05 grad_norm=12.029 samples/s=73.98
[step 19580/30000] loss=2.1677 lr=8.800e-05 grad_norm=9.966 samples/s=73.99
[step 19590/30000] loss=1.8543 lr=8.785e-05 grad_norm=18.394 samples/s=73.98
[step 19600/30000] loss=1.6111 lr=8.770e-05 grad_norm=9.235 samples/s=73.98
[step 19610/30000] loss=2.0796 lr=8.756e-05 grad_norm=21.510 samples/s=73.98
[step 19620/30000] loss=2.4008 lr=8.741e-05 grad_norm=35.285 samples/s=73.98
[step 19630/30000] loss=1.6844 lr=8.727e-05 grad_norm=15.554 samples/s=73.98
[step 19640/30000] loss=2.6754 lr=8.712e-05 grad_norm=10.729 samples/s=73.99
[step 19650/30000] loss=1.9363 lr=8.698e-05 grad_norm=16.470 samples/s=73.98
[step 19660/30000] loss=1.2891 lr=8.683e-05 grad_norm=10.708 samples/s=73.98
[step 19670/30000] loss=1.6856 lr=8.669e-05 grad_norm=13.457 samples/s=73.98
[step 19680/30000] loss=1.7015 lr=8.654e-05 grad_norm=34.447 samples/s=73.98
[step 19690/30000] loss=1.5282 lr=8.640e-05 grad_norm=15.353 samples/s=73.97
[step 19700/30000] loss=1.9756 lr=8.626e-05 grad_norm=8.307 samples/s=73.97
[step 19710/30000] loss=1.9576 lr=8.611e-05 grad_norm=16.715 samples/s=73.96
[step 19720/30000] loss=2.4554 lr=8.597e-05 grad_norm=21.781 samples/s=73.97
[step 19730/30000] loss=2.6675 lr=8.582e-05 grad_norm=17.826 samples/s=73.96
[step 19740/30000] loss=1.8256 lr=8.568e-05 grad_norm=7.918 samples/s=73.97
[step 19750/30000] loss=1.7435 lr=8.553e-05 grad_norm=35.798 samples/s=73.97
[step 19760/30000] loss=1.6901 lr=8.539e-05 grad_norm=10.261 samples/s=73.97
[step 19770/30000] loss=2.1488 lr=8.525e-05 grad_norm=16.012 samples/s=73.97
[step 19780/30000] loss=1.3622 lr=8.510e-05 grad_norm=7.208 samples/s=73.97
[step 19790/30000] loss=1.5337 lr=8.496e-05 grad_norm=21.324 samples/s=73.96
[step 19800/30000] loss=1.7884 lr=8.481e-05 grad_norm=11.563 samples/s=73.95
[step 19810/30000] loss=1.5424 lr=8.467e-05 grad_norm=12.951 samples/s=73.94
[step 19820/30000] loss=2.0904 lr=8.453e-05 grad_norm=34.475 samples/s=73.95
[step 19830/30000] loss=1.4136 lr=8.438e-05 grad_norm=10.178 samples/s=73.95
[step 19840/30000] loss=1.4821 lr=8.424e-05 grad_norm=14.447 samples/s=73.96
[step 19850/30000] loss=2.4373 lr=8.410e-05 grad_norm=15.560 samples/s=73.96
[step 19860/30000] loss=1.8700 lr=8.395e-05 grad_norm=22.725 samples/s=73.96
[step 19870/30000] loss=1.9357 lr=8.381e-05 grad_norm=22.010 samples/s=73.95
[step 19880/30000] loss=1.6835 lr=8.367e-05 grad_norm=19.180 samples/s=73.95
[step 19890/30000] loss=2.0606 lr=8.352e-05 grad_norm=10.860 samples/s=73.95
[step 19900/30000] loss=1.8638 lr=8.338e-05 grad_norm=24.357 samples/s=73.95
[step 19910/30000] loss=1.9887 lr=8.324e-05 grad_norm=16.880 samples/s=73.96
[step 19920/30000] loss=1.7877 lr=8.310e-05 grad_norm=16.765 samples/s=73.96
[step 19930/30000] loss=1.5346 lr=8.295e-05 grad_norm=18.771 samples/s=73.96
[step 19940/30000] loss=1.8629 lr=8.281e-05 grad_norm=12.581 samples/s=73.96
[step 19950/30000] loss=2.1865 lr=8.267e-05 grad_norm=14.166 samples/s=73.96
[step 19960/30000] loss=1.4080 lr=8.252e-05 grad_norm=13.762 samples/s=73.95
[step 19970/30000] loss=1.7109 lr=8.238e-05 grad_norm=24.862 samples/s=73.95
[step 19980/30000] loss=2.7712 lr=8.224e-05 grad_norm=40.853 samples/s=73.95
[step 19990/30000] loss=1.7127 lr=8.210e-05 grad_norm=27.701 samples/s=73.95
[step 20000/30000] loss=2.1311 lr=8.196e-05 grad_norm=24.326 samples/s=73.95
[val step 20000] loss=1.8370403280258178 m01={'mean': 0.41212210581798847, 'median': 0.4095152392848802, 'p95': 0.6943845756835183, 'tail_frac_gt4px': 8.12842918106076e-05, 'n_matched': 24605} m02={'12-16': 0.8879608294930875, '16-32': 0.9397008597338359, '32-64': 0.9532193805423468, '64-128': 0.9503568104250698} m04={'accuracy': 0.700467384677911, 'by_octave': {'12-16': 0.30554654557249433, '16-32': 0.549567614989347, '32-64': 0.9068356478360523, '64-128': 0.8459027097616716}} diag={'gate3_alpha_mean': 0.3467859923839569, 'gate3_alpha_min': 0.015666961669921875, 'gate3_alpha_max': 0.97216796875, 'gate3_alpha_std': 0.16608594357967377, 'gate3_alpha_p10': 0.1438446044921875, 'gate3_alpha_p50': 0.3260498046875, 'gate3_alpha_p90': 0.58349609375, 'block0_attn_entropy': 7.529773235321045, 'block1_attn_entropy': 7.251068115234375}
[step 20010/30000] loss=1.4455 lr=8.181e-05 grad_norm=11.501 samples/s=73.97
[step 20020/30000] loss=1.6702 lr=8.167e-05 grad_norm=22.303 samples/s=73.99
[step 20030/30000] loss=2.0270 lr=8.153e-05 grad_norm=19.319 samples/s=73.99
[step 20040/30000] loss=1.3968 lr=8.139e-05 grad_norm=13.796 samples/s=73.99
[step 20050/30000] loss=1.4380 lr=8.125e-05 grad_norm=11.171 samples/s=73.99
[step 20060/30000] loss=1.7909 lr=8.110e-05 grad_norm=12.168 samples/s=73.99
[step 20070/30000] loss=1.3631 lr=8.096e-05 grad_norm=11.297 samples/s=73.98
[step 20080/30000] loss=1.0958 lr=8.082e-05 grad_norm=12.310 samples/s=73.99
[step 20090/30000] loss=1.9861 lr=8.068e-05 grad_norm=16.190 samples/s=73.98
[step 20100/30000] loss=2.7140 lr=8.054e-05 grad_norm=18.560 samples/s=73.98
[step 20110/30000] loss=2.1202 lr=8.040e-05 grad_norm=8.957 samples/s=73.98
[step 20120/30000] loss=1.8752 lr=8.026e-05 grad_norm=11.359 samples/s=73.98
[step 20130/30000] loss=2.2400 lr=8.011e-05 grad_norm=15.310 samples/s=73.98
[step 20140/30000] loss=2.3217 lr=7.997e-05 grad_norm=21.816 samples/s=73.98
[step 20150/30000] loss=1.3516 lr=7.983e-05 grad_norm=12.889 samples/s=73.97
[step 20160/30000] loss=2.4507 lr=7.969e-05 grad_norm=23.930 samples/s=73.98
[step 20170/30000] loss=1.8742 lr=7.955e-05 grad_norm=29.282 samples/s=73.97
[step 20180/30000] loss=2.7177 lr=7.941e-05 grad_norm=48.227 samples/s=73.97
[step 20190/30000] loss=1.7126 lr=7.927e-05 grad_norm=10.161 samples/s=73.97
[step 20200/30000] loss=2.0029 lr=7.913e-05 grad_norm=34.000 samples/s=73.98
[step 20210/30000] loss=2.2572 lr=7.899e-05 grad_norm=42.364 samples/s=73.97
[step 20220/30000] loss=1.2487 lr=7.885e-05 grad_norm=8.474 samples/s=73.98
[step 20230/30000] loss=1.9437 lr=7.871e-05 grad_norm=37.560 samples/s=73.98
[step 20240/30000] loss=1.4894 lr=7.857e-05 grad_norm=15.460 samples/s=73.98
[step 20250/30000] loss=1.4351 lr=7.843e-05 grad_norm=10.673 samples/s=73.97
[step 20260/30000] loss=1.1393 lr=7.829e-05 grad_norm=18.046 samples/s=73.98
[step 20270/30000] loss=2.2704 lr=7.815e-05 grad_norm=83.791 samples/s=73.98
[step 20280/30000] loss=2.1610 lr=7.801e-05 grad_norm=13.163 samples/s=73.99
[step 20290/30000] loss=2.9472 lr=7.787e-05 grad_norm=35.040 samples/s=73.97
[step 20300/30000] loss=1.6530 lr=7.773e-05 grad_norm=14.745 samples/s=73.97
[step 20310/30000] loss=1.3545 lr=7.759e-05 grad_norm=8.313 samples/s=73.97
[step 20320/30000] loss=1.6126 lr=7.745e-05 grad_norm=17.633 samples/s=73.97
[step 20330/30000] loss=1.3926 lr=7.731e-05 grad_norm=13.133 samples/s=73.98
[step 20340/30000] loss=2.3712 lr=7.717e-05 grad_norm=32.095 samples/s=73.98
[step 20350/30000] loss=1.5101 lr=7.703e-05 grad_norm=27.476 samples/s=73.97
[step 20360/30000] loss=1.9990 lr=7.689e-05 grad_norm=14.882 samples/s=73.98
[step 20370/30000] loss=1.7895 lr=7.675e-05 grad_norm=14.447 samples/s=73.97
[step 20380/30000] loss=1.8842 lr=7.661e-05 grad_norm=17.405 samples/s=73.98
[step 20390/30000] loss=2.1010 lr=7.648e-05 grad_norm=19.777 samples/s=73.98
[step 20400/30000] loss=2.0319 lr=7.634e-05 grad_norm=25.824 samples/s=73.98
[step 20410/30000] loss=1.8197 lr=7.620e-05 grad_norm=14.940 samples/s=73.97
[step 20420/30000] loss=2.2538 lr=7.606e-05 grad_norm=11.938 samples/s=73.98
[step 20430/30000] loss=2.7128 lr=7.592e-05 grad_norm=44.177 samples/s=73.97
[step 20440/30000] loss=2.3131 lr=7.578e-05 grad_norm=43.349 samples/s=73.97
[step 20450/30000] loss=2.1620 lr=7.564e-05 grad_norm=21.398 samples/s=73.97
[step 20460/30000] loss=2.0300 lr=7.551e-05 grad_norm=14.415 samples/s=73.97
[step 20470/30000] loss=1.9396 lr=7.537e-05 grad_norm=12.083 samples/s=73.97
[step 20480/30000] loss=2.6442 lr=7.523e-05 grad_norm=22.834 samples/s=73.97
[step 20490/30000] loss=1.8741 lr=7.509e-05 grad_norm=18.490 samples/s=73.97
[step 20500/30000] loss=1.5588 lr=7.495e-05 grad_norm=15.191 samples/s=73.97
[step 20510/30000] loss=2.4852 lr=7.482e-05 grad_norm=12.460 samples/s=73.97
[step 20520/30000] loss=1.4476 lr=7.468e-05 grad_norm=10.046 samples/s=73.97
[step 20530/30000] loss=2.5477 lr=7.454e-05 grad_norm=14.960 samples/s=73.97
[step 20540/30000] loss=1.4970 lr=7.440e-05 grad_norm=12.447 samples/s=73.97
[step 20550/30000] loss=2.4098 lr=7.427e-05 grad_norm=11.227 samples/s=73.96
[step 20560/30000] loss=2.2785 lr=7.413e-05 grad_norm=18.216 samples/s=73.96
[step 20570/30000] loss=1.4564 lr=7.399e-05 grad_norm=11.150 samples/s=73.94
[step 20580/30000] loss=1.5965 lr=7.385e-05 grad_norm=11.052 samples/s=73.95
[step 20590/30000] loss=1.1265 lr=7.372e-05 grad_norm=13.015 samples/s=73.94
[step 20600/30000] loss=1.4692 lr=7.358e-05 grad_norm=15.479 samples/s=73.95
[step 20610/30000] loss=1.6544 lr=7.344e-05 grad_norm=16.322 samples/s=73.95
[step 20620/30000] loss=2.2479 lr=7.331e-05 grad_norm=10.644 samples/s=73.95
[step 20630/30000] loss=1.5168 lr=7.317e-05 grad_norm=14.054 samples/s=73.95
[step 20640/30000] loss=2.2083 lr=7.303e-05 grad_norm=27.777 samples/s=73.96
[step 20650/30000] loss=2.3877 lr=7.290e-05 grad_norm=22.865 samples/s=73.95
[step 20660/30000] loss=1.9899 lr=7.276e-05 grad_norm=16.161 samples/s=73.95
[step 20670/30000] loss=1.9154 lr=7.262e-05 grad_norm=16.917 samples/s=73.95
[step 20680/30000] loss=1.2003 lr=7.249e-05 grad_norm=9.754 samples/s=73.95
[step 20690/30000] loss=2.1920 lr=7.235e-05 grad_norm=15.607 samples/s=73.95
[step 20700/30000] loss=1.2033 lr=7.222e-05 grad_norm=10.558 samples/s=73.95
[step 20710/30000] loss=1.9771 lr=7.208e-05 grad_norm=33.035 samples/s=73.95
[step 20720/30000] loss=2.8066 lr=7.194e-05 grad_norm=36.129 samples/s=73.95
[step 20730/30000] loss=2.0815 lr=7.181e-05 grad_norm=28.482 samples/s=73.95
[step 20740/30000] loss=2.1013 lr=7.167e-05 grad_norm=26.990 samples/s=73.95
[step 20750/30000] loss=2.0118 lr=7.154e-05 grad_norm=11.566 samples/s=73.95
[step 20760/30000] loss=2.0934 lr=7.140e-05 grad_norm=25.597 samples/s=73.95
[step 20770/30000] loss=1.8406 lr=7.127e-05 grad_norm=12.805 samples/s=73.94
[step 20780/30000] loss=1.5838 lr=7.113e-05 grad_norm=15.461 samples/s=73.95
[step 20790/30000] loss=2.3936 lr=7.099e-05 grad_norm=30.031 samples/s=73.94
[step 20800/30000] loss=1.1531 lr=7.086e-05 grad_norm=14.481 samples/s=73.94
[step 20810/30000] loss=1.9461 lr=7.072e-05 grad_norm=19.421 samples/s=73.94
[step 20820/30000] loss=1.7876 lr=7.059e-05 grad_norm=23.246 samples/s=73.95
[step 20830/30000] loss=2.2985 lr=7.045e-05 grad_norm=9.339 samples/s=73.94
[step 20840/30000] loss=2.1169 lr=7.032e-05 grad_norm=12.379 samples/s=73.92
[step 20850/30000] loss=1.9791 lr=7.019e-05 grad_norm=22.131 samples/s=73.92
[step 20860/30000] loss=2.3029 lr=7.005e-05 grad_norm=25.738 samples/s=73.93
[step 20870/30000] loss=1.8063 lr=6.992e-05 grad_norm=14.664 samples/s=73.93
[step 20880/30000] loss=1.6158 lr=6.978e-05 grad_norm=12.701 samples/s=73.94
[step 20890/30000] loss=1.7111 lr=6.965e-05 grad_norm=10.540 samples/s=73.93
[step 20900/30000] loss=2.7839 lr=6.951e-05 grad_norm=46.561 samples/s=73.94
[step 20910/30000] loss=1.4014 lr=6.938e-05 grad_norm=12.779 samples/s=73.93
[step 20920/30000] loss=1.8112 lr=6.925e-05 grad_norm=31.447 samples/s=73.94
[step 20930/30000] loss=2.0177 lr=6.911e-05 grad_norm=15.500 samples/s=73.94
[step 20940/30000] loss=1.9446 lr=6.898e-05 grad_norm=21.713 samples/s=73.94
[step 20950/30000] loss=2.7184 lr=6.884e-05 grad_norm=16.625 samples/s=73.94
[step 20960/30000] loss=1.5622 lr=6.871e-05 grad_norm=12.098 samples/s=73.94
[step 20970/30000] loss=1.5717 lr=6.858e-05 grad_norm=14.189 samples/s=73.94
[step 20980/30000] loss=1.4368 lr=6.844e-05 grad_norm=11.400 samples/s=73.94
[step 20990/30000] loss=2.1359 lr=6.831e-05 grad_norm=30.303 samples/s=73.94
[step 21000/30000] loss=2.1196 lr=6.818e-05 grad_norm=23.335 samples/s=73.94
[step 21010/30000] loss=1.8984 lr=6.804e-05 grad_norm=10.703 samples/s=73.94
[step 21020/30000] loss=1.1645 lr=6.791e-05 grad_norm=10.250 samples/s=73.94
[step 21030/30000] loss=2.2210 lr=6.778e-05 grad_norm=36.891 samples/s=73.94
[step 21040/30000] loss=1.7589 lr=6.765e-05 grad_norm=24.833 samples/s=73.93
[step 21050/30000] loss=1.8539 lr=6.751e-05 grad_norm=11.495 samples/s=73.93
[step 21060/30000] loss=1.5342 lr=6.738e-05 grad_norm=15.648 samples/s=73.94
[step 21070/30000] loss=1.4060 lr=6.725e-05 grad_norm=13.030 samples/s=73.93
[step 21080/30000] loss=2.9746 lr=6.711e-05 grad_norm=20.173 samples/s=73.93
[step 21090/30000] loss=2.3123 lr=6.698e-05 grad_norm=21.093 samples/s=73.93
[step 21100/30000] loss=1.3235 lr=6.685e-05 grad_norm=27.119 samples/s=73.93
[step 21110/30000] loss=1.6415 lr=6.672e-05 grad_norm=21.194 samples/s=73.92
[step 21120/30000] loss=1.9871 lr=6.659e-05 grad_norm=18.407 samples/s=73.93
[step 21130/30000] loss=1.4047 lr=6.645e-05 grad_norm=11.344 samples/s=73.93
[step 21140/30000] loss=1.6036 lr=6.632e-05 grad_norm=141.965 samples/s=73.93
[step 21150/30000] loss=1.9910 lr=6.619e-05 grad_norm=26.896 samples/s=73.93
[step 21160/30000] loss=2.6696 lr=6.606e-05 grad_norm=13.773 samples/s=73.94
[step 21170/30000] loss=2.0503 lr=6.593e-05 grad_norm=49.653 samples/s=73.93
[step 21180/30000] loss=2.2439 lr=6.580e-05 grad_norm=13.993 samples/s=73.94
[step 21190/30000] loss=2.7053 lr=6.566e-05 grad_norm=36.178 samples/s=73.93
[step 21200/30000] loss=1.6834 lr=6.553e-05 grad_norm=16.726 samples/s=73.93
[step 21210/30000] loss=1.5767 lr=6.540e-05 grad_norm=15.495 samples/s=73.93
[step 21220/30000] loss=1.7793 lr=6.527e-05 grad_norm=24.086 samples/s=73.93
[step 21230/30000] loss=1.3987 lr=6.514e-05 grad_norm=16.712 samples/s=73.93
[step 21240/30000] loss=1.9829 lr=6.501e-05 grad_norm=14.570 samples/s=73.94
[step 21250/30000] loss=2.1855 lr=6.488e-05 grad_norm=25.123 samples/s=73.93
[step 21260/30000] loss=1.4356 lr=6.475e-05 grad_norm=12.000 samples/s=73.94
[step 21270/30000] loss=1.7481 lr=6.462e-05 grad_norm=18.305 samples/s=73.93
[step 21280/30000] loss=1.5399 lr=6.449e-05 grad_norm=20.341 samples/s=73.94
[step 21290/30000] loss=2.1641 lr=6.436e-05 grad_norm=11.641 samples/s=73.94
[step 21300/30000] loss=1.6490 lr=6.423e-05 grad_norm=17.460 samples/s=73.94
[step 21310/30000] loss=2.1949 lr=6.410e-05 grad_norm=20.359 samples/s=73.94
[step 21320/30000] loss=1.8275 lr=6.397e-05 grad_norm=9.501 samples/s=73.94
[step 21330/30000] loss=1.5401 lr=6.384e-05 grad_norm=13.141 samples/s=73.94
[step 21340/30000] loss=1.7176 lr=6.371e-05 grad_norm=25.563 samples/s=73.94
[step 21350/30000] loss=2.0782 lr=6.358e-05 grad_norm=13.519 samples/s=73.94
[step 21360/30000] loss=1.6876 lr=6.345e-05 grad_norm=10.415 samples/s=73.94
[step 21370/30000] loss=1.8740 lr=6.332e-05 grad_norm=16.678 samples/s=73.94
[step 21380/30000] loss=2.0503 lr=6.319e-05 grad_norm=20.327 samples/s=73.95
[step 21390/30000] loss=2.1584 lr=6.306e-05 grad_norm=40.957 samples/s=73.94
[step 21400/30000] loss=1.9185 lr=6.293e-05 grad_norm=14.830 samples/s=73.95
[step 21410/30000] loss=1.8861 lr=6.280e-05 grad_norm=15.748 samples/s=73.94
[step 21420/30000] loss=1.5169 lr=6.267e-05 grad_norm=8.945 samples/s=73.95
[step 21430/30000] loss=1.4603 lr=6.254e-05 grad_norm=8.425 samples/s=73.94
[step 21440/30000] loss=2.2808 lr=6.241e-05 grad_norm=28.984 samples/s=73.95
[step 21450/30000] loss=1.3729 lr=6.229e-05 grad_norm=13.250 samples/s=73.95
[step 21460/30000] loss=1.6880 lr=6.216e-05 grad_norm=13.314 samples/s=73.95
[step 21470/30000] loss=1.7707 lr=6.203e-05 grad_norm=11.054 samples/s=73.94
[step 21480/30000] loss=2.3559 lr=6.190e-05 grad_norm=12.855 samples/s=73.95
[step 21490/30000] loss=2.1324 lr=6.177e-05 grad_norm=19.855 samples/s=73.95
[step 21500/30000] loss=1.2662 lr=6.164e-05 grad_norm=39.584 samples/s=73.96
[step 21510/30000] loss=1.8080 lr=6.152e-05 grad_norm=25.061 samples/s=73.95
[step 21520/30000] loss=1.9939 lr=6.139e-05 grad_norm=21.235 samples/s=73.96
[step 21530/30000] loss=1.9301 lr=6.126e-05 grad_norm=13.962 samples/s=73.96
[step 21540/30000] loss=1.8517 lr=6.113e-05 grad_norm=23.097 samples/s=73.95
[step 21550/30000] loss=2.1387 lr=6.101e-05 grad_norm=109.562 samples/s=73.95
[step 21560/30000] loss=1.7066 lr=6.088e-05 grad_norm=15.222 samples/s=73.95
[step 21570/30000] loss=1.5759 lr=6.075e-05 grad_norm=10.470 samples/s=73.95
[step 21580/30000] loss=1.6853 lr=6.062e-05 grad_norm=16.299 samples/s=73.95
[step 21590/30000] loss=2.1993 lr=6.050e-05 grad_norm=28.355 samples/s=73.95
[step 21600/30000] loss=1.9333 lr=6.037e-05 grad_norm=20.058 samples/s=73.95
[step 21610/30000] loss=1.6609 lr=6.024e-05 grad_norm=16.082 samples/s=73.96
[step 21620/30000] loss=2.2992 lr=6.012e-05 grad_norm=34.071 samples/s=73.95
[step 21630/30000] loss=1.9532 lr=5.999e-05 grad_norm=27.794 samples/s=73.96
[step 21640/30000] loss=2.0718 lr=5.986e-05 grad_norm=38.719 samples/s=73.95
[step 21650/30000] loss=1.1136 lr=5.974e-05 grad_norm=8.841 samples/s=73.95
[step 21660/30000] loss=2.1018 lr=5.961e-05 grad_norm=30.788 samples/s=73.94
[step 21670/30000] loss=1.5797 lr=5.948e-05 grad_norm=13.927 samples/s=73.95
[step 21680/30000] loss=2.0838 lr=5.936e-05 grad_norm=20.606 samples/s=73.94
[step 21690/30000] loss=1.8183 lr=5.923e-05 grad_norm=10.924 samples/s=73.95
[step 21700/30000] loss=1.5015 lr=5.910e-05 grad_norm=25.561 samples/s=73.94
[step 21710/30000] loss=1.9173 lr=5.898e-05 grad_norm=22.120 samples/s=73.95
[step 21720/30000] loss=1.7393 lr=5.885e-05 grad_norm=52.642 samples/s=73.95
[step 21730/30000] loss=1.4562 lr=5.873e-05 grad_norm=15.502 samples/s=73.96
[step 21740/30000] loss=2.5052 lr=5.860e-05 grad_norm=20.437 samples/s=73.96
[step 21750/30000] loss=1.4583 lr=5.848e-05 grad_norm=14.402 samples/s=73.95
[step 21760/30000] loss=2.2081 lr=5.835e-05 grad_norm=33.314 samples/s=73.95
[step 21770/30000] loss=1.6286 lr=5.823e-05 grad_norm=13.324 samples/s=73.95
[step 21780/30000] loss=2.0873 lr=5.810e-05 grad_norm=32.050 samples/s=73.95
[step 21790/30000] loss=1.4325 lr=5.798e-05 grad_norm=20.381 samples/s=73.95
[step 21800/30000] loss=1.6761 lr=5.785e-05 grad_norm=27.623 samples/s=73.95
[step 21810/30000] loss=1.5456 lr=5.773e-05 grad_norm=11.756 samples/s=73.94
[step 21820/30000] loss=2.1919 lr=5.760e-05 grad_norm=12.689 samples/s=73.94
[step 21830/30000] loss=1.6856 lr=5.748e-05 grad_norm=17.531 samples/s=73.93
[step 21840/30000] loss=2.4455 lr=5.735e-05 grad_norm=19.146 samples/s=73.94
[step 21850/30000] loss=2.2595 lr=5.723e-05 grad_norm=15.666 samples/s=73.94
[step 21860/30000] loss=1.4532 lr=5.710e-05 grad_norm=21.032 samples/s=73.94
[step 21870/30000] loss=1.8711 lr=5.698e-05 grad_norm=14.297 samples/s=73.94
[step 21880/30000] loss=1.6227 lr=5.685e-05 grad_norm=10.966 samples/s=73.95
[step 21890/30000] loss=1.6681 lr=5.673e-05 grad_norm=18.690 samples/s=73.94
[step 21900/30000] loss=1.5719 lr=5.661e-05 grad_norm=16.253 samples/s=73.95
[step 21910/30000] loss=1.5548 lr=5.648e-05 grad_norm=16.268 samples/s=73.94
[step 21920/30000] loss=1.4070 lr=5.636e-05 grad_norm=11.204 samples/s=73.94
[step 21930/30000] loss=1.5304 lr=5.624e-05 grad_norm=13.293 samples/s=73.95
[step 21940/30000] loss=1.7887 lr=5.611e-05 grad_norm=12.647 samples/s=73.94
[step 21950/30000] loss=1.0952 lr=5.599e-05 grad_norm=10.809 samples/s=73.94
[step 21960/30000] loss=2.4542 lr=5.587e-05 grad_norm=14.741 samples/s=73.92
[step 21970/30000] loss=1.6811 lr=5.574e-05 grad_norm=13.513 samples/s=73.92
[step 21980/30000] loss=2.5239 lr=5.562e-05 grad_norm=84.700 samples/s=73.91
[step 21990/30000] loss=1.8659 lr=5.550e-05 grad_norm=24.825 samples/s=73.92
[step 22000/30000] loss=2.1358 lr=5.538e-05 grad_norm=44.677 samples/s=73.92
[step 22010/30000] loss=1.6514 lr=5.525e-05 grad_norm=12.634 samples/s=73.92
[step 22020/30000] loss=1.4195 lr=5.513e-05 grad_norm=15.703 samples/s=73.92
[step 22030/30000] loss=1.5071 lr=5.501e-05 grad_norm=16.719 samples/s=73.92
[step 22040/30000] loss=1.6741 lr=5.489e-05 grad_norm=18.550 samples/s=73.92
[step 22050/30000] loss=1.7434 lr=5.476e-05 grad_norm=14.629 samples/s=73.92
[step 22060/30000] loss=1.6218 lr=5.464e-05 grad_norm=8.889 samples/s=73.92
[step 22070/30000] loss=1.5837 lr=5.452e-05 grad_norm=20.558 samples/s=73.92
[step 22080/30000] loss=1.3976 lr=5.440e-05 grad_norm=8.900 samples/s=73.92
[step 22090/30000] loss=1.6120 lr=5.428e-05 grad_norm=20.116 samples/s=73.92
[step 22100/30000] loss=2.0709 lr=5.415e-05 grad_norm=15.579 samples/s=73.92
[step 22110/30000] loss=1.7236 lr=5.403e-05 grad_norm=17.307 samples/s=73.93
[step 22120/30000] loss=3.0147 lr=5.391e-05 grad_norm=35.481 samples/s=73.93
[step 22130/30000] loss=1.3170 lr=5.379e-05 grad_norm=17.664 samples/s=73.94
[step 22140/30000] loss=1.7147 lr=5.367e-05 grad_norm=24.606 samples/s=73.94
[step 22150/30000] loss=1.0274 lr=5.355e-05 grad_norm=6.486 samples/s=73.93
[step 22160/30000] loss=1.9893 lr=5.343e-05 grad_norm=18.583 samples/s=73.92
[step 22170/30000] loss=1.3050 lr=5.331e-05 grad_norm=17.794 samples/s=73.93
[step 22180/30000] loss=2.1966 lr=5.319e-05 grad_norm=23.182 samples/s=73.92
[step 22190/30000] loss=1.7377 lr=5.307e-05 grad_norm=14.424 samples/s=73.92
[step 22200/30000] loss=1.2723 lr=5.295e-05 grad_norm=8.097 samples/s=73.92
[step 22210/30000] loss=2.0039 lr=5.283e-05 grad_norm=31.810 samples/s=73.93
[step 22220/30000] loss=2.2540 lr=5.271e-05 grad_norm=23.185 samples/s=73.92
[step 22230/30000] loss=2.1200 lr=5.259e-05 grad_norm=16.012 samples/s=73.93
[step 22240/30000] loss=1.0262 lr=5.247e-05 grad_norm=6.825 samples/s=73.91
[step 22250/30000] loss=1.9319 lr=5.235e-05 grad_norm=17.323 samples/s=73.92
[step 22260/30000] loss=1.3945 lr=5.223e-05 grad_norm=17.169 samples/s=73.92
[step 22270/30000] loss=1.5433 lr=5.211e-05 grad_norm=20.048 samples/s=73.93
[step 22280/30000] loss=1.4741 lr=5.199e-05 grad_norm=23.852 samples/s=73.92
[step 22290/30000] loss=1.7960 lr=5.187e-05 grad_norm=17.320 samples/s=73.92
[step 22300/30000] loss=1.0683 lr=5.175e-05 grad_norm=8.571 samples/s=73.92
[step 22310/30000] loss=1.9223 lr=5.163e-05 grad_norm=11.953 samples/s=73.93
[step 22320/30000] loss=1.7441 lr=5.151e-05 grad_norm=15.469 samples/s=73.92
[step 22330/30000] loss=2.2209 lr=5.139e-05 grad_norm=23.385 samples/s=73.93
[step 22340/30000] loss=1.6626 lr=5.127e-05 grad_norm=21.857 samples/s=73.92
[step 22350/30000] loss=1.2872 lr=5.115e-05 grad_norm=17.769 samples/s=73.93
[step 22360/30000] loss=1.7867 lr=5.104e-05 grad_norm=11.964 samples/s=73.93
[step 22370/30000] loss=1.0928 lr=5.092e-05 grad_norm=11.387 samples/s=73.93
[step 22380/30000] loss=2.0721 lr=5.080e-05 grad_norm=32.645 samples/s=73.92
[step 22390/30000] loss=2.8315 lr=5.068e-05 grad_norm=29.589 samples/s=73.93
[step 22400/30000] loss=1.5743 lr=5.056e-05 grad_norm=8.857 samples/s=73.92
[step 22410/30000] loss=1.8430 lr=5.044e-05 grad_norm=25.790 samples/s=73.93
[step 22420/30000] loss=2.0272 lr=5.033e-05 grad_norm=17.943 samples/s=73.92
[step 22430/30000] loss=1.8345 lr=5.021e-05 grad_norm=42.320 samples/s=73.93
[step 22440/30000] loss=2.0553 lr=5.009e-05 grad_norm=14.643 samples/s=73.93
[step 22450/30000] loss=1.8804 lr=4.997e-05 grad_norm=16.016 samples/s=73.93
[step 22460/30000] loss=1.7234 lr=4.986e-05 grad_norm=13.137 samples/s=73.92
[step 22470/30000] loss=2.2018 lr=4.974e-05 grad_norm=26.523 samples/s=73.92
[step 22480/30000] loss=2.2233 lr=4.962e-05 grad_norm=14.264 samples/s=73.92
[step 22490/30000] loss=1.5832 lr=4.951e-05 grad_norm=11.197 samples/s=73.91
[step 22500/30000] loss=2.4605 lr=4.939e-05 grad_norm=16.072 samples/s=73.91
[val step 22500] loss=1.6930961360931396 m01={'mean': 0.4124702172752983, 'median': 0.409719305828094, 'p95': 0.6963065672695111, 'tail_frac_gt4px': 0.00012178290168060405, 'n_matched': 24634} m02={'12-16': 0.8894009216589862, '16-32': 0.9408785773171593, '32-64': 0.9539904896542861, '64-128': 0.9515978901644431} m04={'accuracy': 0.7736867743768775, 'by_octave': {'12-16': 0.3319300518134715, '16-32': 0.6934534985605207, '32-64': 0.9376262966455611, '64-128': 0.902184545158135}} diag={'gate3_alpha_mean': 0.34141725301742554, 'gate3_alpha_min': 0.0154266357421875, 'gate3_alpha_max': 0.973876953125, 'gate3_alpha_std': 0.16046972572803497, 'gate3_alpha_p10': 0.14556884765625, 'gate3_alpha_p50': 0.32080078125, 'gate3_alpha_p90': 0.568359375, 'block0_attn_entropy': 7.5721845626831055, 'block1_attn_entropy': 7.2614006996154785}
[step 22510/30000] loss=2.4865 lr=4.927e-05 grad_norm=20.085 samples/s=73.93
[step 22520/30000] loss=1.2498 lr=4.915e-05 grad_norm=20.058 samples/s=73.95
[step 22530/30000] loss=1.7426 lr=4.904e-05 grad_norm=14.882 samples/s=73.94
[step 22540/30000] loss=1.2254 lr=4.892e-05 grad_norm=15.937 samples/s=73.94
[step 22550/30000] loss=2.1858 lr=4.881e-05 grad_norm=19.928 samples/s=73.93
[step 22560/30000] loss=3.0292 lr=4.869e-05 grad_norm=35.702 samples/s=73.93
[step 22570/30000] loss=1.8320 lr=4.857e-05 grad_norm=22.164 samples/s=73.93
[step 22580/30000] loss=1.5461 lr=4.846e-05 grad_norm=24.319 samples/s=73.93
[step 22590/30000] loss=1.6163 lr=4.834e-05 grad_norm=9.764 samples/s=73.93
[step 22600/30000] loss=1.6329 lr=4.823e-05 grad_norm=29.078 samples/s=73.93
[step 22610/30000] loss=2.0701 lr=4.811e-05 grad_norm=35.991 samples/s=73.93
[step 22620/30000] loss=1.1846 lr=4.800e-05 grad_norm=8.859 samples/s=73.93
[step 22630/30000] loss=1.6816 lr=4.788e-05 grad_norm=22.430 samples/s=73.92
[step 22640/30000] loss=1.5627 lr=4.776e-05 grad_norm=11.382 samples/s=73.92
[step 22650/30000] loss=1.5173 lr=4.765e-05 grad_norm=13.853 samples/s=73.92
[step 22660/30000] loss=2.4839 lr=4.753e-05 grad_norm=23.687 samples/s=73.92
[step 22670/30000] loss=1.4930 lr=4.742e-05 grad_norm=9.762 samples/s=73.92
[step 22680/30000] loss=1.2997 lr=4.731e-05 grad_norm=10.869 samples/s=73.92
[step 22690/30000] loss=2.9048 lr=4.719e-05 grad_norm=24.457 samples/s=73.92
[step 22700/30000] loss=2.3560 lr=4.708e-05 grad_norm=23.922 samples/s=73.92
[step 22710/30000] loss=1.6542 lr=4.696e-05 grad_norm=23.068 samples/s=73.91
[step 22720/30000] loss=1.3599 lr=4.685e-05 grad_norm=23.526 samples/s=73.90
[step 22730/30000] loss=1.3827 lr=4.673e-05 grad_norm=18.273 samples/s=73.90
[step 22740/30000] loss=1.5105 lr=4.662e-05 grad_norm=10.011 samples/s=73.91
[step 22750/30000] loss=1.6815 lr=4.651e-05 grad_norm=25.896 samples/s=73.90
[step 22760/30000] loss=1.6773 lr=4.639e-05 grad_norm=10.441 samples/s=73.91
[step 22770/30000] loss=0.9342 lr=4.628e-05 grad_norm=10.458 samples/s=73.91
[step 22780/30000] loss=3.5105 lr=4.617e-05 grad_norm=38.057 samples/s=73.91
[step 22790/30000] loss=1.6822 lr=4.605e-05 grad_norm=23.054 samples/s=73.91
[step 22800/30000] loss=1.5385 lr=4.594e-05 grad_norm=16.198 samples/s=73.91
[step 22810/30000] loss=2.2672 lr=4.583e-05 grad_norm=18.286 samples/s=73.91
[step 22820/30000] loss=2.0811 lr=4.571e-05 grad_norm=11.391 samples/s=73.92
[step 22830/30000] loss=2.3089 lr=4.560e-05 grad_norm=15.226 samples/s=73.92
[step 22840/30000] loss=1.4633 lr=4.549e-05 grad_norm=16.657 samples/s=73.92
[step 22850/30000] loss=1.9245 lr=4.537e-05 grad_norm=18.602 samples/s=73.91
[step 22860/30000] loss=1.8019 lr=4.526e-05 grad_norm=17.440 samples/s=73.91
[step 22870/30000] loss=1.5396 lr=4.515e-05 grad_norm=28.238 samples/s=73.91
[step 22880/30000] loss=1.6069 lr=4.504e-05 grad_norm=14.822 samples/s=73.92
[step 22890/30000] loss=1.8238 lr=4.493e-05 grad_norm=8.594 samples/s=73.92
[step 22900/30000] loss=2.3127 lr=4.481e-05 grad_norm=15.117 samples/s=73.92
[step 22910/30000] loss=1.9950 lr=4.470e-05 grad_norm=20.606 samples/s=73.92
[step 22920/30000] loss=1.6401 lr=4.459e-05 grad_norm=9.076 samples/s=73.92
[step 22930/30000] loss=1.7386 lr=4.448e-05 grad_norm=29.419 samples/s=73.92
[step 22940/30000] loss=1.8047 lr=4.437e-05 grad_norm=16.448 samples/s=73.92
[step 22950/30000] loss=2.9901 lr=4.426e-05 grad_norm=23.835 samples/s=73.92
[step 22960/30000] loss=1.5326 lr=4.414e-05 grad_norm=22.440 samples/s=73.92
[step 22970/30000] loss=1.5374 lr=4.403e-05 grad_norm=15.887 samples/s=73.92
[step 22980/30000] loss=1.4604 lr=4.392e-05 grad_norm=13.652 samples/s=73.92
[step 22990/30000] loss=1.6034 lr=4.381e-05 grad_norm=13.395 samples/s=73.92
[step 23000/30000] loss=2.8750 lr=4.370e-05 grad_norm=17.778 samples/s=73.92
[step 23010/30000] loss=2.1101 lr=4.359e-05 grad_norm=20.899 samples/s=73.90
[step 23020/30000] loss=1.8026 lr=4.348e-05 grad_norm=8.064 samples/s=73.91
[step 23030/30000] loss=1.9051 lr=4.337e-05 grad_norm=13.380 samples/s=73.91
[step 23040/30000] loss=1.2486 lr=4.326e-05 grad_norm=12.267 samples/s=73.91
[step 23050/30000] loss=1.7420 lr=4.315e-05 grad_norm=10.062 samples/s=73.91
[step 23060/30000] loss=2.3001 lr=4.304e-05 grad_norm=16.303 samples/s=73.92
[step 23070/30000] loss=1.6358 lr=4.293e-05 grad_norm=15.646 samples/s=73.91
[step 23080/30000] loss=1.4796 lr=4.282e-05 grad_norm=24.156 samples/s=73.91
[step 23090/30000] loss=2.2597 lr=4.271e-05 grad_norm=19.309 samples/s=73.91
[step 23100/30000] loss=1.8755 lr=4.260e-05 grad_norm=20.738 samples/s=73.91
[step 23110/30000] loss=1.2475 lr=4.249e-05 grad_norm=22.605 samples/s=73.91
[step 23120/30000] loss=1.4337 lr=4.238e-05 grad_norm=18.528 samples/s=73.91
[step 23130/30000] loss=1.8778 lr=4.227e-05 grad_norm=21.798 samples/s=73.91
[step 23140/30000] loss=2.1234 lr=4.216e-05 grad_norm=15.632 samples/s=73.91
[step 23150/30000] loss=1.3936 lr=4.206e-05 grad_norm=30.587 samples/s=73.91
[step 23160/30000] loss=2.1711 lr=4.195e-05 grad_norm=16.847 samples/s=73.91
[step 23170/30000] loss=1.9608 lr=4.184e-05 grad_norm=16.387 samples/s=73.91
[step 23180/30000] loss=1.2644 lr=4.173e-05 grad_norm=10.316 samples/s=73.90
[step 23190/30000] loss=2.2844 lr=4.162e-05 grad_norm=23.895 samples/s=73.91
[step 23200/30000] loss=1.5564 lr=4.151e-05 grad_norm=13.100 samples/s=73.91
[step 23210/30000] loss=1.7460 lr=4.141e-05 grad_norm=22.559 samples/s=73.91
[step 23220/30000] loss=2.2051 lr=4.130e-05 grad_norm=38.533 samples/s=73.91
[step 23230/30000] loss=1.5435 lr=4.119e-05 grad_norm=16.740 samples/s=73.90
[step 23240/30000] loss=2.0134 lr=4.108e-05 grad_norm=25.051 samples/s=73.90
[step 23250/30000] loss=1.7340 lr=4.097e-05 grad_norm=14.963 samples/s=73.90
[step 23260/30000] loss=1.8917 lr=4.087e-05 grad_norm=10.600 samples/s=73.91
[step 23270/30000] loss=1.3842 lr=4.076e-05 grad_norm=10.458 samples/s=73.91
[step 23280/30000] loss=1.3578 lr=4.065e-05 grad_norm=15.572 samples/s=73.90
[step 23290/30000] loss=1.5617 lr=4.055e-05 grad_norm=13.520 samples/s=73.90
[step 23300/30000] loss=1.7155 lr=4.044e-05 grad_norm=23.088 samples/s=73.90
[step 23310/30000] loss=1.1494 lr=4.033e-05 grad_norm=12.148 samples/s=73.91
[step 23320/30000] loss=1.5475 lr=4.023e-05 grad_norm=11.926 samples/s=73.92
[step 23330/30000] loss=1.9528 lr=4.012e-05 grad_norm=11.619 samples/s=73.92
[step 23340/30000] loss=1.5496 lr=4.001e-05 grad_norm=22.612 samples/s=73.93
[step 23350/30000] loss=1.3062 lr=3.991e-05 grad_norm=13.035 samples/s=73.92
[step 23360/30000] loss=1.7356 lr=3.980e-05 grad_norm=23.349 samples/s=73.93
[step 23370/30000] loss=1.7712 lr=3.969e-05 grad_norm=15.472 samples/s=73.92
[step 23380/30000] loss=2.1527 lr=3.959e-05 grad_norm=11.677 samples/s=73.93
[step 23390/30000] loss=1.5223 lr=3.948e-05 grad_norm=18.434 samples/s=73.93
[step 23400/30000] loss=1.6160 lr=3.938e-05 grad_norm=26.102 samples/s=73.93
[step 23410/30000] loss=1.9468 lr=3.927e-05 grad_norm=19.990 samples/s=73.92
[step 23420/30000] loss=2.2023 lr=3.917e-05 grad_norm=24.358 samples/s=73.92
[step 23430/30000] loss=1.6195 lr=3.906e-05 grad_norm=13.632 samples/s=73.92
[step 23440/30000] loss=1.4744 lr=3.896e-05 grad_norm=16.726 samples/s=73.92
[step 23450/30000] loss=1.6890 lr=3.885e-05 grad_norm=9.915 samples/s=73.92
[step 23460/30000] loss=1.7997 lr=3.875e-05 grad_norm=11.853 samples/s=73.92
[step 23470/30000] loss=1.8884 lr=3.864e-05 grad_norm=32.106 samples/s=73.92
[step 23480/30000] loss=1.3631 lr=3.854e-05 grad_norm=8.074 samples/s=73.93
[step 23490/30000] loss=2.1652 lr=3.843e-05 grad_norm=14.138 samples/s=73.93
[step 23500/30000] loss=1.8779 lr=3.833e-05 grad_norm=18.101 samples/s=73.94
[step 23510/30000] loss=1.3286 lr=3.823e-05 grad_norm=13.636 samples/s=73.93
[step 23520/30000] loss=1.6635 lr=3.812e-05 grad_norm=7.431 samples/s=73.93
[step 23530/30000] loss=1.3950 lr=3.802e-05 grad_norm=13.729 samples/s=73.92
[step 23540/30000] loss=2.2033 lr=3.791e-05 grad_norm=13.462 samples/s=73.93
[step 23550/30000] loss=1.7978 lr=3.781e-05 grad_norm=29.212 samples/s=73.92
[step 23560/30000] loss=1.2321 lr=3.771e-05 grad_norm=9.572 samples/s=73.93
[step 23570/30000] loss=1.8129 lr=3.760e-05 grad_norm=12.651 samples/s=73.92
[step 23580/30000] loss=1.5580 lr=3.750e-05 grad_norm=10.521 samples/s=73.92
[step 23590/30000] loss=1.7585 lr=3.740e-05 grad_norm=10.802 samples/s=73.92
[step 23600/30000] loss=1.8180 lr=3.729e-05 grad_norm=32.950 samples/s=73.92
[step 23610/30000] loss=2.2095 lr=3.719e-05 grad_norm=13.916 samples/s=73.92
[step 23620/30000] loss=2.2271 lr=3.709e-05 grad_norm=17.438 samples/s=73.93
[step 23630/30000] loss=1.5744 lr=3.699e-05 grad_norm=19.739 samples/s=73.92
[step 23640/30000] loss=1.1041 lr=3.688e-05 grad_norm=12.066 samples/s=73.93
[step 23650/30000] loss=1.4640 lr=3.678e-05 grad_norm=12.218 samples/s=73.93
[step 23660/30000] loss=1.5263 lr=3.668e-05 grad_norm=22.460 samples/s=73.94
[step 23670/30000] loss=1.1337 lr=3.658e-05 grad_norm=15.936 samples/s=73.94
[step 23680/30000] loss=1.3027 lr=3.648e-05 grad_norm=26.460 samples/s=73.95
[step 23690/30000] loss=2.6037 lr=3.637e-05 grad_norm=21.181 samples/s=73.96
[step 23700/30000] loss=2.1532 lr=3.627e-05 grad_norm=21.087 samples/s=73.97
[step 23710/30000] loss=1.2399 lr=3.617e-05 grad_norm=24.474 samples/s=73.98
[step 23720/30000] loss=1.4290 lr=3.607e-05 grad_norm=12.464 samples/s=73.99
[step 23730/30000] loss=1.9844 lr=3.597e-05 grad_norm=13.385 samples/s=74.00
[step 23740/30000] loss=1.3213 lr=3.587e-05 grad_norm=32.027 samples/s=74.01
[step 23750/30000] loss=1.6768 lr=3.577e-05 grad_norm=20.765 samples/s=74.02
[step 23760/30000] loss=1.8580 lr=3.567e-05 grad_norm=18.720 samples/s=74.03
[step 23770/30000] loss=1.3534 lr=3.557e-05 grad_norm=23.803 samples/s=74.03
[step 23780/30000] loss=1.8112 lr=3.547e-05 grad_norm=18.409 samples/s=74.03
[step 23790/30000] loss=1.8696 lr=3.537e-05 grad_norm=19.515 samples/s=74.03
[step 23800/30000] loss=1.9357 lr=3.526e-05 grad_norm=15.388 samples/s=74.03
[step 23810/30000] loss=1.5974 lr=3.516e-05 grad_norm=11.894 samples/s=74.02
[step 23820/30000] loss=1.1473 lr=3.506e-05 grad_norm=14.894 samples/s=74.02
[step 23830/30000] loss=1.5469 lr=3.497e-05 grad_norm=29.576 samples/s=74.02
[step 23840/30000] loss=1.3818 lr=3.487e-05 grad_norm=8.241 samples/s=74.02
[step 23850/30000] loss=1.9081 lr=3.477e-05 grad_norm=13.744 samples/s=74.02
[step 23860/30000] loss=2.2089 lr=3.467e-05 grad_norm=12.704 samples/s=74.02
[step 23870/30000] loss=1.5090 lr=3.457e-05 grad_norm=16.162 samples/s=74.02
[step 23880/30000] loss=2.4255 lr=3.447e-05 grad_norm=38.396 samples/s=74.02
[step 23890/30000] loss=1.6799 lr=3.437e-05 grad_norm=14.042 samples/s=74.02
[step 23900/30000] loss=1.5492 lr=3.427e-05 grad_norm=15.217 samples/s=74.02
[step 23910/30000] loss=2.3128 lr=3.417e-05 grad_norm=24.526 samples/s=74.01
[step 23920/30000] loss=1.7736 lr=3.407e-05 grad_norm=7.928 samples/s=74.01
[step 23930/30000] loss=1.5110 lr=3.397e-05 grad_norm=20.934 samples/s=74.00
[step 23940/30000] loss=1.6517 lr=3.388e-05 grad_norm=21.903 samples/s=74.01
[step 23950/30000] loss=1.5313 lr=3.378e-05 grad_norm=20.349 samples/s=74.00
[step 23960/30000] loss=2.2436 lr=3.368e-05 grad_norm=25.256 samples/s=74.01
[step 23970/30000] loss=2.0153 lr=3.358e-05 grad_norm=12.975 samples/s=74.01
[step 23980/30000] loss=1.3226 lr=3.348e-05 grad_norm=9.461 samples/s=74.01
[step 23990/30000] loss=1.3866 lr=3.339e-05 grad_norm=9.067 samples/s=74.01
[step 24000/30000] loss=1.7622 lr=3.329e-05 grad_norm=18.146 samples/s=74.01
[step 24010/30000] loss=1.4164 lr=3.319e-05 grad_norm=37.743 samples/s=74.01
[step 24020/30000] loss=3.1011 lr=3.310e-05 grad_norm=41.713 samples/s=74.02
[step 24030/30000] loss=1.8215 lr=3.300e-05 grad_norm=23.075 samples/s=74.03
[step 24040/30000] loss=1.4515 lr=3.290e-05 grad_norm=9.595 samples/s=74.02
[step 24050/30000] loss=1.9082 lr=3.280e-05 grad_norm=49.687 samples/s=74.03
[step 24060/30000] loss=1.6241 lr=3.271e-05 grad_norm=22.652 samples/s=74.03
[step 24070/30000] loss=1.7981 lr=3.261e-05 grad_norm=24.887 samples/s=74.04
[step 24080/30000] loss=2.4221 lr=3.252e-05 grad_norm=28.593 samples/s=74.04
[step 24090/30000] loss=1.7977 lr=3.242e-05 grad_norm=16.590 samples/s=74.04
[step 24100/30000] loss=1.9810 lr=3.232e-05 grad_norm=20.665 samples/s=74.04
[step 24110/30000] loss=1.7016 lr=3.223e-05 grad_norm=15.231 samples/s=74.04
[step 24120/30000] loss=1.8876 lr=3.213e-05 grad_norm=22.223 samples/s=74.03
[step 24130/30000] loss=1.2061 lr=3.204e-05 grad_norm=10.997 samples/s=74.03
[step 24140/30000] loss=1.2748 lr=3.194e-05 grad_norm=19.735 samples/s=74.03
[step 24150/30000] loss=1.6764 lr=3.185e-05 grad_norm=18.505 samples/s=74.03
[step 24160/30000] loss=1.5150 lr=3.175e-05 grad_norm=12.017 samples/s=74.03
[step 24170/30000] loss=1.4540 lr=3.165e-05 grad_norm=11.262 samples/s=74.03
[step 24180/30000] loss=2.1791 lr=3.156e-05 grad_norm=25.151 samples/s=74.03
[step 24190/30000] loss=1.7444 lr=3.147e-05 grad_norm=11.730 samples/s=74.03
[step 24200/30000] loss=1.2470 lr=3.137e-05 grad_norm=13.432 samples/s=74.03
[step 24210/30000] loss=1.6523 lr=3.128e-05 grad_norm=13.845 samples/s=74.03
[step 24220/30000] loss=2.2460 lr=3.118e-05 grad_norm=14.172 samples/s=74.03
[step 24230/30000] loss=1.5374 lr=3.109e-05 grad_norm=15.800 samples/s=74.03
[step 24240/30000] loss=1.8404 lr=3.099e-05 grad_norm=8.811 samples/s=74.03
[step 24250/30000] loss=1.5244 lr=3.090e-05 grad_norm=19.113 samples/s=74.03
[step 24260/30000] loss=1.2648 lr=3.081e-05 grad_norm=14.107 samples/s=74.02
[step 24270/30000] loss=1.2366 lr=3.071e-05 grad_norm=22.825 samples/s=74.03
[step 24280/30000] loss=1.5180 lr=3.062e-05 grad_norm=12.061 samples/s=74.02
[step 24290/30000] loss=1.2741 lr=3.053e-05 grad_norm=22.200 samples/s=74.03
[step 24300/30000] loss=1.8392 lr=3.043e-05 grad_norm=12.770 samples/s=74.02
[step 24310/30000] loss=1.2387 lr=3.034e-05 grad_norm=23.105 samples/s=74.03
[step 24320/30000] loss=1.3184 lr=3.025e-05 grad_norm=9.727 samples/s=74.02
[step 24330/30000] loss=1.2728 lr=3.015e-05 grad_norm=10.882 samples/s=74.02
[step 24340/30000] loss=1.9654 lr=3.006e-05 grad_norm=20.146 samples/s=74.03
[step 24350/30000] loss=1.6786 lr=2.997e-05 grad_norm=23.178 samples/s=74.03
[step 24360/30000] loss=1.7660 lr=2.988e-05 grad_norm=15.692 samples/s=74.02
[step 24370/30000] loss=1.9590 lr=2.978e-05 grad_norm=11.975 samples/s=74.02
[step 24380/30000] loss=0.8946 lr=2.969e-05 grad_norm=10.578 samples/s=74.02
[step 24390/30000] loss=1.5293 lr=2.960e-05 grad_norm=9.603 samples/s=74.02
[step 24400/30000] loss=1.8876 lr=2.951e-05 grad_norm=24.587 samples/s=74.02
[step 24410/30000] loss=1.6562 lr=2.942e-05 grad_norm=10.323 samples/s=74.02
[step 24420/30000] loss=2.3877 lr=2.932e-05 grad_norm=42.003 samples/s=74.02
[step 24430/30000] loss=1.7409 lr=2.923e-05 grad_norm=28.046 samples/s=74.02
[step 24440/30000] loss=1.5406 lr=2.914e-05 grad_norm=12.495 samples/s=74.02
[step 24450/30000] loss=1.2762 lr=2.905e-05 grad_norm=10.452 samples/s=74.02
[step 24460/30000] loss=1.6792 lr=2.896e-05 grad_norm=11.987 samples/s=74.02
[step 24470/30000] loss=2.2619 lr=2.887e-05 grad_norm=29.455 samples/s=74.02
[step 24480/30000] loss=1.5765 lr=2.878e-05 grad_norm=32.777 samples/s=74.02
[step 24490/30000] loss=2.0171 lr=2.869e-05 grad_norm=13.409 samples/s=74.03
[step 24500/30000] loss=1.7138 lr=2.860e-05 grad_norm=17.678 samples/s=74.02
[step 24510/30000] loss=1.6331 lr=2.851e-05 grad_norm=15.328 samples/s=74.02
[step 24520/30000] loss=1.5783 lr=2.842e-05 grad_norm=10.457 samples/s=74.02
[step 24530/30000] loss=2.3298 lr=2.833e-05 grad_norm=36.282 samples/s=74.02
[step 24540/30000] loss=1.6586 lr=2.824e-05 grad_norm=11.249 samples/s=74.01
[step 24550/30000] loss=1.3389 lr=2.815e-05 grad_norm=10.996 samples/s=74.02
[step 24560/30000] loss=1.5051 lr=2.806e-05 grad_norm=12.445 samples/s=74.01
[step 24570/30000] loss=1.9389 lr=2.797e-05 grad_norm=16.171 samples/s=74.01
[step 24580/30000] loss=1.4287 lr=2.788e-05 grad_norm=24.769 samples/s=74.01
[step 24590/30000] loss=1.2858 lr=2.779e-05 grad_norm=9.209 samples/s=74.00
[step 24600/30000] loss=1.5511 lr=2.770e-05 grad_norm=12.251 samples/s=74.00
[step 24610/30000] loss=1.4822 lr=2.761e-05 grad_norm=12.576 samples/s=74.00
[step 24620/30000] loss=1.8932 lr=2.752e-05 grad_norm=16.565 samples/s=74.00
[step 24630/30000] loss=1.7344 lr=2.744e-05 grad_norm=11.788 samples/s=74.01
[step 24640/30000] loss=1.8893 lr=2.735e-05 grad_norm=19.254 samples/s=74.00
[step 24650/30000] loss=1.7053 lr=2.726e-05 grad_norm=25.800 samples/s=74.01
[step 24660/30000] loss=2.0547 lr=2.717e-05 grad_norm=28.379 samples/s=74.00
[step 24670/30000] loss=2.0500 lr=2.708e-05 grad_norm=34.833 samples/s=74.00
[step 24680/30000] loss=1.4185 lr=2.700e-05 grad_norm=10.566 samples/s=74.00
[step 24690/30000] loss=2.3943 lr=2.691e-05 grad_norm=19.532 samples/s=74.01
[step 24700/30000] loss=1.3028 lr=2.682e-05 grad_norm=19.419 samples/s=74.00
[step 24710/30000] loss=1.2124 lr=2.673e-05 grad_norm=14.310 samples/s=74.00
[step 24720/30000] loss=2.1940 lr=2.665e-05 grad_norm=37.178 samples/s=73.99
[step 24730/30000] loss=2.0917 lr=2.656e-05 grad_norm=18.164 samples/s=74.00
[step 24740/30000] loss=2.4003 lr=2.647e-05 grad_norm=12.044 samples/s=74.00
[step 24750/30000] loss=2.2241 lr=2.639e-05 grad_norm=16.871 samples/s=74.00
[step 24760/30000] loss=1.1175 lr=2.630e-05 grad_norm=7.085 samples/s=74.00
[step 24770/30000] loss=1.7484 lr=2.621e-05 grad_norm=23.756 samples/s=74.00
[step 24780/30000] loss=2.0565 lr=2.613e-05 grad_norm=53.573 samples/s=74.00
[step 24790/30000] loss=1.2815 lr=2.604e-05 grad_norm=19.741 samples/s=74.01
[step 24800/30000] loss=2.2502 lr=2.595e-05 grad_norm=12.893 samples/s=74.00
[step 24810/30000] loss=1.4903 lr=2.587e-05 grad_norm=10.041 samples/s=74.01
[step 24820/30000] loss=1.1632 lr=2.578e-05 grad_norm=10.086 samples/s=74.01
[step 24830/30000] loss=2.2812 lr=2.570e-05 grad_norm=18.561 samples/s=74.01
[step 24840/30000] loss=1.9770 lr=2.561e-05 grad_norm=20.703 samples/s=74.00
[step 24850/30000] loss=1.6797 lr=2.553e-05 grad_norm=12.129 samples/s=74.01
[step 24860/30000] loss=1.8203 lr=2.544e-05 grad_norm=15.279 samples/s=74.00
[step 24870/30000] loss=2.1548 lr=2.536e-05 grad_norm=37.464 samples/s=74.00
[step 24880/30000] loss=2.1123 lr=2.527e-05 grad_norm=21.772 samples/s=74.00
[step 24890/30000] loss=2.3798 lr=2.519e-05 grad_norm=19.227 samples/s=74.01
[step 24900/30000] loss=2.0073 lr=2.510e-05 grad_norm=30.531 samples/s=74.01
[step 24910/30000] loss=1.4780 lr=2.502e-05 grad_norm=16.940 samples/s=74.01
[step 24920/30000] loss=2.0619 lr=2.493e-05 grad_norm=22.145 samples/s=74.01
[step 24930/30000] loss=1.9066 lr=2.485e-05 grad_norm=14.152 samples/s=74.01
[step 24940/30000] loss=0.9793 lr=2.477e-05 grad_norm=8.959 samples/s=74.01
[step 24950/30000] loss=1.6777 lr=2.468e-05 grad_norm=13.857 samples/s=74.01
[step 24960/30000] loss=2.1743 lr=2.460e-05 grad_norm=22.207 samples/s=74.01
[step 24970/30000] loss=1.7664 lr=2.451e-05 grad_norm=19.728 samples/s=74.01
[step 24980/30000] loss=2.6839 lr=2.443e-05 grad_norm=26.416 samples/s=74.01
[step 24990/30000] loss=2.0019 lr=2.435e-05 grad_norm=14.315 samples/s=74.01
[step 25000/30000] loss=1.4431 lr=2.427e-05 grad_norm=15.451 samples/s=74.01
[val step 25000] loss=1.6229845023155212 m01={'mean': 0.4122818189330519, 'median': 0.4093966877548047, 'p95': 0.692937209495713, 'tail_frac_gt4px': 0.00012185215272136474, 'n_matched': 24620} m02={'12-16': 0.8888248847926268, '16-32': 0.9397008597338359, '32-64': 0.9538619714689629, '64-128': 0.9514427551970214} m04={'accuracy': 0.8109666937449228, 'by_octave': {'12-16': 0.3745949449125081, '16-32': 0.7693946609850858, '32-64': 0.9486661277283751, '64-128': 0.9179846730800587}} diag={'gate3_alpha_mean': 0.3329106867313385, 'gate3_alpha_min': 0.01507568359375, 'gate3_alpha_max': 0.970458984375, 'gate3_alpha_std': 0.16087526082992554, 'gate3_alpha_p10': 0.13983154296875, 'gate3_alpha_p50': 0.30951690673828125, 'gate3_alpha_p90': 0.5634765625, 'block0_attn_entropy': 7.578415870666504, 'block1_attn_entropy': 7.212338924407959}
[FULL val step 25000] loss=1.6697680917739868 m01={'mean': 0.41280594577817453, 'median': 0.4087300850323168, 'p95': 0.6984188908212456, 'tail_frac_gt4px': 4.0565976504186406e-05, 'n_matched': 123256} m02={'12-16': 0.9112907753635394, '16-32': 0.9364078925707298, '32-64': 0.9457393865529149, '64-128': 0.9440698260650365} m04={'accuracy': 0.8046748231323424, 'by_octave': {'12-16': 0.4020701127472121, '16-32': 0.7611321797222292, '32-64': 0.943539076972642, '64-128': 0.9080137512099062}}
[train_detector] wrote checkpoint runs/mb3_base_30k/ckpt_0025000.pt
[step 25010/30000] loss=1.2986 lr=2.418e-05 grad_norm=18.046 samples/s=74.03
[step 25020/30000] loss=1.7774 lr=2.410e-05 grad_norm=16.131 samples/s=74.04
[step 25030/30000] loss=1.7455 lr=2.402e-05 grad_norm=15.125 samples/s=74.04
[step 25040/30000] loss=1.6514 lr=2.393e-05 grad_norm=21.111 samples/s=74.04
[step 25050/30000] loss=1.3413 lr=2.385e-05 grad_norm=22.769 samples/s=74.04
[step 25060/30000] loss=1.3236 lr=2.377e-05 grad_norm=18.214 samples/s=74.04
[step 25070/30000] loss=1.3779 lr=2.369e-05 grad_norm=16.363 samples/s=74.04
[step 25080/30000] loss=2.1974 lr=2.361e-05 grad_norm=53.019 samples/s=74.04
[step 25090/30000] loss=1.7043 lr=2.352e-05 grad_norm=13.482 samples/s=74.04
[step 25100/30000] loss=1.0990 lr=2.344e-05 grad_norm=10.671 samples/s=74.04
[step 25110/30000] loss=1.3869 lr=2.336e-05 grad_norm=22.792 samples/s=74.03
[step 25120/30000] loss=1.6464 lr=2.328e-05 grad_norm=16.669 samples/s=74.03
[step 25130/30000] loss=1.8989 lr=2.320e-05 grad_norm=35.358 samples/s=74.03
[step 25140/30000] loss=1.0783 lr=2.312e-05 grad_norm=10.805 samples/s=74.03
[step 25150/30000] loss=2.8781 lr=2.304e-05 grad_norm=54.585 samples/s=74.03
[step 25160/30000] loss=1.2552 lr=2.296e-05 grad_norm=14.142 samples/s=74.03
[step 25170/30000] loss=1.2785 lr=2.288e-05 grad_norm=42.631 samples/s=74.03
[step 25180/30000] loss=2.2149 lr=2.280e-05 grad_norm=11.073 samples/s=74.03
[step 25190/30000] loss=1.6430 lr=2.272e-05 grad_norm=17.417 samples/s=74.02
[step 25200/30000] loss=1.6702 lr=2.264e-05 grad_norm=29.963 samples/s=74.03
[step 25210/30000] loss=1.8608 lr=2.256e-05 grad_norm=16.330 samples/s=74.03
[step 25220/30000] loss=1.4833 lr=2.248e-05 grad_norm=12.198 samples/s=74.04
[step 25230/30000] loss=2.4138 lr=2.240e-05 grad_norm=13.837 samples/s=74.03
[step 25240/30000] loss=1.4719 lr=2.232e-05 grad_norm=15.301 samples/s=74.03
[step 25250/30000] loss=1.5182 lr=2.224e-05 grad_norm=8.296 samples/s=74.04
[step 25260/30000] loss=1.7954 lr=2.216e-05 grad_norm=19.063 samples/s=74.03
[step 25270/30000] loss=1.5816 lr=2.208e-05 grad_norm=13.578 samples/s=74.03
[step 25280/30000] loss=1.1473 lr=2.200e-05 grad_norm=6.312 samples/s=74.03
[step 25290/30000] loss=1.5587 lr=2.192e-05 grad_norm=21.840 samples/s=74.02
[step 25300/30000] loss=1.8075 lr=2.184e-05 grad_norm=15.619 samples/s=74.02
[step 25310/30000] loss=1.8094 lr=2.177e-05 grad_norm=20.731 samples/s=74.02
[step 25320/30000] loss=1.4647 lr=2.169e-05 grad_norm=9.994 samples/s=74.02
[step 25330/30000] loss=1.8302 lr=2.161e-05 grad_norm=35.013 samples/s=74.02
[step 25340/30000] loss=2.2433 lr=2.153e-05 grad_norm=14.251 samples/s=74.02
[step 25350/30000] loss=1.3913 lr=2.145e-05 grad_norm=12.925 samples/s=74.02
[step 25360/30000] loss=1.7640 lr=2.138e-05 grad_norm=28.047 samples/s=74.02
[step 25370/30000] loss=1.6281 lr=2.130e-05 grad_norm=7.847 samples/s=74.01
[step 25380/30000] loss=2.3322 lr=2.122e-05 grad_norm=27.522 samples/s=74.02
[step 25390/30000] loss=1.7780 lr=2.114e-05 grad_norm=13.432 samples/s=74.01
[step 25400/30000] loss=1.4126 lr=2.107e-05 grad_norm=12.989 samples/s=74.02
[step 25410/30000] loss=1.2930 lr=2.099e-05 grad_norm=13.917 samples/s=74.01
[step 25420/30000] loss=1.4780 lr=2.091e-05 grad_norm=14.010 samples/s=74.02
[step 25430/30000] loss=2.2063 lr=2.084e-05 grad_norm=16.037 samples/s=74.01
[step 25440/30000] loss=2.5064 lr=2.076e-05 grad_norm=18.573 samples/s=74.02
[step 25450/30000] loss=1.3352 lr=2.068e-05 grad_norm=11.205 samples/s=74.02
[step 25460/30000] loss=2.5311 lr=2.061e-05 grad_norm=15.461 samples/s=74.02
[step 25470/30000] loss=2.0717 lr=2.053e-05 grad_norm=20.944 samples/s=74.02
[step 25480/30000] loss=1.1797 lr=2.046e-05 grad_norm=8.659 samples/s=74.03
[step 25490/30000] loss=1.3949 lr=2.038e-05 grad_norm=22.267 samples/s=74.02
[step 25500/30000] loss=1.3851 lr=2.031e-05 grad_norm=12.368 samples/s=74.03
[step 25510/30000] loss=1.7766 lr=2.023e-05 grad_norm=10.782 samples/s=74.02
[step 25520/30000] loss=1.9495 lr=2.016e-05 grad_norm=33.158 samples/s=74.03
[step 25530/30000] loss=1.1429 lr=2.008e-05 grad_norm=18.640 samples/s=74.03
[step 25540/30000] loss=1.5754 lr=2.001e-05 grad_norm=23.103 samples/s=74.03
[step 25550/30000] loss=1.2247 lr=1.993e-05 grad_norm=17.021 samples/s=74.03
[step 25560/30000] loss=1.5948 lr=1.986e-05 grad_norm=21.303 samples/s=74.03
[step 25570/30000] loss=1.5599 lr=1.978e-05 grad_norm=18.785 samples/s=74.02
[step 25580/30000] loss=1.4036 lr=1.971e-05 grad_norm=8.768 samples/s=74.02
[step 25590/30000] loss=1.6503 lr=1.963e-05 grad_norm=9.978 samples/s=74.01
[step 25600/30000] loss=0.9951 lr=1.956e-05 grad_norm=11.477 samples/s=74.02
[step 25610/30000] loss=1.7642 lr=1.949e-05 grad_norm=19.198 samples/s=74.02
[step 25620/30000] loss=1.9614 lr=1.941e-05 grad_norm=10.289 samples/s=74.02
[step 25630/30000] loss=1.6655 lr=1.934e-05 grad_norm=19.640 samples/s=74.02
[step 25640/30000] loss=1.6952 lr=1.927e-05 grad_norm=21.853 samples/s=74.03
[step 25650/30000] loss=1.6458 lr=1.919e-05 grad_norm=17.588 samples/s=74.02
[step 25660/30000] loss=2.1919 lr=1.912e-05 grad_norm=29.045 samples/s=74.02
[step 25670/30000] loss=2.1037 lr=1.905e-05 grad_norm=20.268 samples/s=74.02
[step 25680/30000] loss=1.7334 lr=1.897e-05 grad_norm=14.629 samples/s=74.02
[step 25690/30000] loss=1.6105 lr=1.890e-05 grad_norm=15.374 samples/s=74.02
[step 25700/30000] loss=1.0894 lr=1.883e-05 grad_norm=14.877 samples/s=74.02
[step 25710/30000] loss=1.4746 lr=1.876e-05 grad_norm=13.763 samples/s=74.02
[step 25720/30000] loss=1.4937 lr=1.869e-05 grad_norm=12.200 samples/s=74.02
[step 25730/30000] loss=1.5833 lr=1.861e-05 grad_norm=12.937 samples/s=74.02
[step 25740/30000] loss=1.5312 lr=1.854e-05 grad_norm=10.822 samples/s=74.03
[step 25750/30000] loss=1.6354 lr=1.847e-05 grad_norm=14.218 samples/s=74.02
[step 25760/30000] loss=2.2051 lr=1.840e-05 grad_norm=21.622 samples/s=74.02
[step 25770/30000] loss=1.8841 lr=1.833e-05 grad_norm=20.059 samples/s=74.02
[step 25780/30000] loss=1.8073 lr=1.826e-05 grad_norm=17.234 samples/s=74.02
[step 25790/30000] loss=2.6218 lr=1.819e-05 grad_norm=14.144 samples/s=74.02
[step 25800/30000] loss=1.1393 lr=1.811e-05 grad_norm=12.499 samples/s=74.02
[step 25810/30000] loss=1.5879 lr=1.804e-05 grad_norm=13.977 samples/s=74.02
[step 25820/30000] loss=1.9175 lr=1.797e-05 grad_norm=12.386 samples/s=74.02
[step 25830/30000] loss=3.1661 lr=1.790e-05 grad_norm=16.430 samples/s=74.02
[step 25840/30000] loss=2.0653 lr=1.783e-05 grad_norm=23.209 samples/s=74.02
[step 25850/30000] loss=1.3439 lr=1.776e-05 grad_norm=14.908 samples/s=74.01
[step 25860/30000] loss=1.5243 lr=1.769e-05 grad_norm=18.116 samples/s=74.00
[step 25870/30000] loss=1.2910 lr=1.762e-05 grad_norm=10.437 samples/s=74.00
[step 25880/30000] loss=1.7944 lr=1.755e-05 grad_norm=14.814 samples/s=74.01
[step 25890/30000] loss=1.9214 lr=1.748e-05 grad_norm=21.841 samples/s=74.00
[step 25900/30000] loss=2.0283 lr=1.742e-05 grad_norm=19.085 samples/s=74.00
[step 25910/30000] loss=1.6921 lr=1.735e-05 grad_norm=14.343 samples/s=74.00
[step 25920/30000] loss=1.7964 lr=1.728e-05 grad_norm=15.090 samples/s=74.01
[step 25930/30000] loss=1.2887 lr=1.721e-05 grad_norm=12.754 samples/s=74.01
[step 25940/30000] loss=1.3058 lr=1.714e-05 grad_norm=7.718 samples/s=74.02
[step 25950/30000] loss=2.0632 lr=1.707e-05 grad_norm=27.563 samples/s=74.01
[step 25960/30000] loss=1.5211 lr=1.700e-05 grad_norm=14.142 samples/s=74.02
[step 25970/30000] loss=1.5959 lr=1.694e-05 grad_norm=15.040 samples/s=74.01
[step 25980/30000] loss=1.6223 lr=1.687e-05 grad_norm=13.504 samples/s=74.01
[step 25990/30000] loss=1.4153 lr=1.680e-05 grad_norm=7.636 samples/s=74.01
[step 26000/30000] loss=2.2474 lr=1.673e-05 grad_norm=41.436 samples/s=74.02
[step 26010/30000] loss=1.6679 lr=1.666e-05 grad_norm=17.871 samples/s=74.02
[step 26020/30000] loss=1.8997 lr=1.660e-05 grad_norm=46.573 samples/s=74.02
[step 26030/30000] loss=1.9487 lr=1.653e-05 grad_norm=16.641 samples/s=74.02
[step 26040/30000] loss=1.8785 lr=1.646e-05 grad_norm=14.944 samples/s=74.02
[step 26050/30000] loss=2.1078 lr=1.640e-05 grad_norm=16.067 samples/s=74.02
[step 26060/30000] loss=2.2330 lr=1.633e-05 grad_norm=9.653 samples/s=74.03
[step 26070/30000] loss=1.5381 lr=1.626e-05 grad_norm=14.910 samples/s=74.02
[step 26080/30000] loss=2.0364 lr=1.620e-05 grad_norm=22.908 samples/s=74.02
[step 26090/30000] loss=1.5864 lr=1.613e-05 grad_norm=20.530 samples/s=74.02
[step 26100/30000] loss=1.3697 lr=1.606e-05 grad_norm=11.287 samples/s=74.02
[step 26110/30000] loss=1.1989 lr=1.600e-05 grad_norm=11.106 samples/s=74.02
[step 26120/30000] loss=1.6776 lr=1.593e-05 grad_norm=28.728 samples/s=74.02
[step 26130/30000] loss=1.6862 lr=1.587e-05 grad_norm=8.728 samples/s=74.01
[step 26140/30000] loss=2.9729 lr=1.580e-05 grad_norm=24.001 samples/s=74.01
[step 26150/30000] loss=1.6008 lr=1.574e-05 grad_norm=19.922 samples/s=74.01
[step 26160/30000] loss=1.3957 lr=1.567e-05 grad_norm=14.767 samples/s=74.01
[step 26170/30000] loss=1.6072 lr=1.561e-05 grad_norm=13.752 samples/s=74.01
[step 26180/30000] loss=1.7082 lr=1.554e-05 grad_norm=16.355 samples/s=74.01
[step 26190/30000] loss=2.0208 lr=1.548e-05 grad_norm=24.435 samples/s=74.01
[step 26200/30000] loss=1.4268 lr=1.541e-05 grad_norm=20.376 samples/s=74.02
[step 26210/30000] loss=2.7042 lr=1.535e-05 grad_norm=22.872 samples/s=74.01
[step 26220/30000] loss=1.3118 lr=1.528e-05 grad_norm=24.750 samples/s=74.02
[step 26230/30000] loss=1.5611 lr=1.522e-05 grad_norm=11.656 samples/s=74.02
[step 26240/30000] loss=1.4546 lr=1.516e-05 grad_norm=14.099 samples/s=74.02
[step 26250/30000] loss=1.3471 lr=1.509e-05 grad_norm=15.341 samples/s=74.02
[step 26260/30000] loss=1.6033 lr=1.503e-05 grad_norm=24.662 samples/s=74.02
[step 26270/30000] loss=2.1254 lr=1.497e-05 grad_norm=14.554 samples/s=74.02
[step 26280/30000] loss=2.3233 lr=1.490e-05 grad_norm=18.803 samples/s=74.02
[step 26290/30000] loss=1.5390 lr=1.484e-05 grad_norm=29.384 samples/s=74.02
[step 26300/30000] loss=1.9129 lr=1.478e-05 grad_norm=35.955 samples/s=74.02
[step 26310/30000] loss=1.8229 lr=1.471e-05 grad_norm=10.957 samples/s=74.02
[step 26320/30000] loss=2.4665 lr=1.465e-05 grad_norm=46.532 samples/s=74.02
[step 26330/30000] loss=1.7926 lr=1.459e-05 grad_norm=16.616 samples/s=74.02
[step 26340/30000] loss=2.1095 lr=1.453e-05 grad_norm=12.738 samples/s=74.02
[step 26350/30000] loss=1.4297 lr=1.446e-05 grad_norm=13.967 samples/s=74.02
[step 26360/30000] loss=1.5962 lr=1.440e-05 grad_norm=14.576 samples/s=74.02
[step 26370/30000] loss=1.8882 lr=1.434e-05 grad_norm=9.870 samples/s=74.02
[step 26380/30000] loss=1.6083 lr=1.428e-05 grad_norm=12.661 samples/s=74.02
[step 26390/30000] loss=1.8207 lr=1.422e-05 grad_norm=19.956 samples/s=74.01
[step 26400/30000] loss=1.8789 lr=1.416e-05 grad_norm=23.473 samples/s=74.02
[step 26410/30000] loss=1.4326 lr=1.410e-05 grad_norm=14.351 samples/s=74.02
[step 26420/30000] loss=1.9790 lr=1.403e-05 grad_norm=27.017 samples/s=74.02
[step 26430/30000] loss=1.4244 lr=1.397e-05 grad_norm=12.739 samples/s=74.02
[step 26440/30000] loss=1.8641 lr=1.391e-05 grad_norm=26.301 samples/s=74.02
[step 26450/30000] loss=1.7072 lr=1.385e-05 grad_norm=13.668 samples/s=74.02
[step 26460/30000] loss=1.3997 lr=1.379e-05 grad_norm=25.210 samples/s=74.03
[step 26470/30000] loss=1.9470 lr=1.373e-05 grad_norm=8.228 samples/s=74.02
[step 26480/30000] loss=1.5111 lr=1.367e-05 grad_norm=13.015 samples/s=74.02
[step 26490/30000] loss=1.2233 lr=1.361e-05 grad_norm=15.366 samples/s=74.01
[step 26500/30000] loss=1.7024 lr=1.355e-05 grad_norm=11.861 samples/s=74.02
[step 26510/30000] loss=1.9174 lr=1.349e-05 grad_norm=19.060 samples/s=74.02
[step 26520/30000] loss=1.1935 lr=1.343e-05 grad_norm=17.497 samples/s=74.02
[step 26530/30000] loss=1.7988 lr=1.337e-05 grad_norm=18.528 samples/s=74.02
[step 26540/30000] loss=2.6784 lr=1.332e-05 grad_norm=22.001 samples/s=74.02
[step 26550/30000] loss=1.7082 lr=1.326e-05 grad_norm=13.177 samples/s=74.02
[step 26560/30000] loss=1.8583 lr=1.320e-05 grad_norm=14.985 samples/s=74.02
[step 26570/30000] loss=1.6305 lr=1.314e-05 grad_norm=16.486 samples/s=74.02
[step 26580/30000] loss=1.4438 lr=1.308e-05 grad_norm=8.288 samples/s=74.02
[step 26590/30000] loss=1.4644 lr=1.302e-05 grad_norm=9.483 samples/s=74.02
[step 26600/30000] loss=1.6651 lr=1.297e-05 grad_norm=19.204 samples/s=74.02
[step 26610/30000] loss=1.8246 lr=1.291e-05 grad_norm=11.365 samples/s=74.02
[step 26620/30000] loss=1.4793 lr=1.285e-05 grad_norm=10.484 samples/s=74.02
[step 26630/30000] loss=1.9794 lr=1.279e-05 grad_norm=28.722 samples/s=74.02
[step 26640/30000] loss=1.4333 lr=1.273e-05 grad_norm=21.239 samples/s=74.03
[step 26650/30000] loss=1.1082 lr=1.268e-05 grad_norm=15.077 samples/s=74.02
[step 26660/30000] loss=1.5447 lr=1.262e-05 grad_norm=12.877 samples/s=74.02
[step 26670/30000] loss=0.9827 lr=1.256e-05 grad_norm=10.201 samples/s=74.02
[step 26680/30000] loss=1.5127 lr=1.251e-05 grad_norm=18.824 samples/s=74.02
[step 26690/30000] loss=2.7269 lr=1.245e-05 grad_norm=55.422 samples/s=74.02
[step 26700/30000] loss=1.9201 lr=1.239e-05 grad_norm=13.057 samples/s=74.00
[step 26710/30000] loss=2.2194 lr=1.234e-05 grad_norm=29.392 samples/s=74.01
[step 26720/30000] loss=1.5516 lr=1.228e-05 grad_norm=14.616 samples/s=74.01
[step 26730/30000] loss=1.8308 lr=1.223e-05 grad_norm=26.865 samples/s=74.01
[step 26740/30000] loss=1.7808 lr=1.217e-05 grad_norm=16.741 samples/s=74.01
[step 26750/30000] loss=1.8798 lr=1.211e-05 grad_norm=19.651 samples/s=74.02
[step 26760/30000] loss=1.7578 lr=1.206e-05 grad_norm=26.208 samples/s=74.01
[step 26770/30000] loss=1.1434 lr=1.200e-05 grad_norm=11.881 samples/s=74.02
[step 26780/30000] loss=1.2500 lr=1.195e-05 grad_norm=14.433 samples/s=74.02
[step 26790/30000] loss=1.5620 lr=1.189e-05 grad_norm=10.878 samples/s=74.02
[step 26800/30000] loss=1.2308 lr=1.184e-05 grad_norm=16.716 samples/s=74.01
[step 26810/30000] loss=1.5495 lr=1.178e-05 grad_norm=12.190 samples/s=74.02
[step 26820/30000] loss=1.8821 lr=1.173e-05 grad_norm=22.686 samples/s=74.02
[step 26830/30000] loss=1.5303 lr=1.168e-05 grad_norm=13.904 samples/s=74.01
[step 26840/30000] loss=2.0031 lr=1.162e-05 grad_norm=31.057 samples/s=74.02
[step 26850/30000] loss=1.5787 lr=1.157e-05 grad_norm=12.937 samples/s=74.01
[step 26860/30000] loss=1.6342 lr=1.151e-05 grad_norm=8.452 samples/s=74.01
[step 26870/30000] loss=2.1263 lr=1.146e-05 grad_norm=16.240 samples/s=74.01
[step 26880/30000] loss=1.7665 lr=1.141e-05 grad_norm=14.477 samples/s=74.02
[step 26890/30000] loss=1.2244 lr=1.135e-05 grad_norm=7.115 samples/s=74.01
[step 26900/30000] loss=1.6023 lr=1.130e-05 grad_norm=12.781 samples/s=74.02
[step 26910/30000] loss=1.5124 lr=1.125e-05 grad_norm=12.086 samples/s=74.02
[step 26920/30000] loss=1.2059 lr=1.119e-05 grad_norm=15.604 samples/s=74.02
[step 26930/30000] loss=1.8442 lr=1.114e-05 grad_norm=11.973 samples/s=74.01
[step 26940/30000] loss=1.5385 lr=1.109e-05 grad_norm=17.006 samples/s=74.02
[step 26950/30000] loss=1.4021 lr=1.104e-05 grad_norm=20.694 samples/s=74.01
[step 26960/30000] loss=1.5833 lr=1.099e-05 grad_norm=11.132 samples/s=74.02
[step 26970/30000] loss=2.0620 lr=1.093e-05 grad_norm=33.216 samples/s=74.02
[step 26980/30000] loss=1.4067 lr=1.088e-05 grad_norm=13.795 samples/s=74.01
[step 26990/30000] loss=1.3791 lr=1.083e-05 grad_norm=21.130 samples/s=74.00
[step 27000/30000] loss=1.9912 lr=1.078e-05 grad_norm=18.620 samples/s=74.01
[step 27010/30000] loss=1.9139 lr=1.073e-05 grad_norm=12.384 samples/s=74.01
[step 27020/30000] loss=1.2336 lr=1.068e-05 grad_norm=38.975 samples/s=74.02
[step 27030/30000] loss=1.9460 lr=1.063e-05 grad_norm=18.402 samples/s=74.01
[step 27040/30000] loss=1.3689 lr=1.057e-05 grad_norm=13.119 samples/s=74.01
[step 27050/30000] loss=1.2979 lr=1.052e-05 grad_norm=18.035 samples/s=74.01
[step 27060/30000] loss=1.1689 lr=1.047e-05 grad_norm=7.131 samples/s=74.01
[step 27070/30000] loss=2.5108 lr=1.042e-05 grad_norm=15.830 samples/s=74.01
[step 27080/30000] loss=2.0941 lr=1.037e-05 grad_norm=19.065 samples/s=74.00
[step 27090/30000] loss=1.5115 lr=1.032e-05 grad_norm=11.147 samples/s=74.01
[step 27100/30000] loss=1.7266 lr=1.027e-05 grad_norm=13.119 samples/s=74.01
[step 27110/30000] loss=1.7605 lr=1.022e-05 grad_norm=18.264 samples/s=74.01
[step 27120/30000] loss=1.1959 lr=1.017e-05 grad_norm=11.859 samples/s=74.01
[step 27130/30000] loss=2.0767 lr=1.012e-05 grad_norm=12.734 samples/s=74.01
[step 27140/30000] loss=1.7779 lr=1.008e-05 grad_norm=23.636 samples/s=74.01
[step 27150/30000] loss=2.0822 lr=1.003e-05 grad_norm=149.437 samples/s=74.01
[step 27160/30000] loss=1.6220 lr=9.978e-06 grad_norm=15.121 samples/s=74.01
[step 27170/30000] loss=1.6721 lr=9.929e-06 grad_norm=23.168 samples/s=74.01
[step 27180/30000] loss=2.5394 lr=9.881e-06 grad_norm=11.368 samples/s=74.01
[step 27190/30000] loss=1.3681 lr=9.832e-06 grad_norm=11.851 samples/s=74.00
[step 27200/30000] loss=1.4264 lr=9.784e-06 grad_norm=9.081 samples/s=74.01
[step 27210/30000] loss=1.7222 lr=9.736e-06 grad_norm=7.764 samples/s=74.01
[step 27220/30000] loss=2.0654 lr=9.688e-06 grad_norm=16.797 samples/s=74.01
[step 27230/30000] loss=1.8082 lr=9.641e-06 grad_norm=8.843 samples/s=74.01
[step 27240/30000] loss=1.1200 lr=9.593e-06 grad_norm=10.582 samples/s=74.01
[step 27250/30000] loss=1.4113 lr=9.546e-06 grad_norm=19.904 samples/s=74.00
[step 27260/30000] loss=1.5933 lr=9.499e-06 grad_norm=16.770 samples/s=73.99
[step 27270/30000] loss=2.1773 lr=9.452e-06 grad_norm=10.753 samples/s=73.99
[step 27280/30000] loss=1.2601 lr=9.405e-06 grad_norm=13.666 samples/s=73.99
[step 27290/30000] loss=1.2656 lr=9.358e-06 grad_norm=11.421 samples/s=73.99
[step 27300/30000] loss=1.6200 lr=9.312e-06 grad_norm=21.303 samples/s=73.99
[step 27310/30000] loss=1.5259 lr=9.265e-06 grad_norm=23.172 samples/s=73.99
[step 27320/30000] loss=1.3585 lr=9.219e-06 grad_norm=19.385 samples/s=73.99
[step 27330/30000] loss=1.6875 lr=9.173e-06 grad_norm=11.518 samples/s=73.98
[step 27340/30000] loss=1.8335 lr=9.127e-06 grad_norm=21.728 samples/s=73.99
[step 27350/30000] loss=1.3298 lr=9.082e-06 grad_norm=14.175 samples/s=73.99
[step 27360/30000] loss=1.3784 lr=9.036e-06 grad_norm=12.598 samples/s=73.99
[step 27370/30000] loss=0.9433 lr=8.991e-06 grad_norm=7.934 samples/s=73.99
[step 27380/30000] loss=1.6734 lr=8.946e-06 grad_norm=8.835 samples/s=74.00
[step 27390/30000] loss=1.2807 lr=8.901e-06 grad_norm=12.505 samples/s=74.00
[step 27400/30000] loss=1.6458 lr=8.856e-06 grad_norm=20.962 samples/s=74.00
[step 27410/30000] loss=2.1850 lr=8.811e-06 grad_norm=21.376 samples/s=73.99
[step 27420/30000] loss=1.4816 lr=8.767e-06 grad_norm=16.148 samples/s=74.00
[step 27430/30000] loss=1.4925 lr=8.723e-06 grad_norm=12.771 samples/s=73.99
[step 27440/30000] loss=2.0929 lr=8.678e-06 grad_norm=20.083 samples/s=74.00
[step 27450/30000] loss=2.1113 lr=8.635e-06 grad_norm=58.261 samples/s=73.99
[step 27460/30000] loss=2.1121 lr=8.591e-06 grad_norm=17.100 samples/s=73.99
[step 27470/30000] loss=2.0603 lr=8.547e-06 grad_norm=16.320 samples/s=73.99
[step 27480/30000] loss=2.1958 lr=8.504e-06 grad_norm=20.910 samples/s=74.00
[step 27490/30000] loss=1.7643 lr=8.460e-06 grad_norm=13.740 samples/s=73.99
[step 27500/30000] loss=2.0283 lr=8.417e-06 grad_norm=32.598 samples/s=74.00
[val step 27500] loss=1.5910788464546204 m01={'mean': 0.41153674667369344, 'median': 0.4093966877548047, 'p95': 0.6924531229497124, 'tail_frac_gt4px': 8.120838070488874e-05, 'n_matched': 24628} m02={'12-16': 0.8888248847926268, '16-32': 0.9395830879755035, '32-64': 0.9542475260249326, '64-128': 0.9523735650015513} m04={'accuracy': 0.827310378431054, 'by_octave': {'12-16': 0.40926766040181467, '16-32': 0.7974429681624468, '32-64': 0.9556902356902357, '64-128': 0.920996905033393}} diag={'gate3_alpha_mean': 0.3254564106464386, 'gate3_alpha_min': 0.014995574951171875, 'gate3_alpha_max': 0.968505859375, 'gate3_alpha_std': 0.1590580940246582, 'gate3_alpha_p10': 0.135284423828125, 'gate3_alpha_p50': 0.3017120361328125, 'gate3_alpha_p90': 0.5531005859375, 'block0_attn_entropy': 7.581677436828613, 'block1_attn_entropy': 7.199268341064453}
[step 27510/30000] loss=1.6917 lr=8.374e-06 grad_norm=22.536 samples/s=74.02
[step 27520/30000] loss=2.1480 lr=8.331e-06 grad_norm=7.466 samples/s=74.03
[step 27530/30000] loss=2.2392 lr=8.289e-06 grad_norm=36.848 samples/s=74.03
[step 27540/30000] loss=2.5620 lr=8.246e-06 grad_norm=20.039 samples/s=74.03
[step 27550/30000] loss=1.5256 lr=8.204e-06 grad_norm=13.038 samples/s=74.03
[step 27560/30000] loss=2.1886 lr=8.162e-06 grad_norm=20.754 samples/s=74.03
[step 27570/30000] loss=2.2578 lr=8.120e-06 grad_norm=26.188 samples/s=74.03
[step 27580/30000] loss=1.6633 lr=8.078e-06 grad_norm=18.355 samples/s=74.03
[step 27590/30000] loss=1.6426 lr=8.036e-06 grad_norm=12.270 samples/s=74.03
[step 27600/30000] loss=1.8216 lr=7.995e-06 grad_norm=24.191 samples/s=74.03
[step 27610/30000] loss=1.5755 lr=7.954e-06 grad_norm=12.743 samples/s=74.03
[step 27620/30000] loss=1.8596 lr=7.913e-06 grad_norm=13.945 samples/s=74.03
[step 27630/30000] loss=1.1997 lr=7.872e-06 grad_norm=8.294 samples/s=74.02
[step 27640/30000] loss=2.0275 lr=7.831e-06 grad_norm=20.795 samples/s=74.03
[step 27650/30000] loss=0.9908 lr=7.790e-06 grad_norm=14.089 samples/s=74.03
[step 27660/30000] loss=1.4014 lr=7.750e-06 grad_norm=18.845 samples/s=74.02
[step 27670/30000] loss=1.8704 lr=7.710e-06 grad_norm=19.875 samples/s=74.02
[step 27680/30000] loss=1.4935 lr=7.669e-06 grad_norm=12.432 samples/s=74.02
[step 27690/30000] loss=1.7300 lr=7.629e-06 grad_norm=23.950 samples/s=74.03
[step 27700/30000] loss=1.7912 lr=7.590e-06 grad_norm=13.743 samples/s=74.03
[step 27710/30000] loss=1.3760 lr=7.550e-06 grad_norm=8.989 samples/s=74.03
[step 27720/30000] loss=1.7187 lr=7.511e-06 grad_norm=11.556 samples/s=74.03
[step 27730/30000] loss=1.0873 lr=7.471e-06 grad_norm=6.419 samples/s=74.03
[step 27740/30000] loss=2.2120 lr=7.432e-06 grad_norm=17.119 samples/s=74.03
[step 27750/30000] loss=1.2640 lr=7.393e-06 grad_norm=12.262 samples/s=74.03
[step 27760/30000] loss=2.1318 lr=7.355e-06 grad_norm=17.491 samples/s=74.03
[step 27770/30000] loss=1.1977 lr=7.316e-06 grad_norm=17.318 samples/s=74.03
[step 27780/30000] loss=1.7910 lr=7.278e-06 grad_norm=25.674 samples/s=74.03
[step 27790/30000] loss=1.3246 lr=7.239e-06 grad_norm=11.589 samples/s=74.03
[step 27800/30000] loss=1.6242 lr=7.201e-06 grad_norm=13.846 samples/s=74.03
[step 27810/30000] loss=1.9697 lr=7.163e-06 grad_norm=11.756 samples/s=74.03
[step 27820/30000] loss=1.4364 lr=7.126e-06 grad_norm=9.988 samples/s=74.03
[step 27830/30000] loss=1.3028 lr=7.088e-06 grad_norm=12.742 samples/s=74.03
[step 27840/30000] loss=1.7429 lr=7.051e-06 grad_norm=16.391 samples/s=74.02
[step 27850/30000] loss=0.9845 lr=7.013e-06 grad_norm=8.075 samples/s=74.02
[step 27860/30000] loss=1.6172 lr=6.976e-06 grad_norm=13.379 samples/s=74.02
[step 27870/30000] loss=1.4623 lr=6.939e-06 grad_norm=15.175 samples/s=74.02
[step 27880/30000] loss=1.0079 lr=6.903e-06 grad_norm=11.088 samples/s=74.01
[step 27890/30000] loss=2.2419 lr=6.866e-06 grad_norm=59.192 samples/s=74.01
[step 27900/30000] loss=1.2633 lr=6.830e-06 grad_norm=17.801 samples/s=74.01
[step 27910/30000] loss=1.6522 lr=6.794e-06 grad_norm=14.647 samples/s=74.01
[step 27920/30000] loss=1.4033 lr=6.758e-06 grad_norm=17.773 samples/s=74.02
[step 27930/30000] loss=1.6354 lr=6.722e-06 grad_norm=27.470 samples/s=74.02
[step 27940/30000] loss=1.0090 lr=6.686e-06 grad_norm=11.171 samples/s=74.02
[step 27950/30000] loss=2.1610 lr=6.650e-06 grad_norm=16.265 samples/s=74.02
[step 27960/30000] loss=1.3760 lr=6.615e-06 grad_norm=12.191 samples/s=74.02
[step 27970/30000] loss=1.3683 lr=6.580e-06 grad_norm=16.043 samples/s=74.02
[step 27980/30000] loss=1.4882 lr=6.545e-06 grad_norm=10.753 samples/s=74.02
[step 27990/30000] loss=1.3703 lr=6.510e-06 grad_norm=21.074 samples/s=74.03
[step 28000/30000] loss=1.6877 lr=6.475e-06 grad_norm=13.469 samples/s=74.02
[step 28010/30000] loss=2.1247 lr=6.441e-06 grad_norm=13.917 samples/s=74.03
[step 28020/30000] loss=1.4823 lr=6.406e-06 grad_norm=20.678 samples/s=74.02
[step 28030/30000] loss=1.3932 lr=6.372e-06 grad_norm=12.876 samples/s=74.02
[step 28040/30000] loss=1.7592 lr=6.338e-06 grad_norm=12.850 samples/s=74.02
[step 28050/30000] loss=1.4488 lr=6.304e-06 grad_norm=14.586 samples/s=74.02
[step 28060/30000] loss=1.5999 lr=6.271e-06 grad_norm=27.877 samples/s=74.02
[step 28070/30000] loss=1.5595 lr=6.237e-06 grad_norm=18.313 samples/s=74.02
[step 28080/30000] loss=1.1998 lr=6.204e-06 grad_norm=12.455 samples/s=74.02
[step 28090/30000] loss=1.5882 lr=6.171e-06 grad_norm=12.107 samples/s=74.02
[step 28100/30000] loss=1.5297 lr=6.138e-06 grad_norm=15.211 samples/s=74.02
[step 28110/30000] loss=1.7431 lr=6.105e-06 grad_norm=20.946 samples/s=74.02
[step 28120/30000] loss=1.7518 lr=6.072e-06 grad_norm=28.142 samples/s=74.02
[step 28130/30000] loss=1.9903 lr=6.040e-06 grad_norm=24.206 samples/s=74.02
[step 28140/30000] loss=1.7841 lr=6.008e-06 grad_norm=15.704 samples/s=74.01
[step 28150/30000] loss=1.7396 lr=5.975e-06 grad_norm=8.753 samples/s=74.02
[step 28160/30000] loss=1.6823 lr=5.944e-06 grad_norm=11.907 samples/s=74.02
[step 28170/30000] loss=1.1749 lr=5.912e-06 grad_norm=28.842 samples/s=74.02
[step 28180/30000] loss=1.3158 lr=5.880e-06 grad_norm=10.371 samples/s=74.02
[step 28190/30000] loss=2.4777 lr=5.849e-06 grad_norm=21.122 samples/s=74.02
[step 28200/30000] loss=1.7410 lr=5.817e-06 grad_norm=15.845 samples/s=74.02
[step 28210/30000] loss=1.8739 lr=5.786e-06 grad_norm=19.936 samples/s=74.02
[step 28220/30000] loss=1.9224 lr=5.755e-06 grad_norm=15.065 samples/s=74.02
[step 28230/30000] loss=1.4059 lr=5.725e-06 grad_norm=10.789 samples/s=74.02
[step 28240/30000] loss=2.2086 lr=5.694e-06 grad_norm=20.889 samples/s=74.02
[step 28250/30000] loss=1.2142 lr=5.664e-06 grad_norm=25.920 samples/s=74.02
[step 28260/30000] loss=1.9509 lr=5.633e-06 grad_norm=20.562 samples/s=74.02
[step 28270/30000] loss=1.7416 lr=5.603e-06 grad_norm=16.338 samples/s=74.01
[step 28280/30000] loss=2.0401 lr=5.573e-06 grad_norm=27.269 samples/s=74.01
[step 28290/30000] loss=2.1736 lr=5.544e-06 grad_norm=37.792 samples/s=74.01
[step 28300/30000] loss=2.6862 lr=5.514e-06 grad_norm=31.291 samples/s=74.01
[step 28310/30000] loss=1.4842 lr=5.485e-06 grad_norm=18.664 samples/s=74.00
[step 28320/30000] loss=1.6281 lr=5.455e-06 grad_norm=14.493 samples/s=74.00
[step 28330/30000] loss=2.0506 lr=5.426e-06 grad_norm=15.062 samples/s=74.00
[step 28340/30000] loss=1.5121 lr=5.398e-06 grad_norm=10.188 samples/s=74.00
[step 28350/30000] loss=1.6945 lr=5.369e-06 grad_norm=13.023 samples/s=74.00
[step 28360/30000] loss=1.6118 lr=5.340e-06 grad_norm=11.413 samples/s=74.00
[step 28370/30000] loss=1.0593 lr=5.312e-06 grad_norm=7.062 samples/s=74.00
[step 28380/30000] loss=1.2713 lr=5.284e-06 grad_norm=10.635 samples/s=74.01
[step 28390/30000] loss=1.2781 lr=5.256e-06 grad_norm=12.814 samples/s=74.01
[step 28400/30000] loss=2.1153 lr=5.228e-06 grad_norm=16.873 samples/s=74.01
[step 28410/30000] loss=1.6433 lr=5.200e-06 grad_norm=37.450 samples/s=74.01
[step 28420/30000] loss=1.3521 lr=5.173e-06 grad_norm=10.565 samples/s=74.02
[step 28430/30000] loss=1.2222 lr=5.145e-06 grad_norm=15.274 samples/s=74.01
[step 28440/30000] loss=1.5182 lr=5.118e-06 grad_norm=15.997 samples/s=74.02
[step 28450/30000] loss=1.1526 lr=5.091e-06 grad_norm=7.454 samples/s=74.02
[step 28460/30000] loss=1.4627 lr=5.064e-06 grad_norm=14.556 samples/s=74.02
[step 28470/30000] loss=1.6322 lr=5.038e-06 grad_norm=42.147 samples/s=74.02
[step 28480/30000] loss=1.6233 lr=5.011e-06 grad_norm=10.823 samples/s=74.02
[step 28490/30000] loss=2.1199 lr=4.985e-06 grad_norm=14.197 samples/s=74.02
[step 28500/30000] loss=1.7435 lr=4.959e-06 grad_norm=12.713 samples/s=74.02
[step 28510/30000] loss=1.8992 lr=4.933e-06 grad_norm=21.281 samples/s=74.02
[step 28520/30000] loss=1.6291 lr=4.907e-06 grad_norm=19.984 samples/s=74.02
[step 28530/30000] loss=1.9865 lr=4.882e-06 grad_norm=41.384 samples/s=74.02
[step 28540/30000] loss=1.3138 lr=4.856e-06 grad_norm=21.891 samples/s=74.03
[step 28550/30000] loss=2.0935 lr=4.831e-06 grad_norm=11.106 samples/s=74.02
[step 28560/30000] loss=1.3111 lr=4.806e-06 grad_norm=9.055 samples/s=74.03
[step 28570/30000] loss=1.6111 lr=4.781e-06 grad_norm=26.430 samples/s=74.03
[step 28580/30000] loss=1.7993 lr=4.756e-06 grad_norm=23.460 samples/s=74.03
[step 28590/30000] loss=1.9399 lr=4.731e-06 grad_norm=21.639 samples/s=74.03
[step 28600/30000] loss=2.2966 lr=4.707e-06 grad_norm=26.451 samples/s=74.02
[step 28610/30000] loss=2.0584 lr=4.683e-06 grad_norm=25.108 samples/s=74.02
[step 28620/30000] loss=1.3822 lr=4.659e-06 grad_norm=35.088 samples/s=74.02
[step 28630/30000] loss=1.9643 lr=4.635e-06 grad_norm=14.896 samples/s=74.02
[step 28640/30000] loss=1.9016 lr=4.611e-06 grad_norm=10.776 samples/s=74.02
[step 28650/30000] loss=1.5941 lr=4.588e-06 grad_norm=13.532 samples/s=74.02
[step 28660/30000] loss=1.3781 lr=4.564e-06 grad_norm=11.957 samples/s=74.03
[step 28670/30000] loss=1.8702 lr=4.541e-06 grad_norm=18.449 samples/s=74.02
[step 28680/30000] loss=1.7311 lr=4.518e-06 grad_norm=10.269 samples/s=74.02
[step 28690/30000] loss=1.4762 lr=4.495e-06 grad_norm=17.353 samples/s=74.02
[step 28700/30000] loss=1.7592 lr=4.472e-06 grad_norm=12.653 samples/s=74.02
[step 28710/30000] loss=1.4237 lr=4.450e-06 grad_norm=9.468 samples/s=74.02
[step 28720/30000] loss=1.8233 lr=4.428e-06 grad_norm=18.832 samples/s=74.02
[step 28730/30000] loss=0.8802 lr=4.405e-06 grad_norm=13.502 samples/s=74.02
[step 28740/30000] loss=1.3513 lr=4.383e-06 grad_norm=11.390 samples/s=74.03
[step 28750/30000] loss=1.3918 lr=4.362e-06 grad_norm=22.044 samples/s=74.02
[step 28760/30000] loss=1.3329 lr=4.340e-06 grad_norm=29.079 samples/s=74.03
[step 28770/30000] loss=0.9846 lr=4.318e-06 grad_norm=11.244 samples/s=74.02
[step 28780/30000] loss=1.6068 lr=4.297e-06 grad_norm=18.635 samples/s=74.03
[step 28790/30000] loss=1.5593 lr=4.276e-06 grad_norm=10.177 samples/s=74.02
[step 28800/30000] loss=1.5476 lr=4.255e-06 grad_norm=10.277 samples/s=74.03
[step 28810/30000] loss=1.2112 lr=4.234e-06 grad_norm=14.413 samples/s=74.02
[step 28820/30000] loss=1.3462 lr=4.214e-06 grad_norm=26.262 samples/s=74.02
[step 28830/30000] loss=1.5824 lr=4.193e-06 grad_norm=9.059 samples/s=74.02
[step 28840/30000] loss=1.6591 lr=4.173e-06 grad_norm=16.507 samples/s=74.02
[step 28850/30000] loss=2.0044 lr=4.153e-06 grad_norm=29.824 samples/s=74.02
[step 28860/30000] loss=1.9853 lr=4.133e-06 grad_norm=12.458 samples/s=74.02
[step 28870/30000] loss=1.6639 lr=4.113e-06 grad_norm=12.225 samples/s=74.00
[step 28880/30000] loss=2.0344 lr=4.094e-06 grad_norm=10.590 samples/s=74.01
[step 28890/30000] loss=1.9182 lr=4.074e-06 grad_norm=19.382 samples/s=74.00
[step 28900/30000] loss=1.4282 lr=4.055e-06 grad_norm=18.095 samples/s=74.01
[step 28910/30000] loss=1.6294 lr=4.036e-06 grad_norm=19.977 samples/s=74.01
[step 28920/30000] loss=1.7253 lr=4.017e-06 grad_norm=16.805 samples/s=74.02
[step 28930/30000] loss=1.5960 lr=3.998e-06 grad_norm=18.688 samples/s=74.02
[step 28940/30000] loss=1.7888 lr=3.980e-06 grad_norm=23.820 samples/s=74.02
[step 28950/30000] loss=1.6371 lr=3.961e-06 grad_norm=23.807 samples/s=74.02
[step 28960/30000] loss=1.0663 lr=3.943e-06 grad_norm=9.667 samples/s=74.03
[step 28970/30000] loss=2.6608 lr=3.925e-06 grad_norm=18.433 samples/s=74.03
[step 28980/30000] loss=3.2967 lr=3.907e-06 grad_norm=14.793 samples/s=74.03
[step 28990/30000] loss=1.7591 lr=3.890e-06 grad_norm=21.997 samples/s=74.03
[step 29000/30000] loss=1.5008 lr=3.872e-06 grad_norm=10.676 samples/s=74.03
[step 29010/30000] loss=2.2875 lr=3.855e-06 grad_norm=20.802 samples/s=74.03
[step 29020/30000] loss=1.2056 lr=3.838e-06 grad_norm=11.636 samples/s=74.04
[step 29030/30000] loss=2.0015 lr=3.821e-06 grad_norm=27.443 samples/s=74.03
[step 29040/30000] loss=1.6093 lr=3.804e-06 grad_norm=30.842 samples/s=74.04
[step 29050/30000] loss=2.1162 lr=3.787e-06 grad_norm=21.314 samples/s=74.04
[step 29060/30000] loss=1.4277 lr=3.771e-06 grad_norm=28.610 samples/s=74.04
[step 29070/30000] loss=1.4655 lr=3.755e-06 grad_norm=9.992 samples/s=74.03
[step 29080/30000] loss=1.6503 lr=3.739e-06 grad_norm=16.609 samples/s=74.03
[step 29090/30000] loss=1.8813 lr=3.723e-06 grad_norm=25.267 samples/s=74.03
[step 29100/30000] loss=2.1796 lr=3.707e-06 grad_norm=24.870 samples/s=74.04
[step 29110/30000] loss=2.0411 lr=3.691e-06 grad_norm=15.774 samples/s=74.03
[step 29120/30000] loss=1.8411 lr=3.676e-06 grad_norm=14.112 samples/s=74.04
[step 29130/30000] loss=1.6405 lr=3.661e-06 grad_norm=21.470 samples/s=74.03
[step 29140/30000] loss=2.0075 lr=3.645e-06 grad_norm=25.189 samples/s=74.03
[step 29150/30000] loss=1.4329 lr=3.631e-06 grad_norm=10.048 samples/s=74.03
[step 29160/30000] loss=2.2468 lr=3.616e-06 grad_norm=13.317 samples/s=74.03
[step 29170/30000] loss=1.1936 lr=3.601e-06 grad_norm=11.759 samples/s=74.03
[step 29180/30000] loss=1.8014 lr=3.587e-06 grad_norm=17.441 samples/s=74.04
[step 29190/30000] loss=1.4961 lr=3.573e-06 grad_norm=15.967 samples/s=74.03
[step 29200/30000] loss=1.6480 lr=3.559e-06 grad_norm=23.009 samples/s=74.03
[step 29210/30000] loss=2.6842 lr=3.545e-06 grad_norm=40.693 samples/s=74.03
[step 29220/30000] loss=1.6338 lr=3.531e-06 grad_norm=15.151 samples/s=74.03
[step 29230/30000] loss=1.5414 lr=3.518e-06 grad_norm=19.781 samples/s=74.03
[step 29240/30000] loss=1.8118 lr=3.504e-06 grad_norm=9.736 samples/s=74.04
[step 29250/30000] loss=1.4148 lr=3.491e-06 grad_norm=19.659 samples/s=74.04
[step 29260/30000] loss=1.2327 lr=3.478e-06 grad_norm=19.044 samples/s=74.04
[step 29270/30000] loss=2.0001 lr=3.465e-06 grad_norm=63.335 samples/s=74.05
[step 29280/30000] loss=1.4161 lr=3.453e-06 grad_norm=10.205 samples/s=74.06
[step 29290/30000] loss=1.3054 lr=3.440e-06 grad_norm=14.833 samples/s=74.07
[step 29300/30000] loss=1.7397 lr=3.428e-06 grad_norm=13.562 samples/s=74.07
[step 29310/30000] loss=1.3681 lr=3.416e-06 grad_norm=8.943 samples/s=74.08
[step 29320/30000] loss=1.9058 lr=3.404e-06 grad_norm=14.666 samples/s=74.09
[step 29330/30000] loss=1.7110 lr=3.392e-06 grad_norm=25.541 samples/s=74.09
[step 29340/30000] loss=1.1352 lr=3.381e-06 grad_norm=10.889 samples/s=74.10
[step 29350/30000] loss=1.5024 lr=3.369e-06 grad_norm=26.567 samples/s=74.10
[step 29360/30000] loss=1.5548 lr=3.358e-06 grad_norm=31.467 samples/s=74.10
[step 29370/30000] loss=1.4739 lr=3.347e-06 grad_norm=17.340 samples/s=74.10
[step 29380/30000] loss=1.4630 lr=3.336e-06 grad_norm=25.788 samples/s=74.10
[step 29390/30000] loss=1.8196 lr=3.325e-06 grad_norm=8.194 samples/s=74.10
[step 29400/30000] loss=1.4557 lr=3.315e-06 grad_norm=20.452 samples/s=74.10
[step 29410/30000] loss=1.1901 lr=3.304e-06 grad_norm=20.409 samples/s=74.09
[step 29420/30000] loss=1.5694 lr=3.294e-06 grad_norm=19.727 samples/s=74.09
[step 29430/30000] loss=1.6863 lr=3.284e-06 grad_norm=22.880 samples/s=74.09
[step 29440/30000] loss=1.5150 lr=3.274e-06 grad_norm=9.451 samples/s=74.10
[step 29450/30000] loss=2.7841 lr=3.264e-06 grad_norm=12.108 samples/s=74.09
[step 29460/30000] loss=1.5757 lr=3.255e-06 grad_norm=11.838 samples/s=74.10
[step 29470/30000] loss=1.5148 lr=3.246e-06 grad_norm=15.697 samples/s=74.09
[step 29480/30000] loss=1.6646 lr=3.236e-06 grad_norm=14.984 samples/s=74.09
[step 29490/30000] loss=1.8347 lr=3.227e-06 grad_norm=9.430 samples/s=74.09
[step 29500/30000] loss=1.5606 lr=3.219e-06 grad_norm=14.320 samples/s=74.10
[step 29510/30000] loss=1.1770 lr=3.210e-06 grad_norm=18.998 samples/s=74.09
[step 29520/30000] loss=1.8798 lr=3.202e-06 grad_norm=13.161 samples/s=74.10
[step 29530/30000] loss=2.2501 lr=3.193e-06 grad_norm=17.283 samples/s=74.10
[step 29540/30000] loss=1.5306 lr=3.185e-06 grad_norm=15.411 samples/s=74.10
[step 29550/30000] loss=1.3785 lr=3.177e-06 grad_norm=19.855 samples/s=74.10
[step 29560/30000] loss=3.0170 lr=3.169e-06 grad_norm=35.508 samples/s=74.10
[step 29570/30000] loss=1.1625 lr=3.162e-06 grad_norm=15.047 samples/s=74.10
[step 29580/30000] loss=2.5860 lr=3.154e-06 grad_norm=65.546 samples/s=74.09
[step 29590/30000] loss=1.3680 lr=3.147e-06 grad_norm=20.070 samples/s=74.10
[step 29600/30000] loss=1.3432 lr=3.140e-06 grad_norm=29.565 samples/s=74.09
[step 29610/30000] loss=1.2277 lr=3.133e-06 grad_norm=6.667 samples/s=74.10
[step 29620/30000] loss=1.3891 lr=3.126e-06 grad_norm=11.509 samples/s=74.11
[step 29630/30000] loss=1.1833 lr=3.120e-06 grad_norm=26.177 samples/s=74.11
[step 29640/30000] loss=1.2049 lr=3.114e-06 grad_norm=12.485 samples/s=74.11
[step 29650/30000] loss=1.5486 lr=3.107e-06 grad_norm=16.446 samples/s=74.11
[step 29660/30000] loss=2.3204 lr=3.101e-06 grad_norm=11.594 samples/s=74.11
[step 29670/30000] loss=3.2219 lr=3.095e-06 grad_norm=60.082 samples/s=74.11
[step 29680/30000] loss=1.4271 lr=3.090e-06 grad_norm=12.433 samples/s=74.11
[step 29690/30000] loss=1.6370 lr=3.084e-06 grad_norm=11.348 samples/s=74.11
[step 29700/30000] loss=1.3503 lr=3.079e-06 grad_norm=11.435 samples/s=74.11
[step 29710/30000] loss=1.6896 lr=3.074e-06 grad_norm=16.878 samples/s=74.11
[step 29720/30000] loss=1.5629 lr=3.069e-06 grad_norm=9.261 samples/s=74.11
[step 29730/30000] loss=1.4540 lr=3.064e-06 grad_norm=10.859 samples/s=74.11
[step 29740/30000] loss=1.7161 lr=3.059e-06 grad_norm=17.682 samples/s=74.11
[step 29750/30000] loss=1.6083 lr=3.055e-06 grad_norm=16.052 samples/s=74.11
[step 29760/30000] loss=1.1194 lr=3.051e-06 grad_norm=7.410 samples/s=74.12
[step 29770/30000] loss=1.2135 lr=3.046e-06 grad_norm=12.440 samples/s=74.11
[step 29780/30000] loss=1.7373 lr=3.043e-06 grad_norm=16.511 samples/s=74.12
[step 29790/30000] loss=1.5358 lr=3.039e-06 grad_norm=13.058 samples/s=74.11
[step 29800/30000] loss=1.2279 lr=3.035e-06 grad_norm=10.414 samples/s=74.12
[step 29810/30000] loss=1.2824 lr=3.032e-06 grad_norm=11.874 samples/s=74.11
[step 29820/30000] loss=1.6799 lr=3.029e-06 grad_norm=33.997 samples/s=74.12
[step 29830/30000] loss=1.6574 lr=3.025e-06 grad_norm=25.573 samples/s=74.11
[step 29840/30000] loss=1.3714 lr=3.023e-06 grad_norm=10.608 samples/s=74.11
[step 29850/30000] loss=0.9265 lr=3.020e-06 grad_norm=9.369 samples/s=74.11
[step 29860/30000] loss=1.1458 lr=3.017e-06 grad_norm=8.375 samples/s=74.11
[step 29870/30000] loss=1.4279 lr=3.015e-06 grad_norm=15.629 samples/s=74.11
[step 29880/30000] loss=1.6041 lr=3.013e-06 grad_norm=9.071 samples/s=74.11
[step 29890/30000] loss=1.1415 lr=3.011e-06 grad_norm=12.524 samples/s=74.11
[step 29900/30000] loss=1.9955 lr=3.009e-06 grad_norm=16.894 samples/s=74.12
[step 29910/30000] loss=1.1675 lr=3.007e-06 grad_norm=14.530 samples/s=74.11
[step 29920/30000] loss=1.6893 lr=3.006e-06 grad_norm=8.672 samples/s=74.12
[step 29930/30000] loss=1.7705 lr=3.004e-06 grad_norm=25.902 samples/s=74.12
[step 29940/30000] loss=1.4521 lr=3.003e-06 grad_norm=7.844 samples/s=74.12
[step 29950/30000] loss=1.7457 lr=3.002e-06 grad_norm=11.935 samples/s=74.12
[step 29960/30000] loss=2.4375 lr=3.001e-06 grad_norm=17.205 samples/s=74.13
[step 29970/30000] loss=1.5158 lr=3.001e-06 grad_norm=19.616 samples/s=74.12
[step 29980/30000] loss=1.3049 lr=3.000e-06 grad_norm=13.898 samples/s=74.12
[step 29990/30000] loss=1.1879 lr=3.000e-06 grad_norm=10.594 samples/s=74.12
[step 30000/30000] loss=2.0145 lr=3.000e-06 grad_norm=23.604 samples/s=74.12
[val step 30000] loss=1.579592846393585 m01={'mean': 0.41199310580127413, 'median': 0.4094458284362478, 'p95': 0.6945611740883562, 'tail_frac_gt4px': 8.115236356258876e-05, 'n_matched': 24645} m02={'12-16': 0.8899769585253456, '16-32': 0.9399364032505005, '32-64': 0.9551471533221951, '64-128': 0.9528389699038163} m04={'accuracy': 0.832663826333942, 'by_octave': {'12-16': 0.4203883495145631, '16-32': 0.8069164265129684, '32-64': 0.9568083961248655, '64-128': 0.9233148811462064}} diag={'gate3_alpha_mean': 0.3211241364479065, 'gate3_alpha_min': 0.014116287231445312, 'gate3_alpha_max': 0.970458984375, 'gate3_alpha_std': 0.15887145698070526, 'gate3_alpha_p10': 0.1322776824235916, 'gate3_alpha_p50': 0.29638671875, 'gate3_alpha_p90': 0.549072265625, 'block0_attn_entropy': 7.575130462646484, 'block1_attn_entropy': 7.2009711265563965}
[FULL val step 30000] loss=1.6277178029060364 m01={'mean': 0.4125519135686602, 'median': 0.40845496860365393, 'p95': 0.6980193784682217, 'tail_frac_gt4px': 3.2449621961904146e-05, 'n_matched': 123268} m02={'12-16': 0.9120768064679131, '16-32': 0.9365960349004021, '32-64': 0.9457901685963843, '64-128': 0.943691706579279} m04={'accuracy': 0.8257536424700652, 'by_octave': {'12-16': 0.44401354262850107, '16-32': 0.7980414312617703, '32-64': 0.9491261510376118, '64-128': 0.9162242478880764}}
[train_detector] wrote checkpoint runs/mb3_base_30k/ckpt_0030000.pt
[train_detector] done: step=30000 train_elapsed=12951.4s val_elapsed=662.2s samples/s=74.12
