[train_detector] stream_seed=2000000 resume_count=0 start_step=0
[step 1/50000] loss=2417.0852 lr=0.000e+00 grad_norm=5636.554 samples/s=10.04
[step 2/50000] loss=2519.0701 lr=3.000e-07 grad_norm=5687.478 samples/s=19.25
[step 3/50000] loss=2547.4399 lr=6.000e-07 grad_norm=5619.021 samples/s=27.72
[step 4/50000] loss=2261.3995 lr=9.000e-07 grad_norm=5040.963 samples/s=35.53
[step 5/50000] loss=2707.0031 lr=1.200e-06 grad_norm=6246.497 samples/s=42.75
[step 6/50000] loss=2586.1039 lr=1.500e-06 grad_norm=5766.074 samples/s=49.48
[step 7/50000] loss=2742.9752 lr=1.800e-06 grad_norm=6341.663 samples/s=55.74
[step 8/50000] loss=2429.8774 lr=2.100e-06 grad_norm=5348.549 samples/s=61.58
[step 9/50000] loss=2857.8129 lr=2.400e-06 grad_norm=6309.442 samples/s=57.71
[step 10/50000] loss=2696.7592 lr=2.700e-06 grad_norm=6147.582 samples/s=62.38
[step 20/50000] loss=2416.4592 lr=5.700e-06 grad_norm=5146.034 samples/s=82.54
[step 30/50000] loss=2306.1614 lr=8.700e-06 grad_norm=4967.323 samples/s=77.02
[step 40/50000] loss=2447.4259 lr=1.170e-05 grad_norm=5277.534 samples/s=73.63
[step 50/50000] loss=2130.9050 lr=1.470e-05 grad_norm=4459.702 samples/s=69.99
[step 60/50000] loss=2357.8552 lr=1.770e-05 grad_norm=4919.008 samples/s=68.35
[step 70/50000] loss=2118.1655 lr=2.070e-05 grad_norm=4482.083 samples/s=69.19
[step 80/50000] loss=2023.8079 lr=2.370e-05 grad_norm=4319.234 samples/s=67.87
[step 90/50000] loss=1974.8435 lr=2.670e-05 grad_norm=4333.082 samples/s=69.13
[step 100/50000] loss=1922.9252 lr=2.970e-05 grad_norm=4362.549 samples/s=67.43
[step 110/50000] loss=1949.6321 lr=3.270e-05 grad_norm=4482.144 samples/s=68.57
[step 120/50000] loss=1685.2723 lr=3.570e-05 grad_norm=3959.512 samples/s=67.51
[step 130/50000] loss=1774.7982 lr=3.870e-05 grad_norm=4229.143 samples/s=68.10
[step 140/50000] loss=1640.8535 lr=4.170e-05 grad_norm=4026.175 samples/s=67.81
[step 150/50000] loss=1475.5260 lr=4.470e-05 grad_norm=3709.959 samples/s=68.19
[step 160/50000] loss=1517.6638 lr=4.770e-05 grad_norm=3906.946 samples/s=67.49
[step 170/50000] loss=1564.9548 lr=5.070e-05 grad_norm=4134.085 samples/s=68.19
[step 180/50000] loss=1318.2045 lr=5.370e-05 grad_norm=3691.723 samples/s=67.74
[step 190/50000] loss=1257.9553 lr=5.670e-05 grad_norm=3571.365 samples/s=68.17
[step 200/50000] loss=1135.2330 lr=5.970e-05 grad_norm=3351.233 samples/s=67.73
[step 210/50000] loss=1066.1886 lr=6.270e-05 grad_norm=3225.391 samples/s=68.09
[step 220/50000] loss=1220.1248 lr=6.570e-05 grad_norm=3791.960 samples/s=68.06
[step 230/50000] loss=929.6018 lr=6.870e-05 grad_norm=3021.686 samples/s=67.97
[step 240/50000] loss=991.2439 lr=7.170e-05 grad_norm=3330.341 samples/s=68.02
[step 250/50000] loss=830.7360 lr=7.470e-05 grad_norm=2883.767 samples/s=68.63
[step 260/50000] loss=725.8402 lr=7.770e-05 grad_norm=2608.951 samples/s=68.91
[step 270/50000] loss=717.8110 lr=8.070e-05 grad_norm=2666.147 samples/s=69.02
[step 280/50000] loss=621.4579 lr=8.370e-05 grad_norm=2410.802 samples/s=68.83
[step 290/50000] loss=570.3327 lr=8.670e-05 grad_norm=2286.986 samples/s=69.37
[step 300/50000] loss=544.6870 lr=8.970e-05 grad_norm=2260.413 samples/s=69.19
[step 310/50000] loss=478.2348 lr=9.270e-05 grad_norm=2063.986 samples/s=69.39
[step 320/50000] loss=426.2602 lr=9.570e-05 grad_norm=1921.016 samples/s=68.92
[step 330/50000] loss=463.6156 lr=9.870e-05 grad_norm=2172.806 samples/s=69.16
[step 340/50000] loss=366.4933 lr=1.017e-04 grad_norm=1777.991 samples/s=68.90
[step 350/50000] loss=360.2866 lr=1.047e-04 grad_norm=1799.533 samples/s=69.12
[step 360/50000] loss=318.9321 lr=1.077e-04 grad_norm=1662.581 samples/s=68.77
[step 370/50000] loss=257.9186 lr=1.107e-04 grad_norm=1368.455 samples/s=68.98
[step 380/50000] loss=269.6846 lr=1.137e-04 grad_norm=1495.942 samples/s=68.87
[step 390/50000] loss=218.9045 lr=1.167e-04 grad_norm=1244.663 samples/s=68.99
[step 400/50000] loss=194.7925 lr=1.197e-04 grad_norm=1141.362 samples/s=68.86
[step 410/50000] loss=168.3672 lr=1.227e-04 grad_norm=1016.420 samples/s=68.68
[step 420/50000] loss=167.5130 lr=1.257e-04 grad_norm=1050.963 samples/s=68.60
[step 430/50000] loss=131.2248 lr=1.287e-04 grad_norm=833.882 samples/s=68.50
[step 440/50000] loss=95.1868 lr=1.317e-04 grad_norm=610.852 samples/s=68.37
[step 450/50000] loss=81.7313 lr=1.347e-04 grad_norm=549.347 samples/s=68.44
[step 460/50000] loss=64.1367 lr=1.377e-04 grad_norm=441.955 samples/s=68.34
[step 470/50000] loss=55.5167 lr=1.407e-04 grad_norm=368.152 samples/s=68.25
[step 480/50000] loss=41.5624 lr=1.437e-04 grad_norm=252.681 samples/s=68.13
[step 490/50000] loss=35.9668 lr=1.467e-04 grad_norm=206.335 samples/s=68.17
[step 500/50000] loss=31.3763 lr=1.497e-04 grad_norm=173.169 samples/s=67.86
[step 510/50000] loss=27.0909 lr=1.527e-04 grad_norm=143.090 samples/s=67.83
[step 520/50000] loss=22.8451 lr=1.557e-04 grad_norm=97.268 samples/s=67.68
[step 530/50000] loss=19.7137 lr=1.587e-04 grad_norm=75.556 samples/s=67.92
[step 540/50000] loss=17.8121 lr=1.617e-04 grad_norm=63.619 samples/s=67.87
[step 550/50000] loss=15.9484 lr=1.647e-04 grad_norm=53.410 samples/s=67.98
[step 560/50000] loss=15.0675 lr=1.677e-04 grad_norm=85.146 samples/s=67.67
[step 570/50000] loss=15.2637 lr=1.707e-04 grad_norm=45.761 samples/s=67.79
[step 580/50000] loss=12.0525 lr=1.737e-04 grad_norm=38.044 samples/s=67.75
[step 590/50000] loss=12.4354 lr=1.767e-04 grad_norm=51.813 samples/s=67.77
[step 600/50000] loss=11.0081 lr=1.797e-04 grad_norm=36.366 samples/s=67.88
[step 610/50000] loss=10.8158 lr=1.827e-04 grad_norm=36.489 samples/s=67.68
[step 620/50000] loss=11.4355 lr=1.857e-04 grad_norm=40.607 samples/s=67.72
[step 630/50000] loss=10.0336 lr=1.887e-04 grad_norm=70.978 samples/s=67.63
[step 640/50000] loss=10.6777 lr=1.917e-04 grad_norm=24.551 samples/s=67.60
[step 650/50000] loss=9.0728 lr=1.947e-04 grad_norm=22.055 samples/s=67.57
[step 660/50000] loss=7.7520 lr=1.977e-04 grad_norm=36.693 samples/s=67.67
[step 670/50000] loss=7.8933 lr=2.007e-04 grad_norm=31.627 samples/s=67.57
[step 680/50000] loss=8.6017 lr=2.037e-04 grad_norm=51.205 samples/s=67.75
[step 690/50000] loss=8.8198 lr=2.067e-04 grad_norm=36.495 samples/s=67.67
[step 700/50000] loss=7.6524 lr=2.097e-04 grad_norm=25.355 samples/s=67.71
[step 710/50000] loss=6.8900 lr=2.127e-04 grad_norm=37.296 samples/s=67.61
[step 720/50000] loss=8.4421 lr=2.157e-04 grad_norm=27.627 samples/s=67.78
[step 730/50000] loss=7.6625 lr=2.187e-04 grad_norm=28.506 samples/s=67.68
[step 740/50000] loss=7.5838 lr=2.217e-04 grad_norm=30.171 samples/s=67.59
[step 750/50000] loss=8.1231 lr=2.247e-04 grad_norm=78.534 samples/s=67.27
[step 760/50000] loss=7.1840 lr=2.277e-04 grad_norm=25.257 samples/s=67.34
[step 770/50000] loss=7.7422 lr=2.307e-04 grad_norm=45.473 samples/s=67.42
[step 780/50000] loss=6.4967 lr=2.337e-04 grad_norm=24.082 samples/s=67.45
[step 790/50000] loss=7.3905 lr=2.367e-04 grad_norm=60.070 samples/s=67.25
[step 800/50000] loss=6.1398 lr=2.397e-04 grad_norm=20.956 samples/s=67.29
[step 810/50000] loss=7.1033 lr=2.427e-04 grad_norm=17.763 samples/s=67.13
[step 820/50000] loss=6.9353 lr=2.457e-04 grad_norm=19.585 samples/s=67.28
[step 830/50000] loss=6.8824 lr=2.487e-04 grad_norm=31.777 samples/s=67.12
[step 840/50000] loss=7.0548 lr=2.517e-04 grad_norm=31.620 samples/s=67.26
[step 850/50000] loss=8.0245 lr=2.547e-04 grad_norm=36.472 samples/s=67.17
[step 860/50000] loss=7.1146 lr=2.577e-04 grad_norm=13.936 samples/s=67.22
[step 870/50000] loss=6.1976 lr=2.607e-04 grad_norm=15.370 samples/s=67.10
[step 880/50000] loss=6.4331 lr=2.637e-04 grad_norm=15.150 samples/s=67.21
[step 890/50000] loss=6.4062 lr=2.667e-04 grad_norm=20.358 samples/s=67.17
[step 900/50000] loss=6.9100 lr=2.697e-04 grad_norm=42.987 samples/s=67.19
[step 910/50000] loss=7.1248 lr=2.727e-04 grad_norm=33.508 samples/s=67.16
[step 920/50000] loss=6.6326 lr=2.757e-04 grad_norm=52.529 samples/s=67.19
[step 930/50000] loss=6.1902 lr=2.787e-04 grad_norm=51.971 samples/s=67.19
[step 940/50000] loss=7.1505 lr=2.817e-04 grad_norm=43.224 samples/s=67.34
[step 950/50000] loss=6.6904 lr=2.847e-04 grad_norm=113.629 samples/s=67.26
[step 960/50000] loss=7.4723 lr=2.877e-04 grad_norm=19.802 samples/s=67.39
[step 970/50000] loss=6.5118 lr=2.907e-04 grad_norm=16.070 samples/s=67.26
[step 980/50000] loss=6.0733 lr=2.937e-04 grad_norm=25.418 samples/s=67.17
[step 990/50000] loss=6.7713 lr=2.967e-04 grad_norm=31.161 samples/s=67.02
[step 1000/50000] loss=8.2021 lr=2.997e-04 grad_norm=87.722 samples/s=67.13
[step 1010/50000] loss=6.4854 lr=3.000e-04 grad_norm=48.941 samples/s=67.08
[step 1020/50000] loss=5.5466 lr=3.000e-04 grad_norm=12.228 samples/s=67.22
[step 1030/50000] loss=6.8558 lr=3.000e-04 grad_norm=23.194 samples/s=67.21
[step 1040/50000] loss=6.3082 lr=3.000e-04 grad_norm=32.754 samples/s=67.22
[step 1050/50000] loss=6.2677 lr=3.000e-04 grad_norm=10.356 samples/s=67.16
[step 1060/50000] loss=6.8012 lr=3.000e-04 grad_norm=36.543 samples/s=67.26
[step 1070/50000] loss=7.0131 lr=3.000e-04 grad_norm=185.659 samples/s=67.19
[step 1080/50000] loss=6.2922 lr=3.000e-04 grad_norm=38.630 samples/s=67.22
[step 1090/50000] loss=6.5829 lr=3.000e-04 grad_norm=34.035 samples/s=67.21
[step 1100/50000] loss=5.6366 lr=3.000e-04 grad_norm=19.130 samples/s=67.38
[step 1110/50000] loss=6.7645 lr=3.000e-04 grad_norm=21.309 samples/s=67.36
[step 1120/50000] loss=5.7911 lr=3.000e-04 grad_norm=21.066 samples/s=67.38
[step 1130/50000] loss=6.2474 lr=3.000e-04 grad_norm=14.870 samples/s=67.37
[step 1140/50000] loss=5.6733 lr=3.000e-04 grad_norm=20.992 samples/s=67.42
[step 1150/50000] loss=6.3693 lr=3.000e-04 grad_norm=22.630 samples/s=67.33
[step 1160/50000] loss=6.2350 lr=3.000e-04 grad_norm=40.354 samples/s=67.43
[step 1170/50000] loss=5.8462 lr=3.000e-04 grad_norm=20.122 samples/s=67.38
[step 1180/50000] loss=5.5115 lr=3.000e-04 grad_norm=149.519 samples/s=67.41
[step 1190/50000] loss=5.7790 lr=3.000e-04 grad_norm=13.680 samples/s=67.39
[step 1200/50000] loss=5.5983 lr=3.000e-04 grad_norm=14.853 samples/s=67.44
[step 1210/50000] loss=5.1921 lr=3.000e-04 grad_norm=21.898 samples/s=67.40
[step 1220/50000] loss=6.2086 lr=3.000e-04 grad_norm=68.100 samples/s=67.24
[step 1230/50000] loss=5.0622 lr=3.000e-04 grad_norm=79.949 samples/s=67.22
[step 1240/50000] loss=5.8762 lr=3.000e-04 grad_norm=27.638 samples/s=67.28
[step 1250/50000] loss=5.2507 lr=3.000e-04 grad_norm=21.529 samples/s=67.39
[step 1260/50000] loss=5.0947 lr=3.000e-04 grad_norm=22.763 samples/s=67.37
[step 1270/50000] loss=4.1591 lr=3.000e-04 grad_norm=15.732 samples/s=67.41
[step 1280/50000] loss=4.9309 lr=3.000e-04 grad_norm=38.002 samples/s=67.41
[step 1290/50000] loss=4.5989 lr=3.000e-04 grad_norm=25.035 samples/s=67.43
[step 1300/50000] loss=4.0722 lr=3.000e-04 grad_norm=29.079 samples/s=67.41
[step 1310/50000] loss=5.3973 lr=3.000e-04 grad_norm=62.704 samples/s=67.45
[step 1320/50000] loss=4.6539 lr=3.000e-04 grad_norm=30.218 samples/s=67.38
[step 1330/50000] loss=4.5105 lr=3.000e-04 grad_norm=22.157 samples/s=67.38
[step 1340/50000] loss=4.1397 lr=3.000e-04 grad_norm=13.783 samples/s=67.38
[step 1350/50000] loss=4.2571 lr=3.000e-04 grad_norm=18.755 samples/s=67.33
[step 1360/50000] loss=4.1160 lr=3.000e-04 grad_norm=19.011 samples/s=67.37
[step 1370/50000] loss=4.6554 lr=3.000e-04 grad_norm=21.060 samples/s=67.28
[step 1380/50000] loss=4.1885 lr=3.000e-04 grad_norm=32.423 samples/s=67.33
[step 1390/50000] loss=4.6042 lr=3.000e-04 grad_norm=15.509 samples/s=67.31
[step 1400/50000] loss=4.6111 lr=3.000e-04 grad_norm=29.742 samples/s=67.39
[step 1410/50000] loss=4.3249 lr=2.999e-04 grad_norm=30.830 samples/s=67.31
[step 1420/50000] loss=4.6268 lr=2.999e-04 grad_norm=35.624 samples/s=67.29
[step 1430/50000] loss=4.2339 lr=2.999e-04 grad_norm=26.215 samples/s=67.21
[step 1440/50000] loss=3.8124 lr=2.999e-04 grad_norm=15.580 samples/s=67.30
[step 1450/50000] loss=3.6232 lr=2.999e-04 grad_norm=16.195 samples/s=67.19
[step 1460/50000] loss=3.9710 lr=2.999e-04 grad_norm=25.760 samples/s=67.16
[step 1470/50000] loss=5.1516 lr=2.999e-04 grad_norm=25.435 samples/s=67.09
[step 1480/50000] loss=4.8817 lr=2.999e-04 grad_norm=27.533 samples/s=67.21
[step 1490/50000] loss=4.8317 lr=2.999e-04 grad_norm=39.123 samples/s=67.20
[step 1500/50000] loss=4.5720 lr=2.999e-04 grad_norm=19.624 samples/s=67.20
[step 1510/50000] loss=4.6928 lr=2.999e-04 grad_norm=21.936 samples/s=67.14
[step 1520/50000] loss=4.9897 lr=2.999e-04 grad_norm=70.430 samples/s=67.17
[step 1530/50000] loss=3.7374 lr=2.999e-04 grad_norm=9.689 samples/s=67.10
[step 1540/50000] loss=4.0600 lr=2.999e-04 grad_norm=40.772 samples/s=67.16
[step 1550/50000] loss=4.5163 lr=2.999e-04 grad_norm=15.089 samples/s=67.08
[step 1560/50000] loss=3.5726 lr=2.999e-04 grad_norm=24.137 samples/s=67.15
[step 1570/50000] loss=3.8488 lr=2.999e-04 grad_norm=32.432 samples/s=67.09
[step 1580/50000] loss=4.2186 lr=2.999e-04 grad_norm=22.938 samples/s=67.18
[step 1590/50000] loss=3.6955 lr=2.999e-04 grad_norm=12.614 samples/s=67.16
[step 1600/50000] loss=3.7922 lr=2.999e-04 grad_norm=18.643 samples/s=67.19
[step 1610/50000] loss=4.1335 lr=2.999e-04 grad_norm=28.200 samples/s=67.10
[step 1620/50000] loss=4.2617 lr=2.999e-04 grad_norm=20.198 samples/s=67.14
[step 1630/50000] loss=4.0591 lr=2.999e-04 grad_norm=13.169 samples/s=67.12
[step 1640/50000] loss=4.0229 lr=2.999e-04 grad_norm=16.470 samples/s=67.21
[step 1650/50000] loss=4.4629 lr=2.999e-04 grad_norm=41.950 samples/s=67.13
[step 1660/50000] loss=4.1350 lr=2.999e-04 grad_norm=22.834 samples/s=67.19
[step 1670/50000] loss=4.5316 lr=2.999e-04 grad_norm=38.425 samples/s=67.20
[step 1680/50000] loss=4.4204 lr=2.999e-04 grad_norm=15.277 samples/s=67.17
[step 1690/50000] loss=3.7052 lr=2.999e-04 grad_norm=18.565 samples/s=67.19
[step 1700/50000] loss=4.9050 lr=2.999e-04 grad_norm=75.906 samples/s=67.17
[step 1710/50000] loss=3.7389 lr=2.998e-04 grad_norm=30.238 samples/s=67.09
[step 1720/50000] loss=4.4457 lr=2.998e-04 grad_norm=20.483 samples/s=67.22
[step 1730/50000] loss=3.7389 lr=2.998e-04 grad_norm=11.908 samples/s=67.17
[step 1740/50000] loss=4.3497 lr=2.998e-04 grad_norm=32.996 samples/s=67.21
[step 1750/50000] loss=3.4967 lr=2.998e-04 grad_norm=19.113 samples/s=67.18
[step 1760/50000] loss=5.3492 lr=2.998e-04 grad_norm=40.867 samples/s=67.21
[step 1770/50000] loss=4.1226 lr=2.998e-04 grad_norm=16.419 samples/s=67.11
[step 1780/50000] loss=3.9328 lr=2.998e-04 grad_norm=84.254 samples/s=67.18
[step 1790/50000] loss=3.5908 lr=2.998e-04 grad_norm=30.030 samples/s=67.14
[step 1800/50000] loss=3.4792 lr=2.998e-04 grad_norm=29.254 samples/s=67.22
[step 1810/50000] loss=4.3823 lr=2.998e-04 grad_norm=25.410 samples/s=67.13
[step 1820/50000] loss=3.3872 lr=2.998e-04 grad_norm=14.036 samples/s=67.17
[step 1830/50000] loss=3.6164 lr=2.998e-04 grad_norm=46.576 samples/s=67.12
[step 1840/50000] loss=4.0383 lr=2.998e-04 grad_norm=22.455 samples/s=67.20
[step 1850/50000] loss=4.3859 lr=2.998e-04 grad_norm=43.710 samples/s=67.15
[step 1860/50000] loss=4.1312 lr=2.998e-04 grad_norm=19.335 samples/s=67.20
[step 1870/50000] loss=5.2540 lr=2.998e-04 grad_norm=28.890 samples/s=67.14
[step 1880/50000] loss=3.8850 lr=2.998e-04 grad_norm=62.119 samples/s=67.22
[step 1890/50000] loss=3.4551 lr=2.998e-04 grad_norm=14.524 samples/s=67.14
[step 1900/50000] loss=4.0757 lr=2.998e-04 grad_norm=54.865 samples/s=67.21
[step 1910/50000] loss=3.9621 lr=2.997e-04 grad_norm=20.154 samples/s=67.19
[step 1920/50000] loss=3.3184 lr=2.997e-04 grad_norm=14.403 samples/s=67.25
[step 1930/50000] loss=3.6733 lr=2.997e-04 grad_norm=26.064 samples/s=67.07
[step 1940/50000] loss=3.8128 lr=2.997e-04 grad_norm=12.129 samples/s=67.13
[step 1950/50000] loss=3.1838 lr=2.997e-04 grad_norm=27.770 samples/s=67.10
[step 1960/50000] loss=3.5151 lr=2.997e-04 grad_norm=35.678 samples/s=67.21
[step 1970/50000] loss=3.7970 lr=2.997e-04 grad_norm=27.279 samples/s=67.16
[step 1980/50000] loss=3.8173 lr=2.997e-04 grad_norm=198.235 samples/s=67.20
[step 1990/50000] loss=4.1627 lr=2.997e-04 grad_norm=20.640 samples/s=67.19
[step 2000/50000] loss=4.2191 lr=2.997e-04 grad_norm=16.073 samples/s=67.26
[step 2010/50000] loss=3.6893 lr=2.997e-04 grad_norm=25.128 samples/s=67.25
[step 2020/50000] loss=4.0348 lr=2.997e-04 grad_norm=18.712 samples/s=67.31
[step 2030/50000] loss=3.3918 lr=2.997e-04 grad_norm=15.796 samples/s=67.24
[step 2040/50000] loss=3.2825 lr=2.997e-04 grad_norm=22.787 samples/s=67.26
[step 2050/50000] loss=3.3101 lr=2.997e-04 grad_norm=16.811 samples/s=67.24
[step 2060/50000] loss=3.9792 lr=2.997e-04 grad_norm=44.326 samples/s=67.27
[step 2070/50000] loss=3.8124 lr=2.997e-04 grad_norm=47.494 samples/s=67.24
[step 2080/50000] loss=4.6401 lr=2.996e-04 grad_norm=26.213 samples/s=67.26
[step 2090/50000] loss=3.3686 lr=2.996e-04 grad_norm=18.284 samples/s=67.27
[step 2100/50000] loss=4.0912 lr=2.996e-04 grad_norm=106.475 samples/s=67.31
[step 2110/50000] loss=3.4085 lr=2.996e-04 grad_norm=18.110 samples/s=67.29
[step 2120/50000] loss=4.7863 lr=2.996e-04 grad_norm=17.945 samples/s=67.33
[step 2130/50000] loss=4.3036 lr=2.996e-04 grad_norm=40.796 samples/s=67.29
[step 2140/50000] loss=3.1817 lr=2.996e-04 grad_norm=19.977 samples/s=67.36
[step 2150/50000] loss=4.1373 lr=2.996e-04 grad_norm=39.811 samples/s=67.32
[step 2160/50000] loss=3.9014 lr=2.996e-04 grad_norm=24.428 samples/s=67.35
[step 2170/50000] loss=3.8502 lr=2.996e-04 grad_norm=12.452 samples/s=67.35
[step 2180/50000] loss=3.5313 lr=2.996e-04 grad_norm=16.416 samples/s=67.34
[step 2190/50000] loss=3.4065 lr=2.996e-04 grad_norm=27.636 samples/s=67.34
[step 2200/50000] loss=3.8800 lr=2.996e-04 grad_norm=21.095 samples/s=67.34
[step 2210/50000] loss=4.0793 lr=2.996e-04 grad_norm=97.906 samples/s=67.36
[step 2220/50000] loss=3.1941 lr=2.995e-04 grad_norm=11.159 samples/s=67.38
[step 2230/50000] loss=4.7395 lr=2.995e-04 grad_norm=30.515 samples/s=67.42
[step 2240/50000] loss=3.5892 lr=2.995e-04 grad_norm=15.435 samples/s=67.32
[step 2250/50000] loss=3.8704 lr=2.995e-04 grad_norm=32.783 samples/s=67.36
[step 2260/50000] loss=3.5541 lr=2.995e-04 grad_norm=30.578 samples/s=67.34
[step 2270/50000] loss=3.9589 lr=2.995e-04 grad_norm=32.604 samples/s=67.38
[step 2280/50000] loss=3.9012 lr=2.995e-04 grad_norm=51.571 samples/s=67.33
[step 2290/50000] loss=3.4668 lr=2.995e-04 grad_norm=15.748 samples/s=67.38
[step 2300/50000] loss=4.3795 lr=2.995e-04 grad_norm=18.914 samples/s=67.36
[step 2310/50000] loss=3.3157 lr=2.995e-04 grad_norm=14.380 samples/s=67.42
[step 2320/50000] loss=2.9254 lr=2.995e-04 grad_norm=12.928 samples/s=67.38
[step 2330/50000] loss=3.0971 lr=2.995e-04 grad_norm=16.706 samples/s=67.40
[step 2340/50000] loss=3.4973 lr=2.995e-04 grad_norm=16.463 samples/s=67.34
[step 2350/50000] loss=5.0937 lr=2.994e-04 grad_norm=39.349 samples/s=67.39
[step 2360/50000] loss=3.6241 lr=2.994e-04 grad_norm=18.613 samples/s=67.37
[step 2370/50000] loss=3.5591 lr=2.994e-04 grad_norm=15.246 samples/s=67.42
[step 2380/50000] loss=3.6065 lr=2.994e-04 grad_norm=27.476 samples/s=67.37
[step 2390/50000] loss=3.5603 lr=2.994e-04 grad_norm=40.682 samples/s=67.41
[step 2400/50000] loss=3.6995 lr=2.994e-04 grad_norm=87.977 samples/s=67.37
[step 2410/50000] loss=2.9954 lr=2.994e-04 grad_norm=14.842 samples/s=67.40
[step 2420/50000] loss=2.8628 lr=2.994e-04 grad_norm=18.397 samples/s=67.33
[step 2430/50000] loss=3.9916 lr=2.994e-04 grad_norm=31.022 samples/s=67.34
[step 2440/50000] loss=4.0970 lr=2.994e-04 grad_norm=29.589 samples/s=67.32
[step 2450/50000] loss=3.0147 lr=2.994e-04 grad_norm=38.929 samples/s=67.34
[step 2460/50000] loss=3.8160 lr=2.994e-04 grad_norm=69.457 samples/s=67.31
[step 2470/50000] loss=3.3502 lr=2.993e-04 grad_norm=10.555 samples/s=67.36
[step 2480/50000] loss=3.2195 lr=2.993e-04 grad_norm=22.923 samples/s=67.31
[step 2490/50000] loss=2.9119 lr=2.993e-04 grad_norm=11.152 samples/s=67.35
[step 2500/50000] loss=3.5628 lr=2.993e-04 grad_norm=22.262 samples/s=67.36
[val step 2500] loss=15.343516860961914 m01={'mean': None, 'median': None, 'p95': None, 'tail_frac_gt4px': None, 'n_matched': 0} m02={'12-16': 0.0, '16-32': 0.0, '32-64': 0.0, '64-128': 0.0} m04={'accuracy': None, 'by_octave': {'12-16': None, '16-32': None, '32-64': None, '64-128': None}} diag={'gate3_alpha_mean': 0.7260105609893799, 'gate3_alpha_min': 0.490478515625, 'gate3_alpha_max': 0.953857421875, 'gate3_alpha_std': 0.037941090762615204, 'gate3_alpha_p10': 0.683837890625, 'gate3_alpha_p50': 0.725830078125, 'gate3_alpha_p90': 0.77099609375, 'block0_attn_entropy': 8.149710655212402, 'block1_attn_entropy': 7.921394348144531}
[step 2510/50000] loss=3.0386 lr=2.993e-04 grad_norm=27.261 samples/s=67.51
[step 2520/50000] loss=3.9650 lr=2.993e-04 grad_norm=42.357 samples/s=67.67
[step 2530/50000] loss=3.1344 lr=2.993e-04 grad_norm=20.746 samples/s=67.66
[step 2540/50000] loss=3.9056 lr=2.993e-04 grad_norm=71.284 samples/s=67.68
[step 2550/50000] loss=3.0025 lr=2.993e-04 grad_norm=16.036 samples/s=67.62
[step 2560/50000] loss=2.8360 lr=2.993e-04 grad_norm=13.922 samples/s=67.62
[step 2570/50000] loss=3.3977 lr=2.992e-04 grad_norm=22.299 samples/s=67.57
[step 2580/50000] loss=3.1153 lr=2.992e-04 grad_norm=14.502 samples/s=67.63
[step 2590/50000] loss=3.2228 lr=2.992e-04 grad_norm=23.393 samples/s=67.57
[step 2600/50000] loss=3.1402 lr=2.992e-04 grad_norm=16.962 samples/s=67.60
[step 2610/50000] loss=3.7863 lr=2.992e-04 grad_norm=21.573 samples/s=67.58
[step 2620/50000] loss=3.7791 lr=2.992e-04 grad_norm=15.578 samples/s=67.63
[step 2630/50000] loss=2.8370 lr=2.992e-04 grad_norm=18.402 samples/s=67.59
[step 2640/50000] loss=3.8052 lr=2.992e-04 grad_norm=32.854 samples/s=67.64
[step 2650/50000] loss=3.7406 lr=2.992e-04 grad_norm=14.257 samples/s=67.63
[step 2660/50000] loss=4.1999 lr=2.992e-04 grad_norm=20.463 samples/s=67.71
[step 2670/50000] loss=3.0200 lr=2.992e-04 grad_norm=36.245 samples/s=67.68
[step 2680/50000] loss=3.9401 lr=2.991e-04 grad_norm=33.712 samples/s=67.70
[step 2690/50000] loss=3.3160 lr=2.991e-04 grad_norm=20.030 samples/s=67.72
[step 2700/50000] loss=3.1426 lr=2.991e-04 grad_norm=21.726 samples/s=67.73
[step 2710/50000] loss=3.3048 lr=2.991e-04 grad_norm=33.443 samples/s=67.70
[step 2720/50000] loss=3.3051 lr=2.991e-04 grad_norm=47.130 samples/s=67.75
[step 2730/50000] loss=3.3050 lr=2.991e-04 grad_norm=11.461 samples/s=67.72
[step 2740/50000] loss=4.5352 lr=2.991e-04 grad_norm=19.174 samples/s=67.73
[step 2750/50000] loss=2.5966 lr=2.991e-04 grad_norm=19.444 samples/s=67.70
[step 2760/50000] loss=3.1625 lr=2.991e-04 grad_norm=15.509 samples/s=67.75
[step 2770/50000] loss=3.8871 lr=2.990e-04 grad_norm=51.490 samples/s=67.72
[step 2780/50000] loss=3.8838 lr=2.990e-04 grad_norm=28.885 samples/s=67.74
[step 2790/50000] loss=3.1883 lr=2.990e-04 grad_norm=21.291 samples/s=67.73
[step 2800/50000] loss=2.8963 lr=2.990e-04 grad_norm=16.324 samples/s=67.77
[step 2810/50000] loss=3.4091 lr=2.990e-04 grad_norm=32.375 samples/s=67.71
[step 2820/50000] loss=3.5221 lr=2.990e-04 grad_norm=21.352 samples/s=67.75
[step 2830/50000] loss=3.1525 lr=2.990e-04 grad_norm=15.508 samples/s=67.76
[step 2840/50000] loss=3.9093 lr=2.990e-04 grad_norm=21.254 samples/s=67.74
[step 2850/50000] loss=3.8893 lr=2.990e-04 grad_norm=20.468 samples/s=67.70
[step 2860/50000] loss=3.1485 lr=2.989e-04 grad_norm=11.776 samples/s=67.70
[step 2870/50000] loss=3.6487 lr=2.989e-04 grad_norm=15.822 samples/s=67.70
[step 2880/50000] loss=3.3864 lr=2.989e-04 grad_norm=16.242 samples/s=67.73
[step 2890/50000] loss=3.3805 lr=2.989e-04 grad_norm=41.187 samples/s=67.72
[step 2900/50000] loss=2.7766 lr=2.989e-04 grad_norm=13.317 samples/s=67.72
[step 2910/50000] loss=3.3847 lr=2.989e-04 grad_norm=13.919 samples/s=67.72
[step 2920/50000] loss=3.2418 lr=2.989e-04 grad_norm=14.803 samples/s=67.76
[step 2930/50000] loss=3.4602 lr=2.989e-04 grad_norm=48.655 samples/s=67.71
[step 2940/50000] loss=2.7584 lr=2.989e-04 grad_norm=11.327 samples/s=67.73
[step 2950/50000] loss=3.7043 lr=2.988e-04 grad_norm=22.998 samples/s=67.68
[step 2960/50000] loss=3.0582 lr=2.988e-04 grad_norm=19.618 samples/s=67.72
[step 2970/50000] loss=3.5417 lr=2.988e-04 grad_norm=69.869 samples/s=67.69
[step 2980/50000] loss=3.2554 lr=2.988e-04 grad_norm=26.573 samples/s=67.71
[step 2990/50000] loss=3.0286 lr=2.988e-04 grad_norm=14.316 samples/s=67.68
[step 3000/50000] loss=3.3393 lr=2.988e-04 grad_norm=59.712 samples/s=67.70
[step 3010/50000] loss=3.0400 lr=2.988e-04 grad_norm=29.293 samples/s=67.70
[step 3020/50000] loss=3.3441 lr=2.988e-04 grad_norm=13.935 samples/s=67.74
[step 3030/50000] loss=3.0958 lr=2.987e-04 grad_norm=36.369 samples/s=67.70
[step 3040/50000] loss=2.7130 lr=2.987e-04 grad_norm=14.860 samples/s=67.74
[step 3050/50000] loss=2.5746 lr=2.987e-04 grad_norm=12.354 samples/s=67.72
[step 3060/50000] loss=3.4403 lr=2.987e-04 grad_norm=51.333 samples/s=67.75
[step 3070/50000] loss=3.4776 lr=2.987e-04 grad_norm=23.554 samples/s=67.70
[step 3080/50000] loss=3.2064 lr=2.987e-04 grad_norm=26.922 samples/s=67.72
[step 3090/50000] loss=3.1071 lr=2.987e-04 grad_norm=29.531 samples/s=67.70
[step 3100/50000] loss=2.5033 lr=2.987e-04 grad_norm=24.088 samples/s=67.73
[step 3110/50000] loss=3.2423 lr=2.986e-04 grad_norm=23.817 samples/s=67.72
[step 3120/50000] loss=2.5447 lr=2.986e-04 grad_norm=9.043 samples/s=67.77
[step 3130/50000] loss=3.5500 lr=2.986e-04 grad_norm=18.956 samples/s=67.76
[step 3140/50000] loss=2.7834 lr=2.986e-04 grad_norm=18.646 samples/s=67.80
[step 3150/50000] loss=3.5298 lr=2.986e-04 grad_norm=89.014 samples/s=67.76
[step 3160/50000] loss=3.0890 lr=2.986e-04 grad_norm=12.408 samples/s=67.79
[step 3170/50000] loss=3.1909 lr=2.986e-04 grad_norm=13.612 samples/s=67.81
[step 3180/50000] loss=3.5968 lr=2.986e-04 grad_norm=12.997 samples/s=67.80
[step 3190/50000] loss=2.6874 lr=2.985e-04 grad_norm=17.510 samples/s=67.78
[step 3200/50000] loss=3.5451 lr=2.985e-04 grad_norm=33.262 samples/s=67.80
[step 3210/50000] loss=3.3032 lr=2.985e-04 grad_norm=34.029 samples/s=67.78
[step 3220/50000] loss=2.7438 lr=2.985e-04 grad_norm=12.886 samples/s=67.78
[step 3230/50000] loss=2.9395 lr=2.985e-04 grad_norm=21.503 samples/s=67.74
[step 3240/50000] loss=2.7741 lr=2.985e-04 grad_norm=15.482 samples/s=67.79
[step 3250/50000] loss=3.4187 lr=2.985e-04 grad_norm=20.433 samples/s=67.76
[step 3260/50000] loss=3.0083 lr=2.984e-04 grad_norm=21.434 samples/s=67.78
[step 3270/50000] loss=2.5333 lr=2.984e-04 grad_norm=10.759 samples/s=67.74
[step 3280/50000] loss=2.8231 lr=2.984e-04 grad_norm=10.973 samples/s=67.78
[step 3290/50000] loss=2.5990 lr=2.984e-04 grad_norm=14.942 samples/s=67.77
[step 3300/50000] loss=3.2337 lr=2.984e-04 grad_norm=26.550 samples/s=67.78
[step 3310/50000] loss=3.8061 lr=2.984e-04 grad_norm=33.322 samples/s=67.75
[step 3320/50000] loss=2.7023 lr=2.984e-04 grad_norm=20.260 samples/s=67.77
[step 3330/50000] loss=2.4889 lr=2.983e-04 grad_norm=17.082 samples/s=67.71
[step 3340/50000] loss=2.4875 lr=2.983e-04 grad_norm=10.861 samples/s=67.71
[step 3350/50000] loss=3.5125 lr=2.983e-04 grad_norm=18.554 samples/s=67.69
[step 3360/50000] loss=3.2918 lr=2.983e-04 grad_norm=16.982 samples/s=67.73
[step 3370/50000] loss=2.9726 lr=2.983e-04 grad_norm=15.697 samples/s=67.71
[step 3380/50000] loss=2.7134 lr=2.983e-04 grad_norm=15.288 samples/s=67.75
[step 3390/50000] loss=2.9513 lr=2.983e-04 grad_norm=15.703 samples/s=67.72
[step 3400/50000] loss=3.9759 lr=2.982e-04 grad_norm=33.285 samples/s=67.74
[step 3410/50000] loss=2.7333 lr=2.982e-04 grad_norm=9.244 samples/s=67.68
[step 3420/50000] loss=3.6286 lr=2.982e-04 grad_norm=25.669 samples/s=67.73
[step 3430/50000] loss=3.0529 lr=2.982e-04 grad_norm=10.534 samples/s=67.71
[step 3440/50000] loss=3.1379 lr=2.982e-04 grad_norm=12.319 samples/s=67.73
[step 3450/50000] loss=3.5131 lr=2.982e-04 grad_norm=48.994 samples/s=67.72
[step 3460/50000] loss=3.5643 lr=2.982e-04 grad_norm=20.984 samples/s=67.75
[step 3470/50000] loss=2.7702 lr=2.981e-04 grad_norm=13.421 samples/s=67.72
[step 3480/50000] loss=2.7183 lr=2.981e-04 grad_norm=17.356 samples/s=67.75
[step 3490/50000] loss=3.9867 lr=2.981e-04 grad_norm=14.399 samples/s=67.75
[step 3500/50000] loss=3.1312 lr=2.981e-04 grad_norm=13.635 samples/s=67.78
[step 3510/50000] loss=3.2762 lr=2.981e-04 grad_norm=13.565 samples/s=67.77
[step 3520/50000] loss=2.8441 lr=2.981e-04 grad_norm=19.203 samples/s=67.82
[step 3530/50000] loss=3.2088 lr=2.981e-04 grad_norm=35.130 samples/s=67.81
[step 3540/50000] loss=2.7284 lr=2.980e-04 grad_norm=11.533 samples/s=67.83
[step 3550/50000] loss=3.5268 lr=2.980e-04 grad_norm=24.178 samples/s=67.78
[step 3560/50000] loss=2.6659 lr=2.980e-04 grad_norm=15.952 samples/s=67.82
[step 3570/50000] loss=3.3521 lr=2.980e-04 grad_norm=29.793 samples/s=67.80
[step 3580/50000] loss=3.0105 lr=2.980e-04 grad_norm=22.398 samples/s=67.82
[step 3590/50000] loss=2.5981 lr=2.980e-04 grad_norm=7.762 samples/s=67.78
[step 3600/50000] loss=2.6314 lr=2.979e-04 grad_norm=25.725 samples/s=67.81
[step 3610/50000] loss=3.5990 lr=2.979e-04 grad_norm=16.993 samples/s=67.82
[step 3620/50000] loss=3.0162 lr=2.979e-04 grad_norm=15.392 samples/s=67.84
[step 3630/50000] loss=3.8131 lr=2.979e-04 grad_norm=26.527 samples/s=67.82
[step 3640/50000] loss=3.1498 lr=2.979e-04 grad_norm=67.728 samples/s=67.86
[step 3650/50000] loss=3.7712 lr=2.979e-04 grad_norm=40.418 samples/s=67.86
[step 3660/50000] loss=2.6891 lr=2.978e-04 grad_norm=8.701 samples/s=67.86
[step 3670/50000] loss=2.6818 lr=2.978e-04 grad_norm=16.187 samples/s=67.83
[step 3680/50000] loss=2.7065 lr=2.978e-04 grad_norm=13.705 samples/s=67.87
[step 3690/50000] loss=2.4763 lr=2.978e-04 grad_norm=14.683 samples/s=67.83
[step 3700/50000] loss=2.6975 lr=2.978e-04 grad_norm=9.490 samples/s=67.86
[step 3710/50000] loss=2.9145 lr=2.978e-04 grad_norm=17.933 samples/s=67.82
[step 3720/50000] loss=3.7145 lr=2.977e-04 grad_norm=57.576 samples/s=67.86
[step 3730/50000] loss=2.9624 lr=2.977e-04 grad_norm=25.616 samples/s=67.81
[step 3740/50000] loss=2.2599 lr=2.977e-04 grad_norm=6.980 samples/s=67.83
[step 3750/50000] loss=2.8493 lr=2.977e-04 grad_norm=19.399 samples/s=67.80
[step 3760/50000] loss=4.0728 lr=2.977e-04 grad_norm=33.248 samples/s=67.82
[step 3770/50000] loss=3.0324 lr=2.977e-04 grad_norm=13.238 samples/s=67.81
[step 3780/50000] loss=3.2613 lr=2.976e-04 grad_norm=20.712 samples/s=67.84
[step 3790/50000] loss=2.9797 lr=2.976e-04 grad_norm=16.903 samples/s=67.84
[step 3800/50000] loss=2.6613 lr=2.976e-04 grad_norm=14.400 samples/s=67.85
[step 3810/50000] loss=2.8307 lr=2.976e-04 grad_norm=12.047 samples/s=67.85
[step 3820/50000] loss=2.6156 lr=2.976e-04 grad_norm=22.348 samples/s=67.89
[step 3830/50000] loss=2.8438 lr=2.976e-04 grad_norm=40.338 samples/s=67.83
[step 3840/50000] loss=3.4939 lr=2.975e-04 grad_norm=23.877 samples/s=67.87
[step 3850/50000] loss=2.3754 lr=2.975e-04 grad_norm=11.589 samples/s=67.86
[step 3860/50000] loss=2.5456 lr=2.975e-04 grad_norm=23.057 samples/s=67.88
[step 3870/50000] loss=3.7160 lr=2.975e-04 grad_norm=31.748 samples/s=67.88
[step 3880/50000] loss=2.9311 lr=2.975e-04 grad_norm=26.952 samples/s=67.92
[step 3890/50000] loss=2.8259 lr=2.975e-04 grad_norm=28.911 samples/s=67.88
[step 3900/50000] loss=3.4055 lr=2.974e-04 grad_norm=20.995 samples/s=67.90
[step 3910/50000] loss=2.5123 lr=2.974e-04 grad_norm=17.286 samples/s=67.90
[step 3920/50000] loss=2.5038 lr=2.974e-04 grad_norm=17.681 samples/s=67.94
[step 3930/50000] loss=3.0965 lr=2.974e-04 grad_norm=24.212 samples/s=67.92
[step 3940/50000] loss=2.7069 lr=2.974e-04 grad_norm=11.612 samples/s=67.95
[step 3950/50000] loss=2.6307 lr=2.974e-04 grad_norm=21.696 samples/s=67.91
[step 3960/50000] loss=3.1437 lr=2.973e-04 grad_norm=15.098 samples/s=67.93
[step 3970/50000] loss=2.3270 lr=2.973e-04 grad_norm=13.995 samples/s=67.93
[step 3980/50000] loss=2.6980 lr=2.973e-04 grad_norm=15.001 samples/s=67.96
[step 3990/50000] loss=2.3820 lr=2.973e-04 grad_norm=26.388 samples/s=67.94
[step 4000/50000] loss=3.0388 lr=2.973e-04 grad_norm=15.765 samples/s=67.97
[step 4010/50000] loss=3.2520 lr=2.972e-04 grad_norm=17.116 samples/s=67.95
[step 4020/50000] loss=3.2559 lr=2.972e-04 grad_norm=48.490 samples/s=67.99
[step 4030/50000] loss=2.4258 lr=2.972e-04 grad_norm=7.092 samples/s=67.96
[step 4040/50000] loss=3.9732 lr=2.972e-04 grad_norm=19.779 samples/s=68.01
[step 4050/50000] loss=3.2385 lr=2.972e-04 grad_norm=16.505 samples/s=67.99
[step 4060/50000] loss=3.3298 lr=2.972e-04 grad_norm=32.394 samples/s=68.01
[step 4070/50000] loss=2.4478 lr=2.971e-04 grad_norm=17.712 samples/s=68.01
[step 4080/50000] loss=2.8244 lr=2.971e-04 grad_norm=43.839 samples/s=68.03
[step 4090/50000] loss=3.4401 lr=2.971e-04 grad_norm=38.849 samples/s=68.03
[step 4100/50000] loss=3.5454 lr=2.971e-04 grad_norm=16.193 samples/s=68.05
[step 4110/50000] loss=2.4323 lr=2.971e-04 grad_norm=7.466 samples/s=68.00
[step 4120/50000] loss=2.9232 lr=2.970e-04 grad_norm=26.635 samples/s=68.04
[step 4130/50000] loss=2.6843 lr=2.970e-04 grad_norm=11.550 samples/s=68.02
[step 4140/50000] loss=2.8043 lr=2.970e-04 grad_norm=29.640 samples/s=68.04
[step 4150/50000] loss=3.3819 lr=2.970e-04 grad_norm=40.402 samples/s=68.01
[step 4160/50000] loss=2.6706 lr=2.970e-04 grad_norm=20.403 samples/s=68.04
[step 4170/50000] loss=3.5441 lr=2.969e-04 grad_norm=25.010 samples/s=68.03
[step 4180/50000] loss=2.4128 lr=2.969e-04 grad_norm=16.997 samples/s=68.07
[step 4190/50000] loss=2.9017 lr=2.969e-04 grad_norm=10.535 samples/s=68.04
[step 4200/50000] loss=3.1229 lr=2.969e-04 grad_norm=16.672 samples/s=68.07
[step 4210/50000] loss=2.6318 lr=2.969e-04 grad_norm=15.065 samples/s=68.05
[step 4220/50000] loss=3.4862 lr=2.968e-04 grad_norm=46.561 samples/s=68.07
[step 4230/50000] loss=3.8110 lr=2.968e-04 grad_norm=33.151 samples/s=68.08
[step 4240/50000] loss=3.3710 lr=2.968e-04 grad_norm=21.927 samples/s=68.09
[step 4250/50000] loss=3.0835 lr=2.968e-04 grad_norm=14.854 samples/s=68.08
[step 4260/50000] loss=3.0194 lr=2.968e-04 grad_norm=18.039 samples/s=68.10
[step 4270/50000] loss=2.4914 lr=2.968e-04 grad_norm=18.713 samples/s=68.07
[step 4280/50000] loss=2.5963 lr=2.967e-04 grad_norm=19.565 samples/s=68.11
[step 4290/50000] loss=3.0249 lr=2.967e-04 grad_norm=9.257 samples/s=68.11
[step 4300/50000] loss=2.9232 lr=2.967e-04 grad_norm=16.213 samples/s=68.12
[step 4310/50000] loss=2.2072 lr=2.967e-04 grad_norm=10.158 samples/s=68.10
[step 4320/50000] loss=3.0471 lr=2.967e-04 grad_norm=12.719 samples/s=68.12
[step 4330/50000] loss=3.4425 lr=2.966e-04 grad_norm=36.618 samples/s=68.11
[step 4340/50000] loss=3.1479 lr=2.966e-04 grad_norm=27.590 samples/s=68.12
[step 4350/50000] loss=4.0992 lr=2.966e-04 grad_norm=16.399 samples/s=68.09
[step 4360/50000] loss=2.9457 lr=2.966e-04 grad_norm=15.664 samples/s=68.13
[step 4370/50000] loss=3.3514 lr=2.965e-04 grad_norm=24.038 samples/s=68.12
[step 4380/50000] loss=2.9245 lr=2.965e-04 grad_norm=30.106 samples/s=68.16
[step 4390/50000] loss=3.1442 lr=2.965e-04 grad_norm=22.152 samples/s=68.16
[step 4400/50000] loss=2.3591 lr=2.965e-04 grad_norm=18.063 samples/s=68.21
[step 4410/50000] loss=2.6431 lr=2.965e-04 grad_norm=17.465 samples/s=68.21
[step 4420/50000] loss=2.9215 lr=2.964e-04 grad_norm=21.179 samples/s=68.23
[step 4430/50000] loss=3.1900 lr=2.964e-04 grad_norm=22.136 samples/s=68.20
[step 4440/50000] loss=2.8453 lr=2.964e-04 grad_norm=15.172 samples/s=68.19
[step 4450/50000] loss=2.3458 lr=2.964e-04 grad_norm=7.789 samples/s=68.21
[step 4460/50000] loss=2.8861 lr=2.964e-04 grad_norm=38.221 samples/s=68.23
[step 4470/50000] loss=3.1690 lr=2.963e-04 grad_norm=25.503 samples/s=68.22
[step 4480/50000] loss=3.2211 lr=2.963e-04 grad_norm=26.198 samples/s=68.24
[step 4490/50000] loss=2.9140 lr=2.963e-04 grad_norm=31.920 samples/s=68.23
[step 4500/50000] loss=2.7505 lr=2.963e-04 grad_norm=23.448 samples/s=68.23
[step 4510/50000] loss=3.2718 lr=2.963e-04 grad_norm=18.691 samples/s=68.22
[step 4520/50000] loss=2.4086 lr=2.962e-04 grad_norm=19.103 samples/s=68.24
[step 4530/50000] loss=2.8009 lr=2.962e-04 grad_norm=15.391 samples/s=68.22
[step 4540/50000] loss=3.4937 lr=2.962e-04 grad_norm=13.716 samples/s=68.22
[step 4550/50000] loss=2.2900 lr=2.962e-04 grad_norm=14.260 samples/s=68.22
[step 4560/50000] loss=3.2174 lr=2.962e-04 grad_norm=26.266 samples/s=68.22
[step 4570/50000] loss=3.4304 lr=2.961e-04 grad_norm=25.947 samples/s=68.20
[step 4580/50000] loss=2.9932 lr=2.961e-04 grad_norm=19.164 samples/s=68.23
[step 4590/50000] loss=2.3614 lr=2.961e-04 grad_norm=14.752 samples/s=68.23
[step 4600/50000] loss=2.6240 lr=2.961e-04 grad_norm=49.730 samples/s=68.26
[step 4610/50000] loss=2.9864 lr=2.960e-04 grad_norm=18.941 samples/s=68.22
[step 4620/50000] loss=2.5075 lr=2.960e-04 grad_norm=16.936 samples/s=68.25
[step 4630/50000] loss=3.3057 lr=2.960e-04 grad_norm=15.982 samples/s=68.24
[step 4640/50000] loss=3.1156 lr=2.960e-04 grad_norm=19.742 samples/s=68.27
[step 4650/50000] loss=3.2255 lr=2.960e-04 grad_norm=51.278 samples/s=68.27
[step 4660/50000] loss=3.1687 lr=2.959e-04 grad_norm=28.643 samples/s=68.28
[step 4670/50000] loss=2.4041 lr=2.959e-04 grad_norm=13.827 samples/s=68.26
[step 4680/50000] loss=3.1019 lr=2.959e-04 grad_norm=15.193 samples/s=68.27
[step 4690/50000] loss=3.9927 lr=2.959e-04 grad_norm=56.304 samples/s=68.26
[step 4700/50000] loss=3.1615 lr=2.958e-04 grad_norm=17.719 samples/s=68.28
[step 4710/50000] loss=3.1563 lr=2.958e-04 grad_norm=23.653 samples/s=68.28
[step 4720/50000] loss=3.0883 lr=2.958e-04 grad_norm=14.048 samples/s=68.29
[step 4730/50000] loss=3.1245 lr=2.958e-04 grad_norm=26.100 samples/s=68.28
[step 4740/50000] loss=2.5226 lr=2.958e-04 grad_norm=11.522 samples/s=68.30
[step 4750/50000] loss=2.8096 lr=2.957e-04 grad_norm=47.627 samples/s=68.28
[step 4760/50000] loss=2.9357 lr=2.957e-04 grad_norm=19.554 samples/s=68.30
[step 4770/50000] loss=3.2242 lr=2.957e-04 grad_norm=31.454 samples/s=68.29
[step 4780/50000] loss=2.9187 lr=2.957e-04 grad_norm=19.923 samples/s=68.32
[step 4790/50000] loss=3.9275 lr=2.956e-04 grad_norm=18.548 samples/s=68.29
[step 4800/50000] loss=2.4089 lr=2.956e-04 grad_norm=7.788 samples/s=68.29
[step 4810/50000] loss=3.3534 lr=2.956e-04 grad_norm=20.825 samples/s=68.29
[step 4820/50000] loss=3.5796 lr=2.956e-04 grad_norm=14.451 samples/s=68.31
[step 4830/50000] loss=3.2114 lr=2.955e-04 grad_norm=21.662 samples/s=68.31
[step 4840/50000] loss=2.1954 lr=2.955e-04 grad_norm=11.354 samples/s=68.34
[step 4850/50000] loss=4.0499 lr=2.955e-04 grad_norm=27.553 samples/s=68.31
[step 4860/50000] loss=3.5339 lr=2.955e-04 grad_norm=22.634 samples/s=68.30
[step 4870/50000] loss=2.4926 lr=2.955e-04 grad_norm=16.574 samples/s=68.26
[step 4880/50000] loss=4.3580 lr=2.954e-04 grad_norm=33.104 samples/s=68.28
[step 4890/50000] loss=2.8691 lr=2.954e-04 grad_norm=17.154 samples/s=68.31
[step 4900/50000] loss=3.1514 lr=2.954e-04 grad_norm=31.349 samples/s=68.37
[step 4910/50000] loss=2.9839 lr=2.954e-04 grad_norm=7.470 samples/s=68.40
[step 4920/50000] loss=2.2652 lr=2.953e-04 grad_norm=15.254 samples/s=68.43
[step 4930/50000] loss=3.0051 lr=2.953e-04 grad_norm=14.006 samples/s=68.43
[step 4940/50000] loss=2.6512 lr=2.953e-04 grad_norm=17.093 samples/s=68.43
[step 4950/50000] loss=2.8714 lr=2.953e-04 grad_norm=10.871 samples/s=68.39
[step 4960/50000] loss=2.8956 lr=2.952e-04 grad_norm=19.153 samples/s=68.41
[step 4970/50000] loss=3.4040 lr=2.952e-04 grad_norm=15.762 samples/s=68.40
[step 4980/50000] loss=2.7094 lr=2.952e-04 grad_norm=12.325 samples/s=68.43
[step 4990/50000] loss=2.0539 lr=2.952e-04 grad_norm=7.729 samples/s=68.40
[step 5000/50000] loss=2.3539 lr=2.951e-04 grad_norm=11.711 samples/s=68.42
[val step 5000] loss=3.3785932235717775 m01={'mean': 0.41798967103400025, 'median': 0.4089669623021624, 'p95': 0.7392001761995338, 'tail_frac_gt4px': 4.6025682330740555e-05, 'n_matched': 21727} m02={'12-16': 0.6981566820276498, '16-32': 0.824991167118125, '32-64': 0.8682688600436962, '64-128': 0.8597579894508223} m04={'accuracy': 0.241266626777742, 'by_octave': {'12-16': 0.23432343234323433, '16-32': 0.24254104211277658, '32-64': 0.24896388395500296, '64-128': 0.23330927463009743}} diag={'gate3_alpha_mean': 0.39569270610809326, 'gate3_alpha_min': 0.06207275390625, 'gate3_alpha_max': 0.98486328125, 'gate3_alpha_std': 0.11830782890319824, 'gate3_alpha_p10': 0.25048828125, 'gate3_alpha_p50': 0.3880157470703125, 'gate3_alpha_p90': 0.55029296875, 'block0_attn_entropy': 7.4758710861206055, 'block1_attn_entropy': 6.9266815185546875}
[step 5010/50000] loss=2.4300 lr=2.951e-04 grad_norm=48.355 samples/s=68.51
[step 5020/50000] loss=2.3719 lr=2.951e-04 grad_norm=12.076 samples/s=68.59
[step 5030/50000] loss=2.6275 lr=2.951e-04 grad_norm=8.567 samples/s=68.60
[step 5040/50000] loss=2.5342 lr=2.950e-04 grad_norm=12.114 samples/s=68.57
[step 5050/50000] loss=3.0188 lr=2.950e-04 grad_norm=62.688 samples/s=68.58
[step 5060/50000] loss=2.7977 lr=2.950e-04 grad_norm=19.010 samples/s=68.55
[step 5070/50000] loss=3.3247 lr=2.950e-04 grad_norm=25.586 samples/s=68.58
[step 5080/50000] loss=3.0028 lr=2.950e-04 grad_norm=28.056 samples/s=68.57
[step 5090/50000] loss=3.1595 lr=2.949e-04 grad_norm=30.103 samples/s=68.58
[step 5100/50000] loss=3.2436 lr=2.949e-04 grad_norm=10.255 samples/s=68.57
[step 5110/50000] loss=2.9242 lr=2.949e-04 grad_norm=15.420 samples/s=68.59
[step 5120/50000] loss=3.1700 lr=2.949e-04 grad_norm=44.996 samples/s=68.58
[step 5130/50000] loss=2.6597 lr=2.948e-04 grad_norm=35.542 samples/s=68.60
[step 5140/50000] loss=2.6337 lr=2.948e-04 grad_norm=21.799 samples/s=68.60
[step 5150/50000] loss=3.6662 lr=2.948e-04 grad_norm=23.529 samples/s=68.64
[step 5160/50000] loss=2.7689 lr=2.948e-04 grad_norm=22.300 samples/s=68.66
[step 5170/50000] loss=3.3200 lr=2.947e-04 grad_norm=28.916 samples/s=68.71
[step 5180/50000] loss=3.0510 lr=2.947e-04 grad_norm=57.471 samples/s=68.74
[step 5190/50000] loss=3.1475 lr=2.947e-04 grad_norm=32.225 samples/s=68.79
[step 5200/50000] loss=2.8824 lr=2.947e-04 grad_norm=17.458 samples/s=68.84
[step 5210/50000] loss=2.9660 lr=2.946e-04 grad_norm=54.285 samples/s=68.89
[step 5220/50000] loss=4.4490 lr=2.946e-04 grad_norm=50.309 samples/s=68.92
[step 5230/50000] loss=2.9580 lr=2.946e-04 grad_norm=10.025 samples/s=68.97
[step 5240/50000] loss=2.7615 lr=2.945e-04 grad_norm=16.378 samples/s=68.99
[step 5250/50000] loss=2.8331 lr=2.945e-04 grad_norm=15.219 samples/s=69.01
[step 5260/50000] loss=2.6026 lr=2.945e-04 grad_norm=9.592 samples/s=68.99
[step 5270/50000] loss=2.6420 lr=2.945e-04 grad_norm=21.251 samples/s=69.00
[step 5280/50000] loss=3.1033 lr=2.944e-04 grad_norm=37.669 samples/s=68.99
[step 5290/50000] loss=2.7667 lr=2.944e-04 grad_norm=12.471 samples/s=68.99
[step 5300/50000] loss=2.9787 lr=2.944e-04 grad_norm=27.166 samples/s=69.00
[step 5310/50000] loss=2.9335 lr=2.944e-04 grad_norm=31.064 samples/s=69.02
[step 5320/50000] loss=2.4664 lr=2.943e-04 grad_norm=13.024 samples/s=68.99
[step 5330/50000] loss=2.8148 lr=2.943e-04 grad_norm=40.850 samples/s=69.01
[step 5340/50000] loss=2.4080 lr=2.943e-04 grad_norm=17.170 samples/s=68.99
[step 5350/50000] loss=3.0470 lr=2.943e-04 grad_norm=32.446 samples/s=69.02
[step 5360/50000] loss=3.8393 lr=2.942e-04 grad_norm=76.370 samples/s=68.98
[step 5370/50000] loss=2.6892 lr=2.942e-04 grad_norm=22.057 samples/s=68.99
[step 5380/50000] loss=2.5944 lr=2.942e-04 grad_norm=15.154 samples/s=68.98
[step 5390/50000] loss=3.6228 lr=2.942e-04 grad_norm=22.058 samples/s=68.99
[step 5400/50000] loss=3.2205 lr=2.941e-04 grad_norm=31.524 samples/s=68.98
[step 5410/50000] loss=2.6643 lr=2.941e-04 grad_norm=17.394 samples/s=69.00
[step 5420/50000] loss=2.5306 lr=2.941e-04 grad_norm=21.711 samples/s=68.99
[step 5430/50000] loss=2.9246 lr=2.941e-04 grad_norm=13.425 samples/s=69.01
[step 5440/50000] loss=3.4711 lr=2.940e-04 grad_norm=39.171 samples/s=68.99
[step 5450/50000] loss=2.7779 lr=2.940e-04 grad_norm=18.783 samples/s=69.02
[step 5460/50000] loss=2.6728 lr=2.940e-04 grad_norm=16.301 samples/s=69.02
[step 5470/50000] loss=3.2128 lr=2.939e-04 grad_norm=10.768 samples/s=69.04
[step 5480/50000] loss=3.3780 lr=2.939e-04 grad_norm=19.662 samples/s=69.02
[step 5490/50000] loss=3.3732 lr=2.939e-04 grad_norm=36.479 samples/s=69.04
[step 5500/50000] loss=3.1239 lr=2.939e-04 grad_norm=11.195 samples/s=69.03
[step 5510/50000] loss=2.8104 lr=2.938e-04 grad_norm=28.149 samples/s=69.04
[step 5520/50000] loss=3.0058 lr=2.938e-04 grad_norm=11.408 samples/s=69.03
[step 5530/50000] loss=3.4376 lr=2.938e-04 grad_norm=62.828 samples/s=69.04
[step 5540/50000] loss=2.8979 lr=2.938e-04 grad_norm=13.308 samples/s=69.04
[step 5550/50000] loss=3.3306 lr=2.937e-04 grad_norm=21.929 samples/s=69.04
[step 5560/50000] loss=2.4438 lr=2.937e-04 grad_norm=8.803 samples/s=69.05
[step 5570/50000] loss=3.2545 lr=2.937e-04 grad_norm=18.450 samples/s=69.06
[step 5580/50000] loss=2.8633 lr=2.936e-04 grad_norm=15.038 samples/s=69.05
[step 5590/50000] loss=2.5605 lr=2.936e-04 grad_norm=13.254 samples/s=69.08
[step 5600/50000] loss=2.9094 lr=2.936e-04 grad_norm=28.824 samples/s=69.06
[step 5610/50000] loss=2.5140 lr=2.936e-04 grad_norm=9.415 samples/s=69.06
[step 5620/50000] loss=2.4380 lr=2.935e-04 grad_norm=12.118 samples/s=69.05
[step 5630/50000] loss=3.2918 lr=2.935e-04 grad_norm=138.405 samples/s=69.05
[step 5640/50000] loss=2.8838 lr=2.935e-04 grad_norm=19.311 samples/s=69.06
[step 5650/50000] loss=2.9842 lr=2.935e-04 grad_norm=16.514 samples/s=69.07
[step 5660/50000] loss=2.3025 lr=2.934e-04 grad_norm=10.062 samples/s=69.05
[step 5670/50000] loss=2.8554 lr=2.934e-04 grad_norm=17.988 samples/s=69.05
[step 5680/50000] loss=3.7274 lr=2.934e-04 grad_norm=10.998 samples/s=69.05
[step 5690/50000] loss=2.1056 lr=2.933e-04 grad_norm=8.341 samples/s=69.07
[step 5700/50000] loss=2.5713 lr=2.933e-04 grad_norm=20.914 samples/s=69.04
[step 5710/50000] loss=2.7444 lr=2.933e-04 grad_norm=9.188 samples/s=69.07
[step 5720/50000] loss=2.8921 lr=2.933e-04 grad_norm=15.854 samples/s=69.10
[step 5730/50000] loss=2.7855 lr=2.932e-04 grad_norm=10.695 samples/s=69.13
[step 5740/50000] loss=2.3842 lr=2.932e-04 grad_norm=18.476 samples/s=69.12
[step 5750/50000] loss=2.3690 lr=2.932e-04 grad_norm=16.353 samples/s=69.13
[step 5760/50000] loss=3.4479 lr=2.931e-04 grad_norm=67.219 samples/s=69.14
[step 5770/50000] loss=2.4198 lr=2.931e-04 grad_norm=19.429 samples/s=69.16
[step 5780/50000] loss=2.4760 lr=2.931e-04 grad_norm=10.032 samples/s=69.13
[step 5790/50000] loss=2.9682 lr=2.931e-04 grad_norm=26.971 samples/s=69.15
[step 5800/50000] loss=2.1077 lr=2.930e-04 grad_norm=11.253 samples/s=69.13
[step 5810/50000] loss=2.2382 lr=2.930e-04 grad_norm=7.034 samples/s=69.15
[step 5820/50000] loss=2.7101 lr=2.930e-04 grad_norm=9.059 samples/s=69.12
[step 5830/50000] loss=3.4596 lr=2.929e-04 grad_norm=11.347 samples/s=69.16
[step 5840/50000] loss=2.3953 lr=2.929e-04 grad_norm=22.792 samples/s=69.16
[step 5850/50000] loss=2.6645 lr=2.929e-04 grad_norm=29.941 samples/s=69.18
[step 5860/50000] loss=3.1270 lr=2.929e-04 grad_norm=49.026 samples/s=69.16
[step 5870/50000] loss=3.6345 lr=2.928e-04 grad_norm=11.688 samples/s=69.17
[step 5880/50000] loss=3.4952 lr=2.928e-04 grad_norm=27.958 samples/s=69.17
[step 5890/50000] loss=2.9294 lr=2.928e-04 grad_norm=18.990 samples/s=69.19
[step 5900/50000] loss=2.5399 lr=2.927e-04 grad_norm=20.021 samples/s=69.16
[step 5910/50000] loss=2.8745 lr=2.927e-04 grad_norm=16.538 samples/s=69.18
[step 5920/50000] loss=3.0692 lr=2.927e-04 grad_norm=16.180 samples/s=69.17
[step 5930/50000] loss=2.7162 lr=2.926e-04 grad_norm=12.878 samples/s=69.19
[step 5940/50000] loss=2.2649 lr=2.926e-04 grad_norm=12.766 samples/s=69.16
[step 5950/50000] loss=2.5733 lr=2.926e-04 grad_norm=13.893 samples/s=69.18
[step 5960/50000] loss=2.4041 lr=2.926e-04 grad_norm=14.554 samples/s=69.18
[step 5970/50000] loss=3.2395 lr=2.925e-04 grad_norm=36.478 samples/s=69.20
[step 5980/50000] loss=2.3897 lr=2.925e-04 grad_norm=15.821 samples/s=69.19
[step 5990/50000] loss=3.1273 lr=2.925e-04 grad_norm=17.548 samples/s=69.20
[step 6000/50000] loss=2.2930 lr=2.924e-04 grad_norm=9.974 samples/s=69.20
[step 6010/50000] loss=3.1663 lr=2.924e-04 grad_norm=36.683 samples/s=69.21
[step 6020/50000] loss=3.1637 lr=2.924e-04 grad_norm=16.967 samples/s=69.20
[step 6030/50000] loss=2.3607 lr=2.923e-04 grad_norm=10.479 samples/s=69.22
[step 6040/50000] loss=2.3744 lr=2.923e-04 grad_norm=13.596 samples/s=69.20
[step 6050/50000] loss=2.3342 lr=2.923e-04 grad_norm=8.485 samples/s=69.21
[step 6060/50000] loss=2.4705 lr=2.923e-04 grad_norm=15.267 samples/s=69.22
[step 6070/50000] loss=3.6111 lr=2.922e-04 grad_norm=17.788 samples/s=69.23
[step 6080/50000] loss=2.9796 lr=2.922e-04 grad_norm=15.840 samples/s=69.22
[step 6090/50000] loss=3.1543 lr=2.922e-04 grad_norm=10.750 samples/s=69.24
[step 6100/50000] loss=2.8324 lr=2.921e-04 grad_norm=25.607 samples/s=69.24
[step 6110/50000] loss=3.0855 lr=2.921e-04 grad_norm=23.065 samples/s=69.25
[step 6120/50000] loss=3.3409 lr=2.921e-04 grad_norm=24.715 samples/s=69.24
[step 6130/50000] loss=3.5679 lr=2.920e-04 grad_norm=14.144 samples/s=69.26
[step 6140/50000] loss=3.5274 lr=2.920e-04 grad_norm=21.146 samples/s=69.26
[step 6150/50000] loss=2.2389 lr=2.920e-04 grad_norm=8.013 samples/s=69.28
[step 6160/50000] loss=2.2608 lr=2.920e-04 grad_norm=10.150 samples/s=69.26
[step 6170/50000] loss=2.9749 lr=2.919e-04 grad_norm=13.211 samples/s=69.28
[step 6180/50000] loss=2.5991 lr=2.919e-04 grad_norm=22.943 samples/s=69.29
[step 6190/50000] loss=2.6972 lr=2.919e-04 grad_norm=9.518 samples/s=69.30
[step 6200/50000] loss=2.7149 lr=2.918e-04 grad_norm=43.229 samples/s=69.28
[step 6210/50000] loss=2.8963 lr=2.918e-04 grad_norm=44.336 samples/s=69.29
[step 6220/50000] loss=2.8270 lr=2.918e-04 grad_norm=28.699 samples/s=69.26
[step 6230/50000] loss=3.1456 lr=2.917e-04 grad_norm=15.830 samples/s=69.28
[step 6240/50000] loss=3.4299 lr=2.917e-04 grad_norm=26.671 samples/s=69.26
[step 6250/50000] loss=2.6706 lr=2.917e-04 grad_norm=24.626 samples/s=69.28
[step 6260/50000] loss=3.1455 lr=2.916e-04 grad_norm=21.088 samples/s=69.27
[step 6270/50000] loss=2.8325 lr=2.916e-04 grad_norm=27.505 samples/s=69.29
[step 6280/50000] loss=2.7222 lr=2.916e-04 grad_norm=13.438 samples/s=69.29
[step 6290/50000] loss=3.0818 lr=2.915e-04 grad_norm=21.110 samples/s=69.30
[step 6300/50000] loss=3.0526 lr=2.915e-04 grad_norm=10.908 samples/s=69.29
[step 6310/50000] loss=2.5148 lr=2.915e-04 grad_norm=16.775 samples/s=69.30
[step 6320/50000] loss=2.3434 lr=2.914e-04 grad_norm=16.457 samples/s=69.29
[step 6330/50000] loss=3.1034 lr=2.914e-04 grad_norm=20.087 samples/s=69.31
[step 6340/50000] loss=2.7313 lr=2.914e-04 grad_norm=29.866 samples/s=69.31
[step 6350/50000] loss=2.7465 lr=2.914e-04 grad_norm=20.341 samples/s=69.34
[step 6360/50000] loss=2.6905 lr=2.913e-04 grad_norm=30.706 samples/s=69.34
[step 6370/50000] loss=3.0087 lr=2.913e-04 grad_norm=17.378 samples/s=69.35
[step 6380/50000] loss=2.6945 lr=2.913e-04 grad_norm=25.132 samples/s=69.34
[step 6390/50000] loss=2.6430 lr=2.912e-04 grad_norm=22.543 samples/s=69.36
[step 6400/50000] loss=2.9902 lr=2.912e-04 grad_norm=20.759 samples/s=69.35
[step 6410/50000] loss=2.3801 lr=2.912e-04 grad_norm=9.483 samples/s=69.36
[step 6420/50000] loss=3.0983 lr=2.911e-04 grad_norm=21.382 samples/s=69.34
[step 6430/50000] loss=2.7464 lr=2.911e-04 grad_norm=30.206 samples/s=69.36
[step 6440/50000] loss=2.9870 lr=2.911e-04 grad_norm=17.772 samples/s=69.33
[step 6450/50000] loss=2.7464 lr=2.910e-04 grad_norm=12.287 samples/s=69.34
[step 6460/50000] loss=2.6705 lr=2.910e-04 grad_norm=38.658 samples/s=69.34
[step 6470/50000] loss=2.7912 lr=2.910e-04 grad_norm=18.007 samples/s=69.36
[step 6480/50000] loss=3.1282 lr=2.909e-04 grad_norm=21.206 samples/s=69.35
[step 6490/50000] loss=3.3858 lr=2.909e-04 grad_norm=23.493 samples/s=69.37
[step 6500/50000] loss=2.2700 lr=2.909e-04 grad_norm=11.516 samples/s=69.37
[step 6510/50000] loss=2.8236 lr=2.908e-04 grad_norm=26.594 samples/s=69.39
[step 6520/50000] loss=2.5394 lr=2.908e-04 grad_norm=11.279 samples/s=69.37
[step 6530/50000] loss=2.5814 lr=2.908e-04 grad_norm=9.918 samples/s=69.39
[step 6540/50000] loss=2.5935 lr=2.907e-04 grad_norm=15.690 samples/s=69.36
[step 6550/50000] loss=2.6232 lr=2.907e-04 grad_norm=7.109 samples/s=69.40
[step 6560/50000] loss=2.4876 lr=2.907e-04 grad_norm=29.014 samples/s=69.37
[step 6570/50000] loss=2.6538 lr=2.906e-04 grad_norm=25.610 samples/s=69.38
[step 6580/50000] loss=3.4797 lr=2.906e-04 grad_norm=8.546 samples/s=69.37
[step 6590/50000] loss=2.5407 lr=2.906e-04 grad_norm=19.862 samples/s=69.38
[step 6600/50000] loss=2.5711 lr=2.905e-04 grad_norm=8.717 samples/s=69.37
[step 6610/50000] loss=2.3340 lr=2.905e-04 grad_norm=8.321 samples/s=69.39
[step 6620/50000] loss=2.9807 lr=2.905e-04 grad_norm=19.724 samples/s=69.38
[step 6630/50000] loss=2.3519 lr=2.904e-04 grad_norm=16.309 samples/s=69.40
[step 6640/50000] loss=2.9954 lr=2.904e-04 grad_norm=26.246 samples/s=69.37
[step 6650/50000] loss=2.4027 lr=2.904e-04 grad_norm=13.078 samples/s=69.40
[step 6660/50000] loss=2.8654 lr=2.903e-04 grad_norm=20.147 samples/s=69.39
[step 6670/50000] loss=2.4881 lr=2.903e-04 grad_norm=15.927 samples/s=69.41
[step 6680/50000] loss=2.3334 lr=2.903e-04 grad_norm=16.668 samples/s=69.38
[step 6690/50000] loss=2.6696 lr=2.902e-04 grad_norm=14.189 samples/s=69.39
[step 6700/50000] loss=2.6217 lr=2.902e-04 grad_norm=17.936 samples/s=69.38
[step 6710/50000] loss=2.1998 lr=2.902e-04 grad_norm=9.268 samples/s=69.40
[step 6720/50000] loss=2.8397 lr=2.901e-04 grad_norm=14.382 samples/s=69.37
[step 6730/50000] loss=2.6748 lr=2.901e-04 grad_norm=12.668 samples/s=69.38
[step 6740/50000] loss=2.7404 lr=2.901e-04 grad_norm=17.410 samples/s=69.39
[step 6750/50000] loss=3.2360 lr=2.900e-04 grad_norm=32.364 samples/s=69.42
[step 6760/50000] loss=2.5280 lr=2.900e-04 grad_norm=14.775 samples/s=69.41
[step 6770/50000] loss=2.8916 lr=2.900e-04 grad_norm=32.283 samples/s=69.43
[step 6780/50000] loss=3.4255 lr=2.899e-04 grad_norm=23.156 samples/s=69.43
[step 6790/50000] loss=3.1137 lr=2.899e-04 grad_norm=34.918 samples/s=69.46
[step 6800/50000] loss=3.4292 lr=2.899e-04 grad_norm=14.022 samples/s=69.44
[step 6810/50000] loss=2.6656 lr=2.898e-04 grad_norm=14.900 samples/s=69.47
[step 6820/50000] loss=2.0793 lr=2.898e-04 grad_norm=15.066 samples/s=69.47
[step 6830/50000] loss=2.6918 lr=2.897e-04 grad_norm=13.996 samples/s=69.47
[step 6840/50000] loss=2.9060 lr=2.897e-04 grad_norm=29.303 samples/s=69.46
[step 6850/50000] loss=3.7370 lr=2.897e-04 grad_norm=26.314 samples/s=69.48
[step 6860/50000] loss=2.4998 lr=2.896e-04 grad_norm=12.043 samples/s=69.48
[step 6870/50000] loss=2.8409 lr=2.896e-04 grad_norm=20.201 samples/s=69.49
[step 6880/50000] loss=2.3786 lr=2.896e-04 grad_norm=16.195 samples/s=69.49
[step 6890/50000] loss=3.4560 lr=2.895e-04 grad_norm=11.554 samples/s=69.50
[step 6900/50000] loss=3.1350 lr=2.895e-04 grad_norm=19.531 samples/s=69.48
[step 6910/50000] loss=3.9648 lr=2.895e-04 grad_norm=56.753 samples/s=69.50
[step 6920/50000] loss=3.4599 lr=2.894e-04 grad_norm=61.894 samples/s=69.49
[step 6930/50000] loss=2.8373 lr=2.894e-04 grad_norm=14.626 samples/s=69.50
[step 6940/50000] loss=2.3818 lr=2.894e-04 grad_norm=10.268 samples/s=69.51
[step 6950/50000] loss=3.0397 lr=2.893e-04 grad_norm=20.852 samples/s=69.51
[step 6960/50000] loss=3.6172 lr=2.893e-04 grad_norm=22.954 samples/s=69.50
[step 6970/50000] loss=2.8622 lr=2.893e-04 grad_norm=10.955 samples/s=69.52
[step 6980/50000] loss=2.3122 lr=2.892e-04 grad_norm=10.003 samples/s=69.49
[step 6990/50000] loss=2.3176 lr=2.892e-04 grad_norm=17.109 samples/s=69.51
[step 7000/50000] loss=2.5601 lr=2.892e-04 grad_norm=8.105 samples/s=69.49
[step 7010/50000] loss=3.6114 lr=2.891e-04 grad_norm=31.102 samples/s=69.50
[step 7020/50000] loss=2.4669 lr=2.891e-04 grad_norm=14.251 samples/s=69.50
[step 7030/50000] loss=2.3641 lr=2.890e-04 grad_norm=20.931 samples/s=69.52
[step 7040/50000] loss=2.9228 lr=2.890e-04 grad_norm=16.123 samples/s=69.52
[step 7050/50000] loss=3.0568 lr=2.890e-04 grad_norm=48.977 samples/s=69.53
[step 7060/50000] loss=3.1604 lr=2.889e-04 grad_norm=13.762 samples/s=69.51
[step 7070/50000] loss=3.1811 lr=2.889e-04 grad_norm=39.593 samples/s=69.52
[step 7080/50000] loss=2.6680 lr=2.889e-04 grad_norm=9.694 samples/s=69.52
[step 7090/50000] loss=3.6801 lr=2.888e-04 grad_norm=49.475 samples/s=69.53
[step 7100/50000] loss=2.2358 lr=2.888e-04 grad_norm=7.871 samples/s=69.54
[step 7110/50000] loss=2.8792 lr=2.888e-04 grad_norm=22.161 samples/s=69.53
[step 7120/50000] loss=2.7875 lr=2.887e-04 grad_norm=16.044 samples/s=69.53
[step 7130/50000] loss=2.0711 lr=2.887e-04 grad_norm=5.049 samples/s=69.55
[step 7140/50000] loss=3.2294 lr=2.886e-04 grad_norm=33.035 samples/s=69.54
[step 7150/50000] loss=3.1558 lr=2.886e-04 grad_norm=16.639 samples/s=69.56
[step 7160/50000] loss=2.3268 lr=2.886e-04 grad_norm=9.954 samples/s=69.54
[step 7170/50000] loss=2.8377 lr=2.885e-04 grad_norm=39.559 samples/s=69.54
[step 7180/50000] loss=2.7935 lr=2.885e-04 grad_norm=14.033 samples/s=69.53
[step 7190/50000] loss=3.4356 lr=2.885e-04 grad_norm=20.163 samples/s=69.53
[step 7200/50000] loss=2.7602 lr=2.884e-04 grad_norm=29.530 samples/s=69.53
[step 7210/50000] loss=2.8821 lr=2.884e-04 grad_norm=17.231 samples/s=69.54
[step 7220/50000] loss=2.4130 lr=2.884e-04 grad_norm=9.506 samples/s=69.53
[step 7230/50000] loss=2.2330 lr=2.883e-04 grad_norm=15.152 samples/s=69.52
[step 7240/50000] loss=3.2989 lr=2.883e-04 grad_norm=18.876 samples/s=69.54
[step 7250/50000] loss=3.0018 lr=2.882e-04 grad_norm=42.949 samples/s=69.54
[step 7260/50000] loss=2.7158 lr=2.882e-04 grad_norm=15.415 samples/s=69.56
[step 7270/50000] loss=3.0334 lr=2.882e-04 grad_norm=15.234 samples/s=69.56
[step 7280/50000] loss=2.7575 lr=2.881e-04 grad_norm=19.819 samples/s=69.57
[step 7290/50000] loss=2.7092 lr=2.881e-04 grad_norm=14.025 samples/s=69.58
[step 7300/50000] loss=3.9682 lr=2.881e-04 grad_norm=23.756 samples/s=69.57
[step 7310/50000] loss=2.7105 lr=2.880e-04 grad_norm=11.969 samples/s=69.58
[step 7320/50000] loss=2.4597 lr=2.880e-04 grad_norm=11.855 samples/s=69.58
[step 7330/50000] loss=2.4591 lr=2.879e-04 grad_norm=13.128 samples/s=69.59
[step 7340/50000] loss=2.8091 lr=2.879e-04 grad_norm=14.365 samples/s=69.58
[step 7350/50000] loss=3.2206 lr=2.879e-04 grad_norm=20.073 samples/s=69.59
[step 7360/50000] loss=2.1820 lr=2.878e-04 grad_norm=11.588 samples/s=69.57
[step 7370/50000] loss=2.3542 lr=2.878e-04 grad_norm=11.631 samples/s=69.59
[step 7380/50000] loss=2.2826 lr=2.878e-04 grad_norm=9.704 samples/s=69.58
[step 7390/50000] loss=2.3835 lr=2.877e-04 grad_norm=9.749 samples/s=69.58
[step 7400/50000] loss=2.9797 lr=2.877e-04 grad_norm=14.556 samples/s=69.58
[step 7410/50000] loss=2.5928 lr=2.876e-04 grad_norm=15.235 samples/s=69.60
[step 7420/50000] loss=2.7155 lr=2.876e-04 grad_norm=29.421 samples/s=69.59
[step 7430/50000] loss=2.0985 lr=2.876e-04 grad_norm=4.752 samples/s=69.62
[step 7440/50000] loss=3.1698 lr=2.875e-04 grad_norm=16.883 samples/s=69.61
[step 7450/50000] loss=2.1994 lr=2.875e-04 grad_norm=9.100 samples/s=69.64
[step 7460/50000] loss=2.1949 lr=2.874e-04 grad_norm=7.619 samples/s=69.62
[step 7470/50000] loss=3.1853 lr=2.874e-04 grad_norm=21.531 samples/s=69.62
[step 7480/50000] loss=2.4513 lr=2.874e-04 grad_norm=14.492 samples/s=69.62
[step 7490/50000] loss=2.3055 lr=2.873e-04 grad_norm=9.901 samples/s=69.64
[step 7500/50000] loss=3.2893 lr=2.873e-04 grad_norm=43.425 samples/s=69.63
[val step 7500] loss=2.6246090269088747 m01={'mean': 0.4211566676288497, 'median': 0.4128947039158552, 'p95': 0.7286338035764799, 'tail_frac_gt4px': 0.0002874625272062749, 'n_matched': 24351} m02={'12-16': 0.863479262672811, '16-32': 0.9294547167589212, '32-64': 0.9460223621642463, '64-128': 0.9463233012721067} m04={'accuracy': 0.2525563631883701, 'by_octave': {'12-16': 0.26784523015343564, '16-32': 0.26089711099847945, '32-64': 0.24942263279445728, '64-128': 0.2380327868852459}} diag={'gate3_alpha_mean': 0.3666572570800781, 'gate3_alpha_min': 0.017223358154296875, 'gate3_alpha_max': 0.977294921875, 'gate3_alpha_std': 0.17923709750175476, 'gate3_alpha_p10': 0.16363525390625, 'gate3_alpha_p50': 0.33154296875, 'gate3_alpha_p90': 0.65411376953125, 'block0_attn_entropy': 7.157690525054932, 'block1_attn_entropy': 7.061977863311768}
[step 7510/50000] loss=3.1340 lr=2.873e-04 grad_norm=12.660 samples/s=69.68
[step 7520/50000] loss=2.8668 lr=2.872e-04 grad_norm=11.914 samples/s=69.73
[step 7530/50000] loss=2.3980 lr=2.872e-04 grad_norm=13.662 samples/s=69.74
[step 7540/50000] loss=2.5942 lr=2.871e-04 grad_norm=38.102 samples/s=69.74
[step 7550/50000] loss=2.7401 lr=2.871e-04 grad_norm=14.479 samples/s=69.72
[step 7560/50000] loss=2.2184 lr=2.871e-04 grad_norm=9.001 samples/s=69.74
[step 7570/50000] loss=3.2427 lr=2.870e-04 grad_norm=18.467 samples/s=69.73
[step 7580/50000] loss=2.6916 lr=2.870e-04 grad_norm=16.766 samples/s=69.75
[step 7590/50000] loss=3.6510 lr=2.869e-04 grad_norm=19.386 samples/s=69.75
[step 7600/50000] loss=2.4583 lr=2.869e-04 grad_norm=16.932 samples/s=69.76
[step 7610/50000] loss=3.0491 lr=2.869e-04 grad_norm=15.956 samples/s=69.75
[step 7620/50000] loss=2.4268 lr=2.868e-04 grad_norm=8.620 samples/s=69.77
[step 7630/50000] loss=2.6591 lr=2.868e-04 grad_norm=17.777 samples/s=69.76
[step 7640/50000] loss=3.0534 lr=2.867e-04 grad_norm=20.613 samples/s=69.75
[step 7650/50000] loss=3.4248 lr=2.867e-04 grad_norm=13.970 samples/s=69.72
[step 7660/50000] loss=2.2859 lr=2.867e-04 grad_norm=10.735 samples/s=69.75
[step 7670/50000] loss=2.5982 lr=2.866e-04 grad_norm=12.819 samples/s=69.76
[step 7680/50000] loss=2.7312 lr=2.866e-04 grad_norm=14.698 samples/s=69.75
[step 7690/50000] loss=2.1825 lr=2.866e-04 grad_norm=10.260 samples/s=69.74
[step 7700/50000] loss=2.5326 lr=2.865e-04 grad_norm=13.483 samples/s=69.75
[step 7710/50000] loss=2.3187 lr=2.865e-04 grad_norm=20.913 samples/s=69.76
[step 7720/50000] loss=3.7192 lr=2.864e-04 grad_norm=28.607 samples/s=69.78
[step 7730/50000] loss=2.6952 lr=2.864e-04 grad_norm=26.886 samples/s=69.76
[step 7740/50000] loss=2.8168 lr=2.864e-04 grad_norm=31.243 samples/s=69.77
[step 7750/50000] loss=3.2175 lr=2.863e-04 grad_norm=45.759 samples/s=69.78
[step 7760/50000] loss=2.5583 lr=2.863e-04 grad_norm=17.132 samples/s=69.79
[step 7770/50000] loss=2.9448 lr=2.862e-04 grad_norm=12.897 samples/s=69.79
[step 7780/50000] loss=3.0636 lr=2.862e-04 grad_norm=15.113 samples/s=69.80
[step 7790/50000] loss=3.2690 lr=2.862e-04 grad_norm=16.226 samples/s=69.79
[step 7800/50000] loss=2.7384 lr=2.861e-04 grad_norm=13.248 samples/s=69.81
[step 7810/50000] loss=2.8878 lr=2.861e-04 grad_norm=26.797 samples/s=69.80
[step 7820/50000] loss=2.4326 lr=2.860e-04 grad_norm=14.862 samples/s=69.81
[step 7830/50000] loss=2.1440 lr=2.860e-04 grad_norm=17.440 samples/s=69.80
[step 7840/50000] loss=3.1493 lr=2.860e-04 grad_norm=23.244 samples/s=69.81
[step 7850/50000] loss=2.5784 lr=2.859e-04 grad_norm=13.399 samples/s=69.81
[step 7860/50000] loss=2.9271 lr=2.859e-04 grad_norm=7.475 samples/s=69.82
[step 7870/50000] loss=3.1963 lr=2.858e-04 grad_norm=26.433 samples/s=69.81
[step 7880/50000] loss=2.4996 lr=2.858e-04 grad_norm=7.580 samples/s=69.82
[step 7890/50000] loss=2.2332 lr=2.857e-04 grad_norm=10.972 samples/s=69.83
[step 7900/50000] loss=2.6228 lr=2.857e-04 grad_norm=12.304 samples/s=69.83
[step 7910/50000] loss=3.3760 lr=2.857e-04 grad_norm=13.830 samples/s=69.81
[step 7920/50000] loss=2.5307 lr=2.856e-04 grad_norm=18.373 samples/s=69.82
[step 7930/50000] loss=2.5641 lr=2.856e-04 grad_norm=30.097 samples/s=69.80
[step 7940/50000] loss=2.6011 lr=2.855e-04 grad_norm=13.140 samples/s=69.81
[step 7950/50000] loss=2.0742 lr=2.855e-04 grad_norm=11.855 samples/s=69.81
[step 7960/50000] loss=3.4716 lr=2.855e-04 grad_norm=13.301 samples/s=69.83
[step 7970/50000] loss=2.5555 lr=2.854e-04 grad_norm=7.795 samples/s=69.81
[step 7980/50000] loss=2.3140 lr=2.854e-04 grad_norm=7.807 samples/s=69.83
[step 7990/50000] loss=2.7580 lr=2.853e-04 grad_norm=21.566 samples/s=69.82
[step 8000/50000] loss=2.8045 lr=2.853e-04 grad_norm=28.706 samples/s=69.84
[step 8010/50000] loss=3.0859 lr=2.853e-04 grad_norm=12.604 samples/s=69.83
[step 8020/50000] loss=2.0521 lr=2.852e-04 grad_norm=10.798 samples/s=69.84
[step 8030/50000] loss=2.7147 lr=2.852e-04 grad_norm=16.230 samples/s=69.84
[step 8040/50000] loss=2.6427 lr=2.851e-04 grad_norm=22.626 samples/s=69.86
[step 8050/50000] loss=2.9199 lr=2.851e-04 grad_norm=21.421 samples/s=69.84
[step 8060/50000] loss=3.1573 lr=2.850e-04 grad_norm=18.871 samples/s=69.85
[step 8070/50000] loss=2.3785 lr=2.850e-04 grad_norm=6.808 samples/s=69.84
[step 8080/50000] loss=3.1312 lr=2.850e-04 grad_norm=11.688 samples/s=69.85
[step 8090/50000] loss=2.8057 lr=2.849e-04 grad_norm=17.872 samples/s=69.84
[step 8100/50000] loss=2.0485 lr=2.849e-04 grad_norm=7.917 samples/s=69.86
[step 8110/50000] loss=2.5926 lr=2.848e-04 grad_norm=11.321 samples/s=69.84
[step 8120/50000] loss=2.0241 lr=2.848e-04 grad_norm=9.355 samples/s=69.85
[step 8130/50000] loss=2.3763 lr=2.848e-04 grad_norm=10.027 samples/s=69.83
[step 8140/50000] loss=3.4480 lr=2.847e-04 grad_norm=41.581 samples/s=69.84
[step 8150/50000] loss=2.4187 lr=2.847e-04 grad_norm=12.142 samples/s=69.84
[step 8160/50000] loss=2.4542 lr=2.846e-04 grad_norm=10.549 samples/s=69.85
[step 8170/50000] loss=3.5427 lr=2.846e-04 grad_norm=74.664 samples/s=69.84
[step 8180/50000] loss=2.3746 lr=2.845e-04 grad_norm=11.239 samples/s=69.85
[step 8190/50000] loss=2.3478 lr=2.845e-04 grad_norm=12.169 samples/s=69.84
[step 8200/50000] loss=3.5194 lr=2.845e-04 grad_norm=30.573 samples/s=69.85
[step 8210/50000] loss=2.7159 lr=2.844e-04 grad_norm=11.342 samples/s=69.83
[step 8220/50000] loss=2.5917 lr=2.844e-04 grad_norm=29.459 samples/s=69.85
[step 8230/50000] loss=2.7800 lr=2.843e-04 grad_norm=8.155 samples/s=69.86
[step 8240/50000] loss=2.9745 lr=2.843e-04 grad_norm=21.290 samples/s=69.87
[step 8250/50000] loss=3.8248 lr=2.842e-04 grad_norm=12.132 samples/s=69.85
[step 8260/50000] loss=2.5877 lr=2.842e-04 grad_norm=18.089 samples/s=69.86
[step 8270/50000] loss=2.6323 lr=2.842e-04 grad_norm=13.733 samples/s=69.85
[step 8280/50000] loss=2.6846 lr=2.841e-04 grad_norm=24.947 samples/s=69.86
[step 8290/50000] loss=2.4719 lr=2.841e-04 grad_norm=10.846 samples/s=69.85
[step 8300/50000] loss=2.6441 lr=2.840e-04 grad_norm=9.845 samples/s=69.88
[step 8310/50000] loss=2.5110 lr=2.840e-04 grad_norm=29.759 samples/s=69.86
[step 8320/50000] loss=2.4313 lr=2.839e-04 grad_norm=9.711 samples/s=69.87
[step 8330/50000] loss=2.7796 lr=2.839e-04 grad_norm=17.891 samples/s=69.85
[step 8340/50000] loss=2.4018 lr=2.839e-04 grad_norm=14.906 samples/s=69.87
[step 8350/50000] loss=2.9836 lr=2.838e-04 grad_norm=17.612 samples/s=69.86
[step 8360/50000] loss=2.6238 lr=2.838e-04 grad_norm=14.303 samples/s=69.87
[step 8370/50000] loss=2.4187 lr=2.837e-04 grad_norm=16.074 samples/s=69.87
[step 8380/50000] loss=2.8695 lr=2.837e-04 grad_norm=29.943 samples/s=69.87
[step 8390/50000] loss=2.5771 lr=2.836e-04 grad_norm=12.997 samples/s=69.86
[step 8400/50000] loss=2.3744 lr=2.836e-04 grad_norm=14.305 samples/s=69.86
[step 8410/50000] loss=2.6153 lr=2.836e-04 grad_norm=30.907 samples/s=69.86
[step 8420/50000] loss=2.2002 lr=2.835e-04 grad_norm=9.153 samples/s=69.88
[step 8430/50000] loss=2.6745 lr=2.835e-04 grad_norm=17.863 samples/s=69.87
[step 8440/50000] loss=2.7806 lr=2.834e-04 grad_norm=13.181 samples/s=69.88
[step 8450/50000] loss=2.6532 lr=2.834e-04 grad_norm=30.312 samples/s=69.87
[step 8460/50000] loss=2.3821 lr=2.833e-04 grad_norm=12.907 samples/s=69.88
[step 8470/50000] loss=3.7566 lr=2.833e-04 grad_norm=23.797 samples/s=69.87
[step 8480/50000] loss=2.6210 lr=2.833e-04 grad_norm=11.047 samples/s=69.88
[step 8490/50000] loss=1.9972 lr=2.832e-04 grad_norm=11.170 samples/s=69.87
[step 8500/50000] loss=2.1271 lr=2.832e-04 grad_norm=9.984 samples/s=69.88
[step 8510/50000] loss=2.7692 lr=2.831e-04 grad_norm=12.598 samples/s=69.89
[step 8520/50000] loss=2.9330 lr=2.831e-04 grad_norm=18.760 samples/s=69.90
[step 8530/50000] loss=2.2347 lr=2.830e-04 grad_norm=8.131 samples/s=69.91
[step 8540/50000] loss=2.2878 lr=2.830e-04 grad_norm=14.159 samples/s=69.92
[step 8550/50000] loss=2.7597 lr=2.829e-04 grad_norm=10.636 samples/s=69.91
[step 8560/50000] loss=2.8285 lr=2.829e-04 grad_norm=22.045 samples/s=69.91
[step 8570/50000] loss=2.1612 lr=2.829e-04 grad_norm=13.480 samples/s=69.91
[step 8580/50000] loss=2.7488 lr=2.828e-04 grad_norm=13.289 samples/s=69.91
[step 8590/50000] loss=2.2804 lr=2.828e-04 grad_norm=12.383 samples/s=69.90
[step 8600/50000] loss=2.9953 lr=2.827e-04 grad_norm=18.064 samples/s=69.92
[step 8610/50000] loss=2.5727 lr=2.827e-04 grad_norm=10.702 samples/s=69.91
[step 8620/50000] loss=2.3772 lr=2.826e-04 grad_norm=10.600 samples/s=69.93
[step 8630/50000] loss=3.2767 lr=2.826e-04 grad_norm=23.711 samples/s=69.92
[step 8640/50000] loss=2.5399 lr=2.825e-04 grad_norm=26.001 samples/s=69.92
[step 8650/50000] loss=2.3714 lr=2.825e-04 grad_norm=9.651 samples/s=69.91
[step 8660/50000] loss=2.1919 lr=2.825e-04 grad_norm=17.467 samples/s=69.93
[step 8670/50000] loss=2.9949 lr=2.824e-04 grad_norm=14.070 samples/s=69.92
[step 8680/50000] loss=3.8110 lr=2.824e-04 grad_norm=46.710 samples/s=69.94
[step 8690/50000] loss=2.5051 lr=2.823e-04 grad_norm=12.507 samples/s=69.89
[step 8700/50000] loss=2.2364 lr=2.823e-04 grad_norm=10.207 samples/s=69.90
[step 8710/50000] loss=3.4931 lr=2.822e-04 grad_norm=45.421 samples/s=69.89
[step 8720/50000] loss=2.8821 lr=2.822e-04 grad_norm=34.965 samples/s=69.91
[step 8730/50000] loss=3.2734 lr=2.821e-04 grad_norm=10.616 samples/s=69.90
[step 8740/50000] loss=2.9118 lr=2.821e-04 grad_norm=26.128 samples/s=69.91
[step 8750/50000] loss=2.0735 lr=2.820e-04 grad_norm=8.304 samples/s=69.90
[step 8760/50000] loss=2.6587 lr=2.820e-04 grad_norm=13.560 samples/s=69.91
[step 8770/50000] loss=2.1301 lr=2.820e-04 grad_norm=11.117 samples/s=69.90
[step 8780/50000] loss=2.4160 lr=2.819e-04 grad_norm=14.631 samples/s=69.91
[step 8790/50000] loss=2.2036 lr=2.819e-04 grad_norm=14.748 samples/s=69.90
[step 8800/50000] loss=2.3624 lr=2.818e-04 grad_norm=11.902 samples/s=69.92
[step 8810/50000] loss=2.8801 lr=2.818e-04 grad_norm=15.268 samples/s=69.92
[step 8820/50000] loss=2.2911 lr=2.817e-04 grad_norm=14.997 samples/s=69.93
[step 8830/50000] loss=2.6138 lr=2.817e-04 grad_norm=11.037 samples/s=69.93
[step 8840/50000] loss=2.2694 lr=2.816e-04 grad_norm=8.352 samples/s=69.93
[step 8850/50000] loss=2.2208 lr=2.816e-04 grad_norm=9.017 samples/s=69.91
[step 8860/50000] loss=2.2967 lr=2.815e-04 grad_norm=20.242 samples/s=69.92
[step 8870/50000] loss=2.6809 lr=2.815e-04 grad_norm=9.145 samples/s=69.91
[step 8880/50000] loss=2.7647 lr=2.815e-04 grad_norm=38.856 samples/s=69.92
[step 8890/50000] loss=3.5713 lr=2.814e-04 grad_norm=18.252 samples/s=69.91
[step 8900/50000] loss=2.7881 lr=2.814e-04 grad_norm=24.962 samples/s=69.92
[step 8910/50000] loss=2.7882 lr=2.813e-04 grad_norm=9.967 samples/s=69.91
[step 8920/50000] loss=3.1680 lr=2.813e-04 grad_norm=25.419 samples/s=69.92
[step 8930/50000] loss=2.9804 lr=2.812e-04 grad_norm=14.253 samples/s=69.91
[step 8940/50000] loss=2.8133 lr=2.812e-04 grad_norm=20.095 samples/s=69.92
[step 8950/50000] loss=3.1640 lr=2.811e-04 grad_norm=13.474 samples/s=69.90
[step 8960/50000] loss=1.9892 lr=2.811e-04 grad_norm=8.190 samples/s=69.92
[step 8970/50000] loss=2.4668 lr=2.810e-04 grad_norm=14.218 samples/s=69.91
[step 8980/50000] loss=2.6943 lr=2.810e-04 grad_norm=12.684 samples/s=69.93
[step 8990/50000] loss=2.3408 lr=2.809e-04 grad_norm=10.833 samples/s=69.92
[step 9000/50000] loss=2.7163 lr=2.809e-04 grad_norm=13.125 samples/s=69.92
[step 9010/50000] loss=2.3279 lr=2.808e-04 grad_norm=11.233 samples/s=69.91
[step 9020/50000] loss=3.0048 lr=2.808e-04 grad_norm=10.617 samples/s=69.93
[step 9030/50000] loss=2.3872 lr=2.808e-04 grad_norm=11.379 samples/s=69.92
[step 9040/50000] loss=2.1767 lr=2.807e-04 grad_norm=13.684 samples/s=69.94
[step 9050/50000] loss=2.4872 lr=2.807e-04 grad_norm=22.202 samples/s=69.92
[step 9060/50000] loss=3.1418 lr=2.806e-04 grad_norm=39.514 samples/s=69.93
[step 9070/50000] loss=3.1133 lr=2.806e-04 grad_norm=24.389 samples/s=69.93
[step 9080/50000] loss=2.9001 lr=2.805e-04 grad_norm=21.940 samples/s=69.94
[step 9090/50000] loss=2.7034 lr=2.805e-04 grad_norm=14.983 samples/s=69.93
[step 9100/50000] loss=2.6942 lr=2.804e-04 grad_norm=6.833 samples/s=69.94
[step 9110/50000] loss=2.5509 lr=2.804e-04 grad_norm=25.540 samples/s=69.93
[step 9120/50000] loss=2.3912 lr=2.803e-04 grad_norm=13.679 samples/s=69.95
[step 9130/50000] loss=3.2285 lr=2.803e-04 grad_norm=18.635 samples/s=69.94
[step 9140/50000] loss=2.7475 lr=2.802e-04 grad_norm=19.731 samples/s=69.94
[step 9150/50000] loss=2.2922 lr=2.802e-04 grad_norm=7.629 samples/s=69.93
[step 9160/50000] loss=3.1429 lr=2.801e-04 grad_norm=33.247 samples/s=69.94
[step 9170/50000] loss=2.6408 lr=2.801e-04 grad_norm=9.053 samples/s=69.94
[step 9180/50000] loss=2.8820 lr=2.800e-04 grad_norm=96.730 samples/s=69.95
[step 9190/50000] loss=3.2750 lr=2.800e-04 grad_norm=22.649 samples/s=69.92
[step 9200/50000] loss=2.6056 lr=2.800e-04 grad_norm=8.032 samples/s=69.92
[step 9210/50000] loss=2.5659 lr=2.799e-04 grad_norm=13.269 samples/s=69.92
[step 9220/50000] loss=2.1001 lr=2.799e-04 grad_norm=10.964 samples/s=69.94
[step 9230/50000] loss=2.6275 lr=2.798e-04 grad_norm=8.128 samples/s=69.93
[step 9240/50000] loss=2.6168 lr=2.798e-04 grad_norm=9.889 samples/s=69.94
[step 9250/50000] loss=2.1374 lr=2.797e-04 grad_norm=12.255 samples/s=69.94
[step 9260/50000] loss=3.1475 lr=2.797e-04 grad_norm=21.095 samples/s=69.94
[step 9270/50000] loss=2.9848 lr=2.796e-04 grad_norm=9.193 samples/s=69.94
[step 9280/50000] loss=3.0971 lr=2.796e-04 grad_norm=12.786 samples/s=69.96
[step 9290/50000] loss=3.1280 lr=2.795e-04 grad_norm=18.414 samples/s=69.94
[step 9300/50000] loss=3.0351 lr=2.795e-04 grad_norm=10.636 samples/s=69.95
[step 9310/50000] loss=2.7048 lr=2.794e-04 grad_norm=11.993 samples/s=69.95
[step 9320/50000] loss=2.8691 lr=2.794e-04 grad_norm=14.035 samples/s=69.96
[step 9330/50000] loss=2.1076 lr=2.793e-04 grad_norm=10.357 samples/s=69.95
[step 9340/50000] loss=2.7551 lr=2.793e-04 grad_norm=9.203 samples/s=69.97
[step 9350/50000] loss=2.3187 lr=2.792e-04 grad_norm=10.676 samples/s=69.96
[step 9360/50000] loss=4.0292 lr=2.792e-04 grad_norm=40.517 samples/s=69.97
[step 9370/50000] loss=3.0140 lr=2.791e-04 grad_norm=21.247 samples/s=69.96
[step 9380/50000] loss=3.3263 lr=2.791e-04 grad_norm=14.367 samples/s=69.97
[step 9390/50000] loss=3.2090 lr=2.790e-04 grad_norm=17.873 samples/s=69.96
[step 9400/50000] loss=2.5204 lr=2.790e-04 grad_norm=13.128 samples/s=69.97
[step 9410/50000] loss=2.5360 lr=2.789e-04 grad_norm=18.593 samples/s=69.96
[step 9420/50000] loss=2.8791 lr=2.789e-04 grad_norm=42.115 samples/s=69.97
[step 9430/50000] loss=2.8712 lr=2.788e-04 grad_norm=9.525 samples/s=69.97
[step 9440/50000] loss=2.5838 lr=2.788e-04 grad_norm=13.332 samples/s=69.96
[step 9450/50000] loss=2.4287 lr=2.787e-04 grad_norm=11.173 samples/s=69.97
[step 9460/50000] loss=3.5616 lr=2.787e-04 grad_norm=30.103 samples/s=69.98
[step 9470/50000] loss=2.2011 lr=2.786e-04 grad_norm=10.809 samples/s=69.97
[step 9480/50000] loss=2.9908 lr=2.786e-04 grad_norm=10.605 samples/s=69.97
[step 9490/50000] loss=3.3938 lr=2.785e-04 grad_norm=18.008 samples/s=69.96
[step 9500/50000] loss=3.3497 lr=2.785e-04 grad_norm=30.373 samples/s=69.97
[step 9510/50000] loss=2.1014 lr=2.784e-04 grad_norm=10.672 samples/s=69.97
[step 9520/50000] loss=2.3484 lr=2.784e-04 grad_norm=8.810 samples/s=69.99
[step 9530/50000] loss=2.2619 lr=2.783e-04 grad_norm=11.711 samples/s=69.97
[step 9540/50000] loss=2.0930 lr=2.783e-04 grad_norm=8.684 samples/s=69.98
[step 9550/50000] loss=2.6248 lr=2.782e-04 grad_norm=24.456 samples/s=69.96
[step 9560/50000] loss=3.3571 lr=2.782e-04 grad_norm=16.607 samples/s=69.98
[step 9570/50000] loss=2.1094 lr=2.781e-04 grad_norm=8.120 samples/s=69.99
[step 9580/50000] loss=2.5448 lr=2.781e-04 grad_norm=16.330 samples/s=70.00
[step 9590/50000] loss=2.2726 lr=2.780e-04 grad_norm=14.002 samples/s=70.00
[step 9600/50000] loss=2.2764 lr=2.780e-04 grad_norm=10.399 samples/s=70.02
[step 9610/50000] loss=2.4754 lr=2.779e-04 grad_norm=14.767 samples/s=70.00
[step 9620/50000] loss=2.2983 lr=2.779e-04 grad_norm=8.636 samples/s=70.01
[step 9630/50000] loss=2.8902 lr=2.778e-04 grad_norm=12.318 samples/s=70.00
[step 9640/50000] loss=3.8980 lr=2.778e-04 grad_norm=46.836 samples/s=70.01
[step 9650/50000] loss=4.1703 lr=2.777e-04 grad_norm=61.692 samples/s=70.01
[step 9660/50000] loss=4.1289 lr=2.777e-04 grad_norm=84.649 samples/s=70.02
[step 9670/50000] loss=3.3432 lr=2.776e-04 grad_norm=17.883 samples/s=70.01
[step 9680/50000] loss=2.5059 lr=2.776e-04 grad_norm=17.240 samples/s=70.03
[step 9690/50000] loss=2.7110 lr=2.775e-04 grad_norm=29.160 samples/s=70.02
[step 9700/50000] loss=2.4942 lr=2.775e-04 grad_norm=10.100 samples/s=70.02
[step 9710/50000] loss=2.2436 lr=2.774e-04 grad_norm=10.106 samples/s=70.03
[step 9720/50000] loss=2.9452 lr=2.774e-04 grad_norm=13.257 samples/s=70.04
[step 9730/50000] loss=2.7341 lr=2.773e-04 grad_norm=9.189 samples/s=70.04
[step 9740/50000] loss=1.9532 lr=2.773e-04 grad_norm=10.599 samples/s=70.04
[step 9750/50000] loss=2.3798 lr=2.772e-04 grad_norm=6.950 samples/s=70.05
[step 9760/50000] loss=2.0472 lr=2.772e-04 grad_norm=8.664 samples/s=70.07
[step 9770/50000] loss=3.0375 lr=2.771e-04 grad_norm=27.124 samples/s=70.07
[step 9780/50000] loss=2.8574 lr=2.771e-04 grad_norm=31.763 samples/s=70.07
[step 9790/50000] loss=2.2324 lr=2.770e-04 grad_norm=8.409 samples/s=70.06
[step 9800/50000] loss=2.3239 lr=2.770e-04 grad_norm=11.454 samples/s=70.07
[step 9810/50000] loss=2.9694 lr=2.769e-04 grad_norm=25.497 samples/s=70.07
[step 9820/50000] loss=2.0812 lr=2.769e-04 grad_norm=17.079 samples/s=70.08
[step 9830/50000] loss=3.1188 lr=2.768e-04 grad_norm=16.127 samples/s=70.09
[step 9840/50000] loss=2.2695 lr=2.768e-04 grad_norm=10.250 samples/s=70.09
[step 9850/50000] loss=2.3629 lr=2.767e-04 grad_norm=16.838 samples/s=70.08
[step 9860/50000] loss=2.4773 lr=2.767e-04 grad_norm=23.327 samples/s=70.09
[step 9870/50000] loss=4.0296 lr=2.766e-04 grad_norm=14.947 samples/s=70.08
[step 9880/50000] loss=2.7208 lr=2.766e-04 grad_norm=15.217 samples/s=70.09
[step 9890/50000] loss=2.0068 lr=2.765e-04 grad_norm=6.330 samples/s=70.08
[step 9900/50000] loss=3.0334 lr=2.765e-04 grad_norm=22.679 samples/s=70.08
[step 9910/50000] loss=2.4883 lr=2.764e-04 grad_norm=13.662 samples/s=70.07
[step 9920/50000] loss=2.8766 lr=2.764e-04 grad_norm=11.474 samples/s=70.08
[step 9930/50000] loss=2.3970 lr=2.763e-04 grad_norm=10.072 samples/s=70.07
[step 9940/50000] loss=3.6075 lr=2.763e-04 grad_norm=28.355 samples/s=70.08
[step 9950/50000] loss=2.8022 lr=2.762e-04 grad_norm=25.299 samples/s=70.08
[step 9960/50000] loss=2.4461 lr=2.762e-04 grad_norm=8.334 samples/s=70.08
[step 9970/50000] loss=2.4028 lr=2.761e-04 grad_norm=10.640 samples/s=70.09
[step 9980/50000] loss=2.3562 lr=2.761e-04 grad_norm=8.890 samples/s=70.08
[step 9990/50000] loss=3.4715 lr=2.760e-04 grad_norm=41.898 samples/s=70.09
[step 10000/50000] loss=2.0714 lr=2.760e-04 grad_norm=7.298 samples/s=70.08
[val step 10000] loss=2.491887951850891 m01={'mean': 0.4180237387653385, 'median': 0.4116679747108326, 'p95': 0.7126296938845559, 'tail_frac_gt4px': 0.0002036908787224508, 'n_matched': 24547} m02={'12-16': 0.8761520737327189, '16-32': 0.9373454245671888, '32-64': 0.9519341986891146, '64-128': 0.9523735650015513} m04={'accuracy': 0.248339919338412, 'by_octave': {'12-16': 0.24819197896120973, '16-32': 0.25505716798592787, '32-64': 0.24193330633184826, '64-128': 0.24743443557582667}} diag={'gate3_alpha_mean': 0.3736702799797058, 'gate3_alpha_min': 0.00852203369140625, 'gate3_alpha_max': 0.979736328125, 'gate3_alpha_std': 0.2066255807876587, 'gate3_alpha_p10': 0.13806000351905823, 'gate3_alpha_p50': 0.33197021484375, 'gate3_alpha_p90': 0.713134765625, 'block0_attn_entropy': 7.080600738525391, 'block1_attn_entropy': 7.107165813446045}
[step 10010/50000] loss=2.9848 lr=2.759e-04 grad_norm=28.540 samples/s=70.12
[step 10020/50000] loss=2.6820 lr=2.759e-04 grad_norm=22.767 samples/s=70.15
[step 10030/50000] loss=2.3165 lr=2.758e-04 grad_norm=10.316 samples/s=70.16
[step 10040/50000] loss=2.4507 lr=2.758e-04 grad_norm=26.344 samples/s=70.17
[step 10050/50000] loss=2.6876 lr=2.757e-04 grad_norm=10.791 samples/s=70.15
[step 10060/50000] loss=3.1712 lr=2.756e-04 grad_norm=142.738 samples/s=70.16
[step 10070/50000] loss=2.9220 lr=2.756e-04 grad_norm=25.358 samples/s=70.17
[step 10080/50000] loss=2.6238 lr=2.755e-04 grad_norm=14.013 samples/s=70.18
[step 10090/50000] loss=2.5123 lr=2.755e-04 grad_norm=11.828 samples/s=70.17
[step 10100/50000] loss=2.8941 lr=2.754e-04 grad_norm=23.728 samples/s=70.19
[step 10110/50000] loss=2.3140 lr=2.754e-04 grad_norm=8.103 samples/s=70.18
[step 10120/50000] loss=2.6593 lr=2.753e-04 grad_norm=10.746 samples/s=70.19
[step 10130/50000] loss=2.5734 lr=2.753e-04 grad_norm=10.611 samples/s=70.18
[step 10140/50000] loss=3.6194 lr=2.752e-04 grad_norm=31.539 samples/s=70.19
[step 10150/50000] loss=2.1840 lr=2.752e-04 grad_norm=10.723 samples/s=70.18
[step 10160/50000] loss=2.7713 lr=2.751e-04 grad_norm=11.545 samples/s=70.17
[step 10170/50000] loss=2.7821 lr=2.751e-04 grad_norm=47.676 samples/s=70.17
[step 10180/50000] loss=2.3247 lr=2.750e-04 grad_norm=6.406 samples/s=70.18
[step 10190/50000] loss=3.2072 lr=2.750e-04 grad_norm=79.384 samples/s=70.19
[step 10200/50000] loss=2.8066 lr=2.749e-04 grad_norm=16.644 samples/s=70.20
[step 10210/50000] loss=2.1262 lr=2.749e-04 grad_norm=9.869 samples/s=70.20
[step 10220/50000] loss=3.3149 lr=2.748e-04 grad_norm=34.884 samples/s=70.22
[step 10230/50000] loss=2.4430 lr=2.748e-04 grad_norm=8.271 samples/s=70.21
[step 10240/50000] loss=2.8124 lr=2.747e-04 grad_norm=16.285 samples/s=70.22
[step 10250/50000] loss=2.8756 lr=2.746e-04 grad_norm=10.913 samples/s=70.21
[step 10260/50000] loss=2.8535 lr=2.746e-04 grad_norm=33.392 samples/s=70.21
[step 10270/50000] loss=2.1816 lr=2.745e-04 grad_norm=10.631 samples/s=70.21
[step 10280/50000] loss=2.4414 lr=2.745e-04 grad_norm=14.308 samples/s=70.21
[step 10290/50000] loss=2.8894 lr=2.744e-04 grad_norm=19.866 samples/s=70.22
[step 10300/50000] loss=2.5259 lr=2.744e-04 grad_norm=22.338 samples/s=70.23
[step 10310/50000] loss=2.3346 lr=2.743e-04 grad_norm=11.443 samples/s=70.22
[step 10320/50000] loss=2.3529 lr=2.743e-04 grad_norm=21.265 samples/s=70.23
[step 10330/50000] loss=2.2140 lr=2.742e-04 grad_norm=12.725 samples/s=70.23
[step 10340/50000] loss=3.1362 lr=2.742e-04 grad_norm=24.492 samples/s=70.24
[step 10350/50000] loss=2.3878 lr=2.741e-04 grad_norm=27.359 samples/s=70.22
[step 10360/50000] loss=2.6214 lr=2.741e-04 grad_norm=30.079 samples/s=70.24
[step 10370/50000] loss=2.1933 lr=2.740e-04 grad_norm=9.105 samples/s=70.24
[step 10380/50000] loss=2.8901 lr=2.740e-04 grad_norm=15.688 samples/s=70.25
[step 10390/50000] loss=2.3936 lr=2.739e-04 grad_norm=10.992 samples/s=70.24
[step 10400/50000] loss=2.6498 lr=2.738e-04 grad_norm=10.223 samples/s=70.25
[step 10410/50000] loss=2.1569 lr=2.738e-04 grad_norm=7.433 samples/s=70.25
[step 10420/50000] loss=2.5805 lr=2.737e-04 grad_norm=15.333 samples/s=70.26
[step 10430/50000] loss=2.1681 lr=2.737e-04 grad_norm=9.570 samples/s=70.24
[step 10440/50000] loss=2.7155 lr=2.736e-04 grad_norm=10.205 samples/s=70.24
[step 10450/50000] loss=2.4563 lr=2.736e-04 grad_norm=10.621 samples/s=70.23
[step 10460/50000] loss=2.3883 lr=2.735e-04 grad_norm=9.861 samples/s=70.24
[step 10470/50000] loss=2.6948 lr=2.735e-04 grad_norm=15.599 samples/s=70.24
[step 10480/50000] loss=3.0250 lr=2.734e-04 grad_norm=12.634 samples/s=70.26
[step 10490/50000] loss=2.8105 lr=2.734e-04 grad_norm=17.240 samples/s=70.26
[step 10500/50000] loss=2.2334 lr=2.733e-04 grad_norm=17.726 samples/s=70.27
[step 10510/50000] loss=2.1861 lr=2.732e-04 grad_norm=9.755 samples/s=70.26
[step 10520/50000] loss=2.0027 lr=2.732e-04 grad_norm=7.171 samples/s=70.27
[step 10530/50000] loss=2.4954 lr=2.731e-04 grad_norm=12.562 samples/s=70.27
[step 10540/50000] loss=2.7683 lr=2.731e-04 grad_norm=7.168 samples/s=70.28
[step 10550/50000] loss=2.2823 lr=2.730e-04 grad_norm=16.259 samples/s=70.29
[step 10560/50000] loss=2.0295 lr=2.730e-04 grad_norm=7.485 samples/s=70.28
[step 10570/50000] loss=2.4254 lr=2.729e-04 grad_norm=22.323 samples/s=70.29
[step 10580/50000] loss=2.5124 lr=2.729e-04 grad_norm=12.446 samples/s=70.28
[step 10590/50000] loss=2.6242 lr=2.728e-04 grad_norm=13.895 samples/s=70.30
[step 10600/50000] loss=2.2874 lr=2.728e-04 grad_norm=9.725 samples/s=70.29
[step 10610/50000] loss=2.7141 lr=2.727e-04 grad_norm=18.053 samples/s=70.29
[step 10620/50000] loss=2.1153 lr=2.726e-04 grad_norm=9.757 samples/s=70.30
[step 10630/50000] loss=2.3020 lr=2.726e-04 grad_norm=6.447 samples/s=70.29
[step 10640/50000] loss=2.7230 lr=2.725e-04 grad_norm=57.790 samples/s=70.29
[step 10650/50000] loss=2.0258 lr=2.725e-04 grad_norm=13.087 samples/s=70.29
[step 10660/50000] loss=2.8334 lr=2.724e-04 grad_norm=27.238 samples/s=70.30
[step 10670/50000] loss=2.8124 lr=2.724e-04 grad_norm=43.625 samples/s=70.29
[step 10680/50000] loss=2.3855 lr=2.723e-04 grad_norm=17.845 samples/s=70.28
[step 10690/50000] loss=2.3886 lr=2.723e-04 grad_norm=6.845 samples/s=70.28
[step 10700/50000] loss=3.0998 lr=2.722e-04 grad_norm=36.613 samples/s=70.30
[step 10710/50000] loss=2.4845 lr=2.721e-04 grad_norm=11.645 samples/s=70.30
[step 10720/50000] loss=2.0803 lr=2.721e-04 grad_norm=11.971 samples/s=70.31
[step 10730/50000] loss=2.4056 lr=2.720e-04 grad_norm=11.197 samples/s=70.32
[step 10740/50000] loss=2.5507 lr=2.720e-04 grad_norm=9.189 samples/s=70.32
[step 10750/50000] loss=2.4028 lr=2.719e-04 grad_norm=12.708 samples/s=70.31
[step 10760/50000] loss=2.7353 lr=2.719e-04 grad_norm=14.923 samples/s=70.32
[step 10770/50000] loss=1.9359 lr=2.718e-04 grad_norm=21.056 samples/s=70.31
[step 10780/50000] loss=2.4111 lr=2.718e-04 grad_norm=9.704 samples/s=70.32
[step 10790/50000] loss=2.7958 lr=2.717e-04 grad_norm=28.118 samples/s=70.31
[step 10800/50000] loss=2.5012 lr=2.716e-04 grad_norm=13.069 samples/s=70.33
[step 10810/50000] loss=2.7812 lr=2.716e-04 grad_norm=18.560 samples/s=70.32
[step 10820/50000] loss=2.6297 lr=2.715e-04 grad_norm=8.114 samples/s=70.32
[step 10830/50000] loss=2.3476 lr=2.715e-04 grad_norm=10.584 samples/s=70.33
[step 10840/50000] loss=2.4121 lr=2.714e-04 grad_norm=10.986 samples/s=70.33
[step 10850/50000] loss=2.7556 lr=2.714e-04 grad_norm=15.361 samples/s=70.34
[step 10860/50000] loss=2.9611 lr=2.713e-04 grad_norm=69.205 samples/s=70.33
[step 10870/50000] loss=3.1721 lr=2.713e-04 grad_norm=94.763 samples/s=70.34
[step 10880/50000] loss=2.5699 lr=2.712e-04 grad_norm=12.865 samples/s=70.33
[step 10890/50000] loss=2.0051 lr=2.711e-04 grad_norm=12.931 samples/s=70.34
[step 10900/50000] loss=2.5485 lr=2.711e-04 grad_norm=21.116 samples/s=70.34
[step 10910/50000] loss=2.9151 lr=2.710e-04 grad_norm=11.892 samples/s=70.36
[step 10920/50000] loss=2.5629 lr=2.710e-04 grad_norm=9.743 samples/s=70.36
[step 10930/50000] loss=2.4455 lr=2.709e-04 grad_norm=8.513 samples/s=70.36
[step 10940/50000] loss=3.1358 lr=2.709e-04 grad_norm=12.156 samples/s=70.35
[step 10950/50000] loss=2.5331 lr=2.708e-04 grad_norm=13.634 samples/s=70.35
[step 10960/50000] loss=2.4653 lr=2.707e-04 grad_norm=15.999 samples/s=70.35
[step 10970/50000] loss=3.8423 lr=2.707e-04 grad_norm=43.427 samples/s=70.36
[step 10980/50000] loss=2.7929 lr=2.706e-04 grad_norm=21.065 samples/s=70.34
[step 10990/50000] loss=2.3897 lr=2.706e-04 grad_norm=19.564 samples/s=70.35
[step 11000/50000] loss=2.9292 lr=2.705e-04 grad_norm=25.708 samples/s=70.34
[step 11010/50000] loss=2.2745 lr=2.705e-04 grad_norm=11.026 samples/s=70.34
[step 11020/50000] loss=2.3462 lr=2.704e-04 grad_norm=13.874 samples/s=70.35
[step 11030/50000] loss=3.1072 lr=2.703e-04 grad_norm=24.855 samples/s=70.35
[step 11040/50000] loss=2.8310 lr=2.703e-04 grad_norm=20.198 samples/s=70.34
[step 11050/50000] loss=2.2947 lr=2.702e-04 grad_norm=14.389 samples/s=70.36
[step 11060/50000] loss=2.2720 lr=2.702e-04 grad_norm=24.963 samples/s=70.35
[step 11070/50000] loss=2.1408 lr=2.701e-04 grad_norm=8.803 samples/s=70.37
[step 11080/50000] loss=2.5515 lr=2.701e-04 grad_norm=18.709 samples/s=70.35
[step 11090/50000] loss=2.5059 lr=2.700e-04 grad_norm=14.005 samples/s=70.37
[step 11100/50000] loss=2.4531 lr=2.699e-04 grad_norm=21.438 samples/s=70.36
[step 11110/50000] loss=2.0895 lr=2.699e-04 grad_norm=8.454 samples/s=70.37
[step 11120/50000] loss=2.4923 lr=2.698e-04 grad_norm=43.571 samples/s=70.37
[step 11130/50000] loss=2.6409 lr=2.698e-04 grad_norm=16.159 samples/s=70.38
[step 11140/50000] loss=2.7408 lr=2.697e-04 grad_norm=23.821 samples/s=70.38
[step 11150/50000] loss=3.2385 lr=2.697e-04 grad_norm=52.491 samples/s=70.40
[step 11160/50000] loss=2.1772 lr=2.696e-04 grad_norm=12.516 samples/s=70.40
[step 11170/50000] loss=2.3096 lr=2.695e-04 grad_norm=9.999 samples/s=70.41
[step 11180/50000] loss=2.8680 lr=2.695e-04 grad_norm=14.403 samples/s=70.40
[step 11190/50000] loss=2.6480 lr=2.694e-04 grad_norm=12.954 samples/s=70.41
[step 11200/50000] loss=2.4140 lr=2.694e-04 grad_norm=16.050 samples/s=70.40
[step 11210/50000] loss=2.4793 lr=2.693e-04 grad_norm=25.900 samples/s=70.40
[step 11220/50000] loss=2.4609 lr=2.693e-04 grad_norm=9.155 samples/s=70.40
[step 11230/50000] loss=1.9675 lr=2.692e-04 grad_norm=8.647 samples/s=70.41
[step 11240/50000] loss=2.5149 lr=2.691e-04 grad_norm=8.287 samples/s=70.41
[step 11250/50000] loss=2.4843 lr=2.691e-04 grad_norm=14.084 samples/s=70.41
[step 11260/50000] loss=2.6340 lr=2.690e-04 grad_norm=15.105 samples/s=70.41
[step 11270/50000] loss=1.9635 lr=2.690e-04 grad_norm=8.868 samples/s=70.41
[step 11280/50000] loss=2.4367 lr=2.689e-04 grad_norm=18.220 samples/s=70.40
[step 11290/50000] loss=2.1369 lr=2.688e-04 grad_norm=5.682 samples/s=70.41
[step 11300/50000] loss=3.2260 lr=2.688e-04 grad_norm=17.574 samples/s=70.41
[step 11310/50000] loss=3.4695 lr=2.687e-04 grad_norm=21.630 samples/s=70.42
[step 11320/50000] loss=2.6504 lr=2.687e-04 grad_norm=10.172 samples/s=70.41
[step 11330/50000] loss=2.8061 lr=2.686e-04 grad_norm=17.993 samples/s=70.42
[step 11340/50000] loss=3.4191 lr=2.686e-04 grad_norm=39.299 samples/s=70.42
[step 11350/50000] loss=2.0465 lr=2.685e-04 grad_norm=6.032 samples/s=70.43
[step 11360/50000] loss=2.0696 lr=2.684e-04 grad_norm=7.367 samples/s=70.43
[step 11370/50000] loss=2.9664 lr=2.684e-04 grad_norm=18.893 samples/s=70.44
[step 11380/50000] loss=3.1460 lr=2.683e-04 grad_norm=19.658 samples/s=70.43
[step 11390/50000] loss=2.2796 lr=2.683e-04 grad_norm=10.954 samples/s=70.43
[step 11400/50000] loss=3.3007 lr=2.682e-04 grad_norm=13.219 samples/s=70.43
[step 11410/50000] loss=2.6260 lr=2.681e-04 grad_norm=18.756 samples/s=70.43
[step 11420/50000] loss=2.3702 lr=2.681e-04 grad_norm=8.391 samples/s=70.43
[step 11430/50000] loss=2.3947 lr=2.680e-04 grad_norm=41.595 samples/s=70.44
[step 11440/50000] loss=2.8881 lr=2.680e-04 grad_norm=46.246 samples/s=70.43
[step 11450/50000] loss=2.7774 lr=2.679e-04 grad_norm=9.854 samples/s=70.45
[step 11460/50000] loss=2.6370 lr=2.678e-04 grad_norm=11.694 samples/s=70.45
[step 11470/50000] loss=2.7166 lr=2.678e-04 grad_norm=12.300 samples/s=70.46
[step 11480/50000] loss=2.9438 lr=2.677e-04 grad_norm=20.405 samples/s=70.45
[step 11490/50000] loss=2.3881 lr=2.677e-04 grad_norm=20.422 samples/s=70.46
[step 11500/50000] loss=2.2828 lr=2.676e-04 grad_norm=7.768 samples/s=70.45
[step 11510/50000] loss=3.0039 lr=2.675e-04 grad_norm=9.850 samples/s=70.46
[step 11520/50000] loss=2.1287 lr=2.675e-04 grad_norm=7.024 samples/s=70.45
[step 11530/50000] loss=2.8277 lr=2.674e-04 grad_norm=37.054 samples/s=70.46
[step 11540/50000] loss=2.1591 lr=2.674e-04 grad_norm=6.287 samples/s=70.46
[step 11550/50000] loss=2.9274 lr=2.673e-04 grad_norm=16.033 samples/s=70.47
[step 11560/50000] loss=2.3761 lr=2.673e-04 grad_norm=8.826 samples/s=70.47
[step 11570/50000] loss=2.8823 lr=2.672e-04 grad_norm=31.251 samples/s=70.48
[step 11580/50000] loss=2.2339 lr=2.671e-04 grad_norm=8.441 samples/s=70.48
[step 11590/50000] loss=2.2303 lr=2.671e-04 grad_norm=9.081 samples/s=70.48
[step 11600/50000] loss=2.4523 lr=2.670e-04 grad_norm=11.870 samples/s=70.49
[step 11610/50000] loss=2.5484 lr=2.670e-04 grad_norm=12.363 samples/s=70.49
[step 11620/50000] loss=2.6054 lr=2.669e-04 grad_norm=12.043 samples/s=70.49
[step 11630/50000] loss=2.3942 lr=2.668e-04 grad_norm=23.138 samples/s=70.49
[step 11640/50000] loss=3.5871 lr=2.668e-04 grad_norm=32.784 samples/s=70.48
[step 11650/50000] loss=2.8126 lr=2.667e-04 grad_norm=20.008 samples/s=70.49
[step 11660/50000] loss=2.3748 lr=2.667e-04 grad_norm=6.959 samples/s=70.50
[step 11670/50000] loss=2.1894 lr=2.666e-04 grad_norm=14.599 samples/s=70.50
[step 11680/50000] loss=1.9123 lr=2.665e-04 grad_norm=10.016 samples/s=70.49
[step 11690/50000] loss=2.7618 lr=2.665e-04 grad_norm=15.352 samples/s=70.50
[step 11700/50000] loss=2.8972 lr=2.664e-04 grad_norm=24.537 samples/s=70.49
[step 11710/50000] loss=2.0893 lr=2.664e-04 grad_norm=8.239 samples/s=70.50
[step 11720/50000] loss=2.3092 lr=2.663e-04 grad_norm=10.871 samples/s=70.49
[step 11730/50000] loss=2.3926 lr=2.662e-04 grad_norm=9.535 samples/s=70.49
[step 11740/50000] loss=2.0722 lr=2.662e-04 grad_norm=14.268 samples/s=70.48
[step 11750/50000] loss=2.4883 lr=2.661e-04 grad_norm=12.161 samples/s=70.49
[step 11760/50000] loss=2.5242 lr=2.660e-04 grad_norm=8.354 samples/s=70.50
[step 11770/50000] loss=2.5904 lr=2.660e-04 grad_norm=12.990 samples/s=70.51
[step 11780/50000] loss=3.0711 lr=2.659e-04 grad_norm=28.505 samples/s=70.51
[step 11790/50000] loss=2.0228 lr=2.659e-04 grad_norm=7.171 samples/s=70.51
[step 11800/50000] loss=2.2244 lr=2.658e-04 grad_norm=8.989 samples/s=70.50
[step 11810/50000] loss=2.5084 lr=2.657e-04 grad_norm=32.707 samples/s=70.52
[step 11820/50000] loss=2.4457 lr=2.657e-04 grad_norm=11.537 samples/s=70.50
[step 11830/50000] loss=2.2796 lr=2.656e-04 grad_norm=11.423 samples/s=70.51
[step 11840/50000] loss=3.0011 lr=2.656e-04 grad_norm=18.104 samples/s=70.50
[step 11850/50000] loss=2.7337 lr=2.655e-04 grad_norm=8.144 samples/s=70.51
[step 11860/50000] loss=3.5399 lr=2.654e-04 grad_norm=17.041 samples/s=70.51
[step 11870/50000] loss=2.0544 lr=2.654e-04 grad_norm=8.564 samples/s=70.52
[step 11880/50000] loss=2.5442 lr=2.653e-04 grad_norm=11.807 samples/s=70.52
[step 11890/50000] loss=3.5217 lr=2.653e-04 grad_norm=25.283 samples/s=70.54
[step 11900/50000] loss=2.3407 lr=2.652e-04 grad_norm=12.760 samples/s=70.54
[step 11910/50000] loss=2.7888 lr=2.651e-04 grad_norm=17.762 samples/s=70.55
[step 11920/50000] loss=2.6284 lr=2.651e-04 grad_norm=12.218 samples/s=70.54
[step 11930/50000] loss=3.3226 lr=2.650e-04 grad_norm=15.850 samples/s=70.55
[step 11940/50000] loss=2.8464 lr=2.650e-04 grad_norm=28.832 samples/s=70.55
[step 11950/50000] loss=2.2108 lr=2.649e-04 grad_norm=11.867 samples/s=70.55
[step 11960/50000] loss=2.5088 lr=2.648e-04 grad_norm=10.432 samples/s=70.56
[step 11970/50000] loss=3.5305 lr=2.648e-04 grad_norm=11.570 samples/s=70.56
[step 11980/50000] loss=2.0703 lr=2.647e-04 grad_norm=13.423 samples/s=70.56
[step 11990/50000] loss=2.1104 lr=2.646e-04 grad_norm=5.732 samples/s=70.57
[step 12000/50000] loss=2.2509 lr=2.646e-04 grad_norm=8.192 samples/s=70.57
[step 12010/50000] loss=2.6527 lr=2.645e-04 grad_norm=8.524 samples/s=70.58
[step 12020/50000] loss=2.3914 lr=2.645e-04 grad_norm=9.350 samples/s=70.57
[step 12030/50000] loss=2.7067 lr=2.644e-04 grad_norm=17.900 samples/s=70.58
[step 12040/50000] loss=2.3005 lr=2.643e-04 grad_norm=9.646 samples/s=70.57
[step 12050/50000] loss=2.6508 lr=2.643e-04 grad_norm=12.444 samples/s=70.58
[step 12060/50000] loss=2.3049 lr=2.642e-04 grad_norm=21.219 samples/s=70.58
[step 12070/50000] loss=2.4456 lr=2.641e-04 grad_norm=8.012 samples/s=70.59
[step 12080/50000] loss=3.1558 lr=2.641e-04 grad_norm=24.586 samples/s=70.59
[step 12090/50000] loss=2.2522 lr=2.640e-04 grad_norm=14.781 samples/s=70.59
[step 12100/50000] loss=2.6338 lr=2.640e-04 grad_norm=20.376 samples/s=70.60
[step 12110/50000] loss=2.9595 lr=2.639e-04 grad_norm=18.918 samples/s=70.59
[step 12120/50000] loss=2.9302 lr=2.638e-04 grad_norm=12.481 samples/s=70.60
[step 12130/50000] loss=2.2511 lr=2.638e-04 grad_norm=18.545 samples/s=70.60
[step 12140/50000] loss=2.4143 lr=2.637e-04 grad_norm=10.476 samples/s=70.60
[step 12150/50000] loss=2.7948 lr=2.636e-04 grad_norm=30.051 samples/s=70.60
[step 12160/50000] loss=2.2717 lr=2.636e-04 grad_norm=12.507 samples/s=70.60
[step 12170/50000] loss=2.9131 lr=2.635e-04 grad_norm=8.358 samples/s=70.60
[step 12180/50000] loss=2.7103 lr=2.635e-04 grad_norm=12.291 samples/s=70.58
[step 12190/50000] loss=2.2322 lr=2.634e-04 grad_norm=14.145 samples/s=70.60
[step 12200/50000] loss=2.3167 lr=2.633e-04 grad_norm=7.586 samples/s=70.59
[step 12210/50000] loss=2.1091 lr=2.633e-04 grad_norm=20.789 samples/s=70.60
[step 12220/50000] loss=2.5815 lr=2.632e-04 grad_norm=20.957 samples/s=70.60
[step 12230/50000] loss=2.5813 lr=2.631e-04 grad_norm=10.089 samples/s=70.60
[step 12240/50000] loss=3.0907 lr=2.631e-04 grad_norm=16.883 samples/s=70.60
[step 12250/50000] loss=2.2410 lr=2.630e-04 grad_norm=15.209 samples/s=70.62
[step 12260/50000] loss=2.5814 lr=2.630e-04 grad_norm=10.717 samples/s=70.59
[step 12270/50000] loss=2.3150 lr=2.629e-04 grad_norm=12.565 samples/s=70.61
[step 12280/50000] loss=3.1619 lr=2.628e-04 grad_norm=14.052 samples/s=70.61
[step 12290/50000] loss=2.2483 lr=2.628e-04 grad_norm=14.592 samples/s=70.62
[step 12300/50000] loss=2.6931 lr=2.627e-04 grad_norm=7.130 samples/s=70.62
[step 12310/50000] loss=2.6906 lr=2.626e-04 grad_norm=25.684 samples/s=70.63
[step 12320/50000] loss=2.3255 lr=2.626e-04 grad_norm=7.779 samples/s=70.64
[step 12330/50000] loss=1.9392 lr=2.625e-04 grad_norm=7.172 samples/s=70.64
[step 12340/50000] loss=2.5525 lr=2.625e-04 grad_norm=40.024 samples/s=70.63
[step 12350/50000] loss=3.0761 lr=2.624e-04 grad_norm=15.186 samples/s=70.64
[step 12360/50000] loss=3.0586 lr=2.623e-04 grad_norm=7.893 samples/s=70.64
[step 12370/50000] loss=3.8524 lr=2.623e-04 grad_norm=17.274 samples/s=70.64
[step 12380/50000] loss=2.7091 lr=2.622e-04 grad_norm=15.733 samples/s=70.64
[step 12390/50000] loss=2.5551 lr=2.621e-04 grad_norm=8.873 samples/s=70.65
[step 12400/50000] loss=2.4030 lr=2.621e-04 grad_norm=15.065 samples/s=70.65
[step 12410/50000] loss=3.1390 lr=2.620e-04 grad_norm=28.390 samples/s=70.65
[step 12420/50000] loss=2.5460 lr=2.619e-04 grad_norm=35.466 samples/s=70.65
[step 12430/50000] loss=2.6790 lr=2.619e-04 grad_norm=9.345 samples/s=70.66
[step 12440/50000] loss=2.0029 lr=2.618e-04 grad_norm=8.768 samples/s=70.66
[step 12450/50000] loss=2.6281 lr=2.618e-04 grad_norm=27.333 samples/s=70.66
[step 12460/50000] loss=2.4484 lr=2.617e-04 grad_norm=15.217 samples/s=70.66
[step 12470/50000] loss=2.3114 lr=2.616e-04 grad_norm=22.460 samples/s=70.67
[step 12480/50000] loss=3.1301 lr=2.616e-04 grad_norm=15.214 samples/s=70.65
[step 12490/50000] loss=2.0674 lr=2.615e-04 grad_norm=6.957 samples/s=70.67
[step 12500/50000] loss=2.6305 lr=2.614e-04 grad_norm=13.496 samples/s=70.66
[val step 12500] loss=2.425369065284729 m01={'mean': 0.4166782903577109, 'median': 0.41107050463079065, 'p95': 0.7077676648780727, 'tail_frac_gt4px': 0.00016241676140977748, 'n_matched': 24628} m02={'12-16': 0.8842165898617511, '16-32': 0.9392297727005064, '32-64': 0.9537334532836397, '64-128': 0.9559416692522494} m04={'accuracy': 0.2523956472307942, 'by_octave': {'12-16': 0.25667752442996744, '16-32': 0.2566771159874608, '32-64': 0.24807977361541572, '64-128': 0.24991885751379422}} diag={'gate3_alpha_mean': 0.3800707161426544, 'gate3_alpha_min': 0.00936126708984375, 'gate3_alpha_max': 0.9873046875, 'gate3_alpha_std': 0.21891683340072632, 'gate3_alpha_p10': 0.125518798828125, 'gate3_alpha_p50': 0.3402099609375, 'gate3_alpha_p90': 0.73681640625, 'block0_attn_entropy': 7.111032009124756, 'block1_attn_entropy': 7.291761875152588}
[step 12510/50000] loss=2.2072 lr=2.614e-04 grad_norm=16.979 samples/s=70.69
[step 12520/50000] loss=2.2724 lr=2.613e-04 grad_norm=10.089 samples/s=70.72
[step 12530/50000] loss=2.8119 lr=2.612e-04 grad_norm=16.332 samples/s=70.73
[step 12540/50000] loss=3.3609 lr=2.612e-04 grad_norm=30.354 samples/s=70.73
[step 12550/50000] loss=2.5180 lr=2.611e-04 grad_norm=7.096 samples/s=70.73
[step 12560/50000] loss=2.5206 lr=2.611e-04 grad_norm=11.594 samples/s=70.73
[step 12570/50000] loss=2.5495 lr=2.610e-04 grad_norm=18.110 samples/s=70.74
[step 12580/50000] loss=2.3041 lr=2.609e-04 grad_norm=8.964 samples/s=70.74
[step 12590/50000] loss=1.9604 lr=2.609e-04 grad_norm=11.698 samples/s=70.75
[step 12600/50000] loss=2.7669 lr=2.608e-04 grad_norm=22.119 samples/s=70.75
[step 12610/50000] loss=2.6429 lr=2.607e-04 grad_norm=15.033 samples/s=70.76
[step 12620/50000] loss=2.5830 lr=2.607e-04 grad_norm=25.268 samples/s=70.75
[step 12630/50000] loss=2.2521 lr=2.606e-04 grad_norm=16.907 samples/s=70.75
[step 12640/50000] loss=2.7722 lr=2.605e-04 grad_norm=33.990 samples/s=70.75
[step 12650/50000] loss=2.5172 lr=2.605e-04 grad_norm=14.299 samples/s=70.75
[step 12660/50000] loss=2.5313 lr=2.604e-04 grad_norm=7.306 samples/s=70.75
[step 12670/50000] loss=2.0678 lr=2.603e-04 grad_norm=13.545 samples/s=70.75
[step 12680/50000] loss=2.6191 lr=2.603e-04 grad_norm=10.757 samples/s=70.74
[step 12690/50000] loss=2.8413 lr=2.602e-04 grad_norm=37.369 samples/s=70.75
[step 12700/50000] loss=3.0059 lr=2.601e-04 grad_norm=35.626 samples/s=70.75
[step 12710/50000] loss=2.4689 lr=2.601e-04 grad_norm=28.459 samples/s=70.75
[step 12720/50000] loss=2.2013 lr=2.600e-04 grad_norm=12.688 samples/s=70.75
[step 12730/50000] loss=2.5828 lr=2.600e-04 grad_norm=13.796 samples/s=70.75
[step 12740/50000] loss=2.5925 lr=2.599e-04 grad_norm=10.693 samples/s=70.75
[step 12750/50000] loss=2.1083 lr=2.598e-04 grad_norm=11.537 samples/s=70.76
[step 12760/50000] loss=2.0829 lr=2.598e-04 grad_norm=10.763 samples/s=70.76
[step 12770/50000] loss=2.9056 lr=2.597e-04 grad_norm=21.812 samples/s=70.76
[step 12780/50000] loss=3.0526 lr=2.596e-04 grad_norm=23.456 samples/s=70.75
[step 12790/50000] loss=3.5211 lr=2.596e-04 grad_norm=78.945 samples/s=70.77
[step 12800/50000] loss=2.9159 lr=2.595e-04 grad_norm=40.086 samples/s=70.76
[step 12810/50000] loss=2.5938 lr=2.594e-04 grad_norm=13.606 samples/s=70.77
[step 12820/50000] loss=2.8418 lr=2.594e-04 grad_norm=16.646 samples/s=70.77
[step 12830/50000] loss=2.7230 lr=2.593e-04 grad_norm=18.417 samples/s=70.77
[step 12840/50000] loss=2.0258 lr=2.592e-04 grad_norm=6.306 samples/s=70.76
[step 12850/50000] loss=2.3692 lr=2.592e-04 grad_norm=10.594 samples/s=70.77
[step 12860/50000] loss=2.5860 lr=2.591e-04 grad_norm=17.748 samples/s=70.77
[step 12870/50000] loss=2.4774 lr=2.590e-04 grad_norm=11.012 samples/s=70.78
[step 12880/50000] loss=2.4387 lr=2.590e-04 grad_norm=8.736 samples/s=70.77
[step 12890/50000] loss=2.4503 lr=2.589e-04 grad_norm=9.116 samples/s=70.77
[step 12900/50000] loss=3.1558 lr=2.588e-04 grad_norm=9.170 samples/s=70.76
[step 12910/50000] loss=2.7190 lr=2.588e-04 grad_norm=16.552 samples/s=70.77
[step 12920/50000] loss=2.0244 lr=2.587e-04 grad_norm=5.959 samples/s=70.77
[step 12930/50000] loss=2.0205 lr=2.586e-04 grad_norm=5.372 samples/s=70.77
[step 12940/50000] loss=2.2529 lr=2.586e-04 grad_norm=13.412 samples/s=70.77
[step 12950/50000] loss=2.0729 lr=2.585e-04 grad_norm=8.004 samples/s=70.77
[step 12960/50000] loss=2.9425 lr=2.584e-04 grad_norm=35.593 samples/s=70.76
[step 12970/50000] loss=2.4194 lr=2.584e-04 grad_norm=12.226 samples/s=70.77
[step 12980/50000] loss=2.0291 lr=2.583e-04 grad_norm=8.491 samples/s=70.76
[step 12990/50000] loss=2.2985 lr=2.582e-04 grad_norm=5.580 samples/s=70.77
[step 13000/50000] loss=2.7191 lr=2.582e-04 grad_norm=11.185 samples/s=70.76
[step 13010/50000] loss=2.6014 lr=2.581e-04 grad_norm=9.542 samples/s=70.78
[step 13020/50000] loss=2.6075 lr=2.580e-04 grad_norm=41.249 samples/s=70.78
[step 13030/50000] loss=2.2489 lr=2.580e-04 grad_norm=12.647 samples/s=70.79
[step 13040/50000] loss=3.3828 lr=2.579e-04 grad_norm=8.297 samples/s=70.79
[step 13050/50000] loss=2.7477 lr=2.578e-04 grad_norm=14.040 samples/s=70.80
[step 13060/50000] loss=2.2646 lr=2.578e-04 grad_norm=15.621 samples/s=70.79
[step 13070/50000] loss=2.9885 lr=2.577e-04 grad_norm=9.425 samples/s=70.79
[step 13080/50000] loss=2.3198 lr=2.577e-04 grad_norm=8.919 samples/s=70.79
[step 13090/50000] loss=1.9306 lr=2.576e-04 grad_norm=6.131 samples/s=70.80
[step 13100/50000] loss=2.8757 lr=2.575e-04 grad_norm=17.085 samples/s=70.80
[step 13110/50000] loss=2.5586 lr=2.575e-04 grad_norm=63.800 samples/s=70.81
[step 13120/50000] loss=2.3928 lr=2.574e-04 grad_norm=6.216 samples/s=70.81
[step 13130/50000] loss=4.2969 lr=2.573e-04 grad_norm=45.555 samples/s=70.82
[step 13140/50000] loss=2.8011 lr=2.572e-04 grad_norm=11.967 samples/s=70.82
[step 13150/50000] loss=3.2117 lr=2.572e-04 grad_norm=9.231 samples/s=70.83
[step 13160/50000] loss=2.2733 lr=2.571e-04 grad_norm=13.054 samples/s=70.83
[step 13170/50000] loss=2.3233 lr=2.570e-04 grad_norm=17.659 samples/s=70.84
[step 13180/50000] loss=2.4681 lr=2.570e-04 grad_norm=14.487 samples/s=70.84
[step 13190/50000] loss=2.9531 lr=2.569e-04 grad_norm=24.232 samples/s=70.85
[step 13200/50000] loss=2.1363 lr=2.568e-04 grad_norm=7.891 samples/s=70.84
[step 13210/50000] loss=2.8338 lr=2.568e-04 grad_norm=12.696 samples/s=70.85
[step 13220/50000] loss=3.2083 lr=2.567e-04 grad_norm=14.733 samples/s=70.84
[step 13230/50000] loss=2.1249 lr=2.566e-04 grad_norm=10.216 samples/s=70.84
[step 13240/50000] loss=2.3273 lr=2.566e-04 grad_norm=6.997 samples/s=70.84
[step 13250/50000] loss=2.8998 lr=2.565e-04 grad_norm=17.502 samples/s=70.82
[step 13260/50000] loss=2.9641 lr=2.564e-04 grad_norm=7.070 samples/s=70.81
[step 13270/50000] loss=2.8077 lr=2.564e-04 grad_norm=14.676 samples/s=70.80
[step 13280/50000] loss=2.6423 lr=2.563e-04 grad_norm=11.455 samples/s=70.82
[step 13290/50000] loss=2.2528 lr=2.562e-04 grad_norm=22.399 samples/s=70.81
[step 13300/50000] loss=2.6850 lr=2.562e-04 grad_norm=22.598 samples/s=70.82
[step 13310/50000] loss=2.9584 lr=2.561e-04 grad_norm=10.344 samples/s=70.82
[step 13320/50000] loss=2.5418 lr=2.560e-04 grad_norm=18.306 samples/s=70.83
[step 13330/50000] loss=2.8309 lr=2.560e-04 grad_norm=12.990 samples/s=70.83
[step 13340/50000] loss=2.9189 lr=2.559e-04 grad_norm=16.159 samples/s=70.84
[step 13350/50000] loss=2.2834 lr=2.558e-04 grad_norm=19.388 samples/s=70.84
[step 13360/50000] loss=3.2600 lr=2.558e-04 grad_norm=13.506 samples/s=70.84
[step 13370/50000] loss=2.8398 lr=2.557e-04 grad_norm=20.339 samples/s=70.83
[step 13380/50000] loss=2.4958 lr=2.556e-04 grad_norm=55.571 samples/s=70.84
[step 13390/50000] loss=2.7936 lr=2.556e-04 grad_norm=9.794 samples/s=70.84
[step 13400/50000] loss=3.3061 lr=2.555e-04 grad_norm=47.006 samples/s=70.84
[step 13410/50000] loss=2.9228 lr=2.554e-04 grad_norm=35.818 samples/s=70.84
[step 13420/50000] loss=2.2378 lr=2.554e-04 grad_norm=14.146 samples/s=70.85
[step 13430/50000] loss=2.0689 lr=2.553e-04 grad_norm=14.527 samples/s=70.85
[step 13440/50000] loss=3.3342 lr=2.552e-04 grad_norm=18.546 samples/s=70.85
[step 13450/50000] loss=2.3032 lr=2.552e-04 grad_norm=9.546 samples/s=70.85
[step 13460/50000] loss=2.4349 lr=2.551e-04 grad_norm=9.800 samples/s=70.85
[step 13470/50000] loss=2.7542 lr=2.550e-04 grad_norm=12.413 samples/s=70.85
[step 13480/50000] loss=3.3355 lr=2.550e-04 grad_norm=13.268 samples/s=70.85
[step 13490/50000] loss=2.3636 lr=2.549e-04 grad_norm=7.885 samples/s=70.85
[step 13500/50000] loss=2.1300 lr=2.548e-04 grad_norm=11.370 samples/s=70.86
[step 13510/50000] loss=2.2766 lr=2.547e-04 grad_norm=5.534 samples/s=70.86
[step 13520/50000] loss=2.2610 lr=2.547e-04 grad_norm=12.112 samples/s=70.86
[step 13530/50000] loss=2.1007 lr=2.546e-04 grad_norm=12.284 samples/s=70.87
[step 13540/50000] loss=3.2678 lr=2.545e-04 grad_norm=87.859 samples/s=70.87
[step 13550/50000] loss=2.4527 lr=2.545e-04 grad_norm=10.013 samples/s=70.88
[step 13560/50000] loss=3.0872 lr=2.544e-04 grad_norm=7.987 samples/s=70.88
[step 13570/50000] loss=2.5036 lr=2.543e-04 grad_norm=22.484 samples/s=70.89
[step 13580/50000] loss=2.1943 lr=2.543e-04 grad_norm=8.490 samples/s=70.87
[step 13590/50000] loss=1.9710 lr=2.542e-04 grad_norm=12.522 samples/s=70.89
[step 13600/50000] loss=2.7570 lr=2.541e-04 grad_norm=7.154 samples/s=70.88
[step 13610/50000] loss=2.0980 lr=2.541e-04 grad_norm=6.749 samples/s=70.89
[step 13620/50000] loss=2.7290 lr=2.540e-04 grad_norm=10.165 samples/s=70.88
[step 13630/50000] loss=3.7239 lr=2.539e-04 grad_norm=29.030 samples/s=70.89
[step 13640/50000] loss=2.7585 lr=2.539e-04 grad_norm=12.630 samples/s=70.88
[step 13650/50000] loss=2.2668 lr=2.538e-04 grad_norm=9.158 samples/s=70.88
[step 13660/50000] loss=2.4867 lr=2.537e-04 grad_norm=9.717 samples/s=70.88
[step 13670/50000] loss=2.7212 lr=2.536e-04 grad_norm=19.383 samples/s=70.89
[step 13680/50000] loss=2.6378 lr=2.536e-04 grad_norm=10.210 samples/s=70.88
[step 13690/50000] loss=2.4743 lr=2.535e-04 grad_norm=25.896 samples/s=70.89
[step 13700/50000] loss=2.4409 lr=2.534e-04 grad_norm=9.599 samples/s=70.88
[step 13710/50000] loss=4.0202 lr=2.534e-04 grad_norm=20.204 samples/s=70.89
[step 13720/50000] loss=2.3691 lr=2.533e-04 grad_norm=6.430 samples/s=70.88
[step 13730/50000] loss=2.9779 lr=2.532e-04 grad_norm=11.008 samples/s=70.89
[step 13740/50000] loss=2.2970 lr=2.532e-04 grad_norm=11.886 samples/s=70.89
[step 13750/50000] loss=3.0308 lr=2.531e-04 grad_norm=53.017 samples/s=70.90
[step 13760/50000] loss=2.6546 lr=2.530e-04 grad_norm=8.983 samples/s=70.90
[step 13770/50000] loss=3.3827 lr=2.530e-04 grad_norm=37.441 samples/s=70.90
[step 13780/50000] loss=2.4765 lr=2.529e-04 grad_norm=11.159 samples/s=70.91
[step 13790/50000] loss=2.3751 lr=2.528e-04 grad_norm=12.163 samples/s=70.90
[step 13800/50000] loss=2.2482 lr=2.527e-04 grad_norm=6.753 samples/s=70.90
[step 13810/50000] loss=2.6469 lr=2.527e-04 grad_norm=12.718 samples/s=70.91
[step 13820/50000] loss=3.1309 lr=2.526e-04 grad_norm=16.664 samples/s=70.91
[step 13830/50000] loss=3.0132 lr=2.525e-04 grad_norm=14.039 samples/s=70.91
[step 13840/50000] loss=2.0531 lr=2.525e-04 grad_norm=12.559 samples/s=70.92
[step 13850/50000] loss=2.3276 lr=2.524e-04 grad_norm=10.707 samples/s=70.92
[step 13860/50000] loss=2.5783 lr=2.523e-04 grad_norm=10.602 samples/s=70.93
[step 13870/50000] loss=2.7447 lr=2.523e-04 grad_norm=15.440 samples/s=70.92
[step 13880/50000] loss=2.9993 lr=2.522e-04 grad_norm=12.175 samples/s=70.93
[step 13890/50000] loss=2.3200 lr=2.521e-04 grad_norm=15.434 samples/s=70.92
[step 13900/50000] loss=2.3703 lr=2.520e-04 grad_norm=5.991 samples/s=70.92
[step 13910/50000] loss=2.3916 lr=2.520e-04 grad_norm=5.614 samples/s=70.92
[step 13920/50000] loss=1.9529 lr=2.519e-04 grad_norm=9.039 samples/s=70.92
[step 13930/50000] loss=2.3914 lr=2.518e-04 grad_norm=15.044 samples/s=70.92
[step 13940/50000] loss=2.1561 lr=2.518e-04 grad_norm=5.196 samples/s=70.93
[step 13950/50000] loss=2.2129 lr=2.517e-04 grad_norm=6.851 samples/s=70.93
[step 13960/50000] loss=2.5864 lr=2.516e-04 grad_norm=10.457 samples/s=70.94
[step 13970/50000] loss=3.2767 lr=2.516e-04 grad_norm=12.473 samples/s=70.93
[step 13980/50000] loss=3.1224 lr=2.515e-04 grad_norm=11.298 samples/s=70.94
[step 13990/50000] loss=2.3389 lr=2.514e-04 grad_norm=9.929 samples/s=70.93
[step 14000/50000] loss=2.8233 lr=2.513e-04 grad_norm=6.653 samples/s=70.94
[step 14010/50000] loss=2.9087 lr=2.513e-04 grad_norm=12.436 samples/s=70.92
[step 14020/50000] loss=1.8620 lr=2.512e-04 grad_norm=6.562 samples/s=70.93
[step 14030/50000] loss=2.3304 lr=2.511e-04 grad_norm=10.297 samples/s=70.93
[step 14040/50000] loss=3.6314 lr=2.511e-04 grad_norm=30.252 samples/s=70.94
[step 14050/50000] loss=2.7224 lr=2.510e-04 grad_norm=10.087 samples/s=70.94
[step 14060/50000] loss=2.5831 lr=2.509e-04 grad_norm=11.970 samples/s=70.95
[step 14070/50000] loss=2.4867 lr=2.508e-04 grad_norm=5.801 samples/s=70.95
[step 14080/50000] loss=3.2690 lr=2.508e-04 grad_norm=26.413 samples/s=70.95
[step 14090/50000] loss=2.8012 lr=2.507e-04 grad_norm=14.080 samples/s=70.94
[step 14100/50000] loss=3.1133 lr=2.506e-04 grad_norm=69.654 samples/s=70.95
[step 14110/50000] loss=2.2757 lr=2.506e-04 grad_norm=11.907 samples/s=70.95
[step 14120/50000] loss=2.5375 lr=2.505e-04 grad_norm=15.282 samples/s=70.96
[step 14130/50000] loss=2.3550 lr=2.504e-04 grad_norm=11.222 samples/s=70.96
[step 14140/50000] loss=2.3916 lr=2.504e-04 grad_norm=13.673 samples/s=70.97
[step 14150/50000] loss=2.2829 lr=2.503e-04 grad_norm=16.688 samples/s=70.96
[step 14160/50000] loss=2.2900 lr=2.502e-04 grad_norm=8.774 samples/s=70.96
[step 14170/50000] loss=3.1642 lr=2.501e-04 grad_norm=11.384 samples/s=70.95
[step 14180/50000] loss=2.7586 lr=2.501e-04 grad_norm=16.824 samples/s=70.96
[step 14190/50000] loss=2.0963 lr=2.500e-04 grad_norm=12.650 samples/s=70.95
[step 14200/50000] loss=2.6030 lr=2.499e-04 grad_norm=20.761 samples/s=70.95
[step 14210/50000] loss=2.1711 lr=2.499e-04 grad_norm=9.757 samples/s=70.95
[step 14220/50000] loss=2.1593 lr=2.498e-04 grad_norm=8.277 samples/s=70.96
[step 14230/50000] loss=2.4493 lr=2.497e-04 grad_norm=14.897 samples/s=70.96
[step 14240/50000] loss=2.8676 lr=2.496e-04 grad_norm=8.123 samples/s=70.97
[step 14250/50000] loss=2.2221 lr=2.496e-04 grad_norm=6.662 samples/s=70.97
[step 14260/50000] loss=2.8759 lr=2.495e-04 grad_norm=15.667 samples/s=70.98
[step 14270/50000] loss=2.6663 lr=2.494e-04 grad_norm=9.906 samples/s=70.97
[step 14280/50000] loss=2.2846 lr=2.494e-04 grad_norm=11.845 samples/s=70.98
[step 14290/50000] loss=2.0631 lr=2.493e-04 grad_norm=10.560 samples/s=70.96
[step 14300/50000] loss=2.5226 lr=2.492e-04 grad_norm=15.925 samples/s=70.96
[step 14310/50000] loss=2.5968 lr=2.491e-04 grad_norm=8.401 samples/s=70.97
[step 14320/50000] loss=1.9255 lr=2.491e-04 grad_norm=6.935 samples/s=70.97
[step 14330/50000] loss=2.5230 lr=2.490e-04 grad_norm=7.136 samples/s=70.98
[step 14340/50000] loss=2.9325 lr=2.489e-04 grad_norm=38.122 samples/s=70.98
[step 14350/50000] loss=2.8831 lr=2.489e-04 grad_norm=13.120 samples/s=70.97
[step 14360/50000] loss=2.3300 lr=2.488e-04 grad_norm=18.569 samples/s=70.98
[step 14370/50000] loss=2.7702 lr=2.487e-04 grad_norm=17.897 samples/s=70.97
[step 14380/50000] loss=2.5444 lr=2.486e-04 grad_norm=8.580 samples/s=70.99
[step 14390/50000] loss=2.6498 lr=2.486e-04 grad_norm=14.471 samples/s=70.98
[step 14400/50000] loss=1.9063 lr=2.485e-04 grad_norm=7.243 samples/s=70.98
[step 14410/50000] loss=2.6641 lr=2.484e-04 grad_norm=8.420 samples/s=70.98
[step 14420/50000] loss=2.1492 lr=2.483e-04 grad_norm=14.680 samples/s=70.98
[step 14430/50000] loss=3.0623 lr=2.483e-04 grad_norm=9.650 samples/s=70.98
[step 14440/50000] loss=2.9056 lr=2.482e-04 grad_norm=18.916 samples/s=70.98
[step 14450/50000] loss=2.7630 lr=2.481e-04 grad_norm=22.177 samples/s=70.99
[step 14460/50000] loss=2.1746 lr=2.481e-04 grad_norm=7.303 samples/s=70.99
[step 14470/50000] loss=2.9654 lr=2.480e-04 grad_norm=40.379 samples/s=71.00
[step 14480/50000] loss=3.0697 lr=2.479e-04 grad_norm=24.869 samples/s=71.00
[step 14490/50000] loss=2.2868 lr=2.478e-04 grad_norm=9.960 samples/s=71.00
[step 14500/50000] loss=3.3129 lr=2.478e-04 grad_norm=12.631 samples/s=70.99
[step 14510/50000] loss=2.3132 lr=2.477e-04 grad_norm=11.479 samples/s=70.99
[step 14520/50000] loss=2.3066 lr=2.476e-04 grad_norm=10.934 samples/s=71.00
[step 14530/50000] loss=2.4898 lr=2.476e-04 grad_norm=23.576 samples/s=71.01
[step 14540/50000] loss=2.5364 lr=2.475e-04 grad_norm=19.816 samples/s=71.00
[step 14550/50000] loss=2.5348 lr=2.474e-04 grad_norm=24.424 samples/s=71.01
[step 14560/50000] loss=2.8372 lr=2.473e-04 grad_norm=11.176 samples/s=71.01
[step 14570/50000] loss=2.0951 lr=2.473e-04 grad_norm=7.356 samples/s=71.02
[step 14580/50000] loss=2.4113 lr=2.472e-04 grad_norm=11.577 samples/s=71.01
[step 14590/50000] loss=3.6364 lr=2.471e-04 grad_norm=22.092 samples/s=71.02
[step 14600/50000] loss=3.5118 lr=2.470e-04 grad_norm=13.096 samples/s=71.01
[step 14610/50000] loss=2.4116 lr=2.470e-04 grad_norm=8.837 samples/s=71.02
[step 14620/50000] loss=2.2267 lr=2.469e-04 grad_norm=7.754 samples/s=71.01
[step 14630/50000] loss=2.9100 lr=2.468e-04 grad_norm=16.981 samples/s=71.02
[step 14640/50000] loss=2.2043 lr=2.468e-04 grad_norm=7.746 samples/s=71.02
[step 14650/50000] loss=2.4897 lr=2.467e-04 grad_norm=6.029 samples/s=71.03
[step 14660/50000] loss=2.4605 lr=2.466e-04 grad_norm=20.680 samples/s=71.02
[step 14670/50000] loss=1.9223 lr=2.465e-04 grad_norm=46.958 samples/s=71.03
[step 14680/50000] loss=3.2174 lr=2.465e-04 grad_norm=17.174 samples/s=71.02
[step 14690/50000] loss=2.7265 lr=2.464e-04 grad_norm=17.299 samples/s=71.03
[step 14700/50000] loss=2.1365 lr=2.463e-04 grad_norm=8.333 samples/s=71.04
[step 14710/50000] loss=2.0106 lr=2.462e-04 grad_norm=8.883 samples/s=71.04
[step 14720/50000] loss=2.6030 lr=2.462e-04 grad_norm=9.586 samples/s=71.04
[step 14730/50000] loss=2.8839 lr=2.461e-04 grad_norm=10.214 samples/s=71.04
[step 14740/50000] loss=1.9109 lr=2.460e-04 grad_norm=6.497 samples/s=71.05
[step 14750/50000] loss=2.3436 lr=2.459e-04 grad_norm=11.885 samples/s=71.04
[step 14760/50000] loss=2.3396 lr=2.459e-04 grad_norm=11.539 samples/s=71.05
[step 14770/50000] loss=2.5274 lr=2.458e-04 grad_norm=5.432 samples/s=71.05
[step 14780/50000] loss=2.0782 lr=2.457e-04 grad_norm=8.090 samples/s=71.05
[step 14790/50000] loss=2.2422 lr=2.457e-04 grad_norm=12.886 samples/s=71.04
[step 14800/50000] loss=2.9549 lr=2.456e-04 grad_norm=53.150 samples/s=71.04
[step 14810/50000] loss=3.0420 lr=2.455e-04 grad_norm=8.616 samples/s=71.04
[step 14820/50000] loss=2.4429 lr=2.454e-04 grad_norm=13.218 samples/s=71.02
[step 14830/50000] loss=2.5332 lr=2.454e-04 grad_norm=18.890 samples/s=71.01
[step 14840/50000] loss=2.1567 lr=2.453e-04 grad_norm=11.109 samples/s=71.02
[step 14850/50000] loss=2.9469 lr=2.452e-04 grad_norm=18.490 samples/s=71.02
[step 14860/50000] loss=2.7028 lr=2.451e-04 grad_norm=9.741 samples/s=71.02
[step 14870/50000] loss=3.0197 lr=2.451e-04 grad_norm=34.536 samples/s=71.01
[step 14880/50000] loss=2.7415 lr=2.450e-04 grad_norm=19.765 samples/s=71.02
[step 14890/50000] loss=2.1682 lr=2.449e-04 grad_norm=12.062 samples/s=71.02
[step 14900/50000] loss=2.8554 lr=2.448e-04 grad_norm=11.477 samples/s=71.03
[step 14910/50000] loss=2.2386 lr=2.448e-04 grad_norm=12.958 samples/s=71.03
[step 14920/50000] loss=2.5747 lr=2.447e-04 grad_norm=15.218 samples/s=71.03
[step 14930/50000] loss=2.3196 lr=2.446e-04 grad_norm=9.708 samples/s=71.02
[step 14940/50000] loss=2.6447 lr=2.445e-04 grad_norm=10.750 samples/s=71.01
[step 14950/50000] loss=2.7021 lr=2.445e-04 grad_norm=40.662 samples/s=71.01
[step 14960/50000] loss=2.1713 lr=2.444e-04 grad_norm=6.955 samples/s=71.00
[step 14970/50000] loss=2.5238 lr=2.443e-04 grad_norm=27.284 samples/s=71.00
[step 14980/50000] loss=2.5789 lr=2.442e-04 grad_norm=10.213 samples/s=70.99
[step 14990/50000] loss=2.1923 lr=2.442e-04 grad_norm=7.605 samples/s=71.00
[step 15000/50000] loss=3.2864 lr=2.441e-04 grad_norm=11.841 samples/s=70.99
[val step 15000] loss=2.3828168296813965 m01={'mean': 0.41531412981522686, 'median': 0.4108634416635142, 'p95': 0.7041119303156648, 'tail_frac_gt4px': 8.101758081503687e-05, 'n_matched': 24686} m02={'12-16': 0.8888248847926268, '16-32': 0.9411141208338241, '32-64': 0.9557897442488112, '64-128': 0.957493018926466} m04={'accuracy': 0.25662318723162925, 'by_octave': {'12-16': 0.2579390797148412, '16-32': 0.2554123388812414, '32-64': 0.2589753933037515, '64-128': 0.254698639014906}} diag={'gate3_alpha_mean': 0.38044968247413635, 'gate3_alpha_min': 0.0091094970703125, 'gate3_alpha_max': 0.982421875, 'gate3_alpha_std': 0.2216307371854782, 'gate3_alpha_p10': 0.12174949795007706, 'gate3_alpha_p50': 0.341064453125, 'gate3_alpha_p90': 0.7430419921875, 'block0_attn_entropy': 7.079174995422363, 'block1_attn_entropy': 7.2158708572387695}
[step 15010/50000] loss=2.2326 lr=2.440e-04 grad_norm=8.202 samples/s=71.02
[step 15020/50000] loss=2.3576 lr=2.439e-04 grad_norm=7.470 samples/s=71.04
[step 15030/50000] loss=2.6619 lr=2.439e-04 grad_norm=10.941 samples/s=71.05
[step 15040/50000] loss=2.3536 lr=2.438e-04 grad_norm=23.350 samples/s=71.04
[step 15050/50000] loss=3.0729 lr=2.437e-04 grad_norm=20.093 samples/s=71.04
[step 15060/50000] loss=2.3593 lr=2.436e-04 grad_norm=6.513 samples/s=71.04
[step 15070/50000] loss=2.2994 lr=2.436e-04 grad_norm=6.432 samples/s=71.04
[step 15080/50000] loss=2.3921 lr=2.435e-04 grad_norm=7.738 samples/s=71.03
[step 15090/50000] loss=2.6525 lr=2.434e-04 grad_norm=15.483 samples/s=71.05
[step 15100/50000] loss=2.5534 lr=2.433e-04 grad_norm=12.482 samples/s=71.04
[step 15110/50000] loss=2.2260 lr=2.433e-04 grad_norm=12.225 samples/s=71.04
[step 15120/50000] loss=2.8136 lr=2.432e-04 grad_norm=15.388 samples/s=71.02
[step 15130/50000] loss=2.1217 lr=2.431e-04 grad_norm=8.358 samples/s=71.02
[step 15140/50000] loss=2.9067 lr=2.430e-04 grad_norm=17.259 samples/s=71.01
[step 15150/50000] loss=2.6789 lr=2.430e-04 grad_norm=16.770 samples/s=71.02
[step 15160/50000] loss=2.5770 lr=2.429e-04 grad_norm=22.469 samples/s=71.01
[step 15170/50000] loss=2.2501 lr=2.428e-04 grad_norm=15.276 samples/s=71.02
[step 15180/50000] loss=2.1562 lr=2.427e-04 grad_norm=17.309 samples/s=71.01
[step 15190/50000] loss=2.0758 lr=2.427e-04 grad_norm=10.364 samples/s=71.01
[step 15200/50000] loss=2.9600 lr=2.426e-04 grad_norm=6.733 samples/s=71.01
[step 15210/50000] loss=2.2617 lr=2.425e-04 grad_norm=5.958 samples/s=71.02
[step 15220/50000] loss=2.4497 lr=2.424e-04 grad_norm=21.544 samples/s=71.00
[step 15230/50000] loss=2.9521 lr=2.424e-04 grad_norm=20.274 samples/s=71.00
[step 15240/50000] loss=2.1881 lr=2.423e-04 grad_norm=6.218 samples/s=71.00
[step 15250/50000] loss=2.3600 lr=2.422e-04 grad_norm=9.602 samples/s=71.01
[step 15260/50000] loss=2.4012 lr=2.421e-04 grad_norm=12.896 samples/s=71.00
[step 15270/50000] loss=2.0021 lr=2.421e-04 grad_norm=6.274 samples/s=70.99
[step 15280/50000] loss=2.2700 lr=2.420e-04 grad_norm=8.917 samples/s=70.98
[step 15290/50000] loss=2.5658 lr=2.419e-04 grad_norm=12.826 samples/s=70.98
[step 15300/50000] loss=2.7084 lr=2.418e-04 grad_norm=7.680 samples/s=70.99
[step 15310/50000] loss=2.0220 lr=2.418e-04 grad_norm=6.436 samples/s=71.00
[step 15320/50000] loss=2.2813 lr=2.417e-04 grad_norm=41.537 samples/s=70.99
[step 15330/50000] loss=2.7697 lr=2.416e-04 grad_norm=11.933 samples/s=70.99
[step 15340/50000] loss=3.4543 lr=2.415e-04 grad_norm=28.091 samples/s=70.98
[step 15350/50000] loss=2.3966 lr=2.415e-04 grad_norm=20.382 samples/s=70.98
[step 15360/50000] loss=2.5402 lr=2.414e-04 grad_norm=7.627 samples/s=70.96
[step 15370/50000] loss=2.1561 lr=2.413e-04 grad_norm=11.935 samples/s=70.97
[step 15380/50000] loss=2.1174 lr=2.412e-04 grad_norm=9.998 samples/s=70.97
[step 15390/50000] loss=2.4113 lr=2.412e-04 grad_norm=18.651 samples/s=70.98
[step 15400/50000] loss=2.0941 lr=2.411e-04 grad_norm=13.961 samples/s=70.96
[step 15410/50000] loss=2.2688 lr=2.410e-04 grad_norm=13.720 samples/s=70.96
[step 15420/50000] loss=2.3555 lr=2.409e-04 grad_norm=8.627 samples/s=70.95
[step 15430/50000] loss=2.6714 lr=2.409e-04 grad_norm=8.230 samples/s=70.95
[step 15440/50000] loss=2.3334 lr=2.408e-04 grad_norm=9.113 samples/s=70.94
[step 15450/50000] loss=2.3488 lr=2.407e-04 grad_norm=9.841 samples/s=70.95
[step 15460/50000] loss=2.3808 lr=2.406e-04 grad_norm=12.199 samples/s=70.95
[step 15470/50000] loss=2.1874 lr=2.406e-04 grad_norm=20.609 samples/s=70.95
[step 15480/50000] loss=2.7717 lr=2.405e-04 grad_norm=12.018 samples/s=70.93
[step 15490/50000] loss=2.7019 lr=2.404e-04 grad_norm=23.762 samples/s=70.93
[step 15500/50000] loss=2.3089 lr=2.403e-04 grad_norm=9.796 samples/s=70.92
[step 15510/50000] loss=2.0769 lr=2.403e-04 grad_norm=10.896 samples/s=70.92
[step 15520/50000] loss=2.2577 lr=2.402e-04 grad_norm=13.667 samples/s=70.92
[step 15530/50000] loss=2.4310 lr=2.401e-04 grad_norm=14.206 samples/s=70.93
[step 15540/50000] loss=2.4878 lr=2.400e-04 grad_norm=9.347 samples/s=70.92
[step 15550/50000] loss=2.9626 lr=2.399e-04 grad_norm=7.699 samples/s=70.92
[step 15560/50000] loss=2.9816 lr=2.399e-04 grad_norm=26.432 samples/s=70.92
[step 15570/50000] loss=2.2267 lr=2.398e-04 grad_norm=7.922 samples/s=70.93
[step 15580/50000] loss=2.3193 lr=2.397e-04 grad_norm=7.884 samples/s=70.93
[step 15590/50000] loss=2.6717 lr=2.396e-04 grad_norm=27.084 samples/s=70.94
[step 15600/50000] loss=2.1032 lr=2.396e-04 grad_norm=14.364 samples/s=70.94
[step 15610/50000] loss=2.8665 lr=2.395e-04 grad_norm=15.107 samples/s=70.94
[step 15620/50000] loss=2.7052 lr=2.394e-04 grad_norm=9.781 samples/s=70.94
[step 15630/50000] loss=3.5581 lr=2.393e-04 grad_norm=14.812 samples/s=70.94
[step 15640/50000] loss=2.4027 lr=2.393e-04 grad_norm=16.649 samples/s=70.94
[step 15650/50000] loss=3.0765 lr=2.392e-04 grad_norm=22.917 samples/s=70.94
[step 15660/50000] loss=2.0021 lr=2.391e-04 grad_norm=6.372 samples/s=70.94
[step 15670/50000] loss=2.6145 lr=2.390e-04 grad_norm=11.683 samples/s=70.94
[step 15680/50000] loss=2.4338 lr=2.389e-04 grad_norm=13.926 samples/s=70.95
[step 15690/50000] loss=2.5392 lr=2.389e-04 grad_norm=9.772 samples/s=70.94
[step 15700/50000] loss=2.1937 lr=2.388e-04 grad_norm=7.544 samples/s=70.94
[step 15710/50000] loss=1.9208 lr=2.387e-04 grad_norm=6.990 samples/s=70.94
[step 15720/50000] loss=2.1751 lr=2.386e-04 grad_norm=9.896 samples/s=70.94
[step 15730/50000] loss=2.3206 lr=2.386e-04 grad_norm=5.014 samples/s=70.93
[step 15740/50000] loss=2.3499 lr=2.385e-04 grad_norm=6.986 samples/s=70.94
[step 15750/50000] loss=2.1491 lr=2.384e-04 grad_norm=14.436 samples/s=70.93
[step 15760/50000] loss=2.7539 lr=2.383e-04 grad_norm=8.539 samples/s=70.93
[step 15770/50000] loss=2.5596 lr=2.383e-04 grad_norm=15.199 samples/s=70.93
[step 15780/50000] loss=2.4414 lr=2.382e-04 grad_norm=12.188 samples/s=70.94
[step 15790/50000] loss=2.4663 lr=2.381e-04 grad_norm=20.862 samples/s=70.93
[step 15800/50000] loss=2.9446 lr=2.380e-04 grad_norm=45.847 samples/s=70.93
[step 15810/50000] loss=2.7669 lr=2.379e-04 grad_norm=15.774 samples/s=70.94
[step 15820/50000] loss=2.1427 lr=2.379e-04 grad_norm=9.868 samples/s=70.95
[step 15830/50000] loss=2.5016 lr=2.378e-04 grad_norm=24.836 samples/s=70.94
[step 15840/50000] loss=2.5034 lr=2.377e-04 grad_norm=24.160 samples/s=70.95
[step 15850/50000] loss=2.7227 lr=2.376e-04 grad_norm=8.801 samples/s=70.95
[step 15860/50000] loss=2.7928 lr=2.376e-04 grad_norm=7.500 samples/s=70.95
[step 15870/50000] loss=2.9380 lr=2.375e-04 grad_norm=12.972 samples/s=70.93
[step 15880/50000] loss=2.6025 lr=2.374e-04 grad_norm=9.648 samples/s=70.94
[step 15890/50000] loss=2.1686 lr=2.373e-04 grad_norm=11.662 samples/s=70.94
[step 15900/50000] loss=1.9912 lr=2.372e-04 grad_norm=6.369 samples/s=70.95
[step 15910/50000] loss=2.1383 lr=2.372e-04 grad_norm=7.055 samples/s=70.94
[step 15920/50000] loss=2.0662 lr=2.371e-04 grad_norm=15.558 samples/s=70.95
[step 15930/50000] loss=2.9424 lr=2.370e-04 grad_norm=12.748 samples/s=70.94
[step 15940/50000] loss=2.4884 lr=2.369e-04 grad_norm=8.546 samples/s=70.95
[step 15950/50000] loss=2.1697 lr=2.369e-04 grad_norm=25.962 samples/s=70.95
[step 15960/50000] loss=2.1864 lr=2.368e-04 grad_norm=9.621 samples/s=70.95
[step 15970/50000] loss=2.5647 lr=2.367e-04 grad_norm=11.793 samples/s=70.94
[step 15980/50000] loss=2.6150 lr=2.366e-04 grad_norm=12.905 samples/s=70.95
[step 15990/50000] loss=2.5139 lr=2.365e-04 grad_norm=14.537 samples/s=70.93
[step 16000/50000] loss=2.4958 lr=2.365e-04 grad_norm=13.185 samples/s=70.94
[step 16010/50000] loss=2.2172 lr=2.364e-04 grad_norm=17.653 samples/s=70.94
[step 16020/50000] loss=2.4723 lr=2.363e-04 grad_norm=15.648 samples/s=70.95
[step 16030/50000] loss=2.4172 lr=2.362e-04 grad_norm=14.037 samples/s=70.95
[step 16040/50000] loss=2.1205 lr=2.362e-04 grad_norm=11.967 samples/s=70.95
[step 16050/50000] loss=2.5840 lr=2.361e-04 grad_norm=7.020 samples/s=70.95
[step 16060/50000] loss=2.2953 lr=2.360e-04 grad_norm=6.815 samples/s=70.96
[step 16070/50000] loss=2.1753 lr=2.359e-04 grad_norm=20.613 samples/s=70.94
[step 16080/50000] loss=2.3724 lr=2.358e-04 grad_norm=15.480 samples/s=70.95
[step 16090/50000] loss=2.0524 lr=2.358e-04 grad_norm=14.604 samples/s=70.95
[step 16100/50000] loss=2.1535 lr=2.357e-04 grad_norm=11.466 samples/s=70.96
[step 16110/50000] loss=2.3533 lr=2.356e-04 grad_norm=7.853 samples/s=70.96
[step 16120/50000] loss=2.4868 lr=2.355e-04 grad_norm=17.745 samples/s=70.96
[step 16130/50000] loss=2.1855 lr=2.354e-04 grad_norm=6.204 samples/s=70.95
[step 16140/50000] loss=3.4279 lr=2.354e-04 grad_norm=18.101 samples/s=70.96
[step 16150/50000] loss=2.8716 lr=2.353e-04 grad_norm=20.039 samples/s=70.95
[step 16160/50000] loss=1.7235 lr=2.352e-04 grad_norm=6.300 samples/s=70.96
[step 16170/50000] loss=2.6029 lr=2.351e-04 grad_norm=10.641 samples/s=70.95
[step 16180/50000] loss=2.6116 lr=2.351e-04 grad_norm=25.405 samples/s=70.96
[step 16190/50000] loss=2.8693 lr=2.350e-04 grad_norm=11.826 samples/s=70.96
[step 16200/50000] loss=2.4859 lr=2.349e-04 grad_norm=20.608 samples/s=70.96
[step 16210/50000] loss=2.4232 lr=2.348e-04 grad_norm=19.973 samples/s=70.96
[step 16220/50000] loss=2.2121 lr=2.347e-04 grad_norm=6.610 samples/s=70.97
[step 16230/50000] loss=2.3032 lr=2.347e-04 grad_norm=9.905 samples/s=70.97
[step 16240/50000] loss=2.4682 lr=2.346e-04 grad_norm=13.790 samples/s=70.98
[step 16250/50000] loss=3.1708 lr=2.345e-04 grad_norm=23.960 samples/s=70.97
[step 16260/50000] loss=2.4628 lr=2.344e-04 grad_norm=7.299 samples/s=70.98
[step 16270/50000] loss=2.3509 lr=2.343e-04 grad_norm=9.864 samples/s=70.98
[step 16280/50000] loss=2.2997 lr=2.343e-04 grad_norm=10.278 samples/s=70.98
[step 16290/50000] loss=2.1624 lr=2.342e-04 grad_norm=8.322 samples/s=70.96
[step 16300/50000] loss=2.4220 lr=2.341e-04 grad_norm=12.884 samples/s=70.97
[step 16310/50000] loss=2.9388 lr=2.340e-04 grad_norm=22.056 samples/s=70.97
[step 16320/50000] loss=2.5987 lr=2.340e-04 grad_norm=8.655 samples/s=70.98
[step 16330/50000] loss=2.2321 lr=2.339e-04 grad_norm=6.363 samples/s=70.98
[step 16340/50000] loss=2.7069 lr=2.338e-04 grad_norm=14.062 samples/s=70.98
[step 16350/50000] loss=1.9797 lr=2.337e-04 grad_norm=6.088 samples/s=70.98
[step 16360/50000] loss=2.1903 lr=2.336e-04 grad_norm=7.468 samples/s=70.98
[step 16370/50000] loss=2.3743 lr=2.336e-04 grad_norm=17.119 samples/s=70.98
[step 16380/50000] loss=2.4721 lr=2.335e-04 grad_norm=23.298 samples/s=70.98
[step 16390/50000] loss=2.0907 lr=2.334e-04 grad_norm=7.836 samples/s=70.98
[step 16400/50000] loss=2.6956 lr=2.333e-04 grad_norm=9.414 samples/s=70.98
[step 16410/50000] loss=2.7600 lr=2.332e-04 grad_norm=43.945 samples/s=70.98
[step 16420/50000] loss=2.7410 lr=2.332e-04 grad_norm=21.313 samples/s=70.99
[step 16430/50000] loss=2.9540 lr=2.331e-04 grad_norm=17.867 samples/s=70.99
[step 16440/50000] loss=2.9712 lr=2.330e-04 grad_norm=33.655 samples/s=70.99
[step 16450/50000] loss=3.3282 lr=2.329e-04 grad_norm=38.047 samples/s=70.98
[step 16460/50000] loss=2.3763 lr=2.328e-04 grad_norm=9.350 samples/s=71.00
[step 16470/50000] loss=2.6343 lr=2.328e-04 grad_norm=10.142 samples/s=70.99
[step 16480/50000] loss=2.5452 lr=2.327e-04 grad_norm=17.389 samples/s=71.00
[step 16490/50000] loss=2.3053 lr=2.326e-04 grad_norm=19.765 samples/s=71.00
[step 16500/50000] loss=2.0372 lr=2.325e-04 grad_norm=10.937 samples/s=71.01
[step 16510/50000] loss=2.4592 lr=2.324e-04 grad_norm=7.979 samples/s=71.01
[step 16520/50000] loss=3.5332 lr=2.324e-04 grad_norm=8.604 samples/s=71.01
[step 16530/50000] loss=2.5258 lr=2.323e-04 grad_norm=11.157 samples/s=71.01
[step 16540/50000] loss=1.9817 lr=2.322e-04 grad_norm=10.332 samples/s=71.02
[step 16550/50000] loss=2.0358 lr=2.321e-04 grad_norm=9.520 samples/s=71.01
[step 16560/50000] loss=2.2928 lr=2.320e-04 grad_norm=13.224 samples/s=71.01
[step 16570/50000] loss=2.7060 lr=2.320e-04 grad_norm=12.990 samples/s=71.01
[step 16580/50000] loss=3.0447 lr=2.319e-04 grad_norm=19.100 samples/s=71.01
[step 16590/50000] loss=2.5643 lr=2.318e-04 grad_norm=40.575 samples/s=71.02
[step 16600/50000] loss=2.0572 lr=2.317e-04 grad_norm=9.630 samples/s=71.02
[step 16610/50000] loss=2.6225 lr=2.316e-04 grad_norm=15.751 samples/s=71.02
[step 16620/50000] loss=2.2394 lr=2.316e-04 grad_norm=10.884 samples/s=71.03
[step 16630/50000] loss=2.0808 lr=2.315e-04 grad_norm=9.823 samples/s=71.03
[step 16640/50000] loss=2.7313 lr=2.314e-04 grad_norm=8.084 samples/s=71.02
[step 16650/50000] loss=2.7744 lr=2.313e-04 grad_norm=21.136 samples/s=71.02
[step 16660/50000] loss=2.7912 lr=2.312e-04 grad_norm=12.880 samples/s=71.01
[step 16670/50000] loss=2.1697 lr=2.312e-04 grad_norm=9.991 samples/s=71.02
[step 16680/50000] loss=2.3407 lr=2.311e-04 grad_norm=11.671 samples/s=71.02
[step 16690/50000] loss=2.1898 lr=2.310e-04 grad_norm=10.265 samples/s=71.03
[step 16700/50000] loss=2.6778 lr=2.309e-04 grad_norm=21.453 samples/s=71.03
[step 16710/50000] loss=2.4090 lr=2.308e-04 grad_norm=7.280 samples/s=71.04
[step 16720/50000] loss=2.6483 lr=2.308e-04 grad_norm=25.507 samples/s=71.03
[step 16730/50000] loss=1.9481 lr=2.307e-04 grad_norm=7.948 samples/s=71.04
[step 16740/50000] loss=2.5020 lr=2.306e-04 grad_norm=7.054 samples/s=71.03
[step 16750/50000] loss=2.7133 lr=2.305e-04 grad_norm=9.635 samples/s=71.04
[step 16760/50000] loss=3.1534 lr=2.304e-04 grad_norm=22.879 samples/s=71.04
[step 16770/50000] loss=2.3078 lr=2.304e-04 grad_norm=8.443 samples/s=71.05
[step 16780/50000] loss=2.4107 lr=2.303e-04 grad_norm=5.750 samples/s=71.04
[step 16790/50000] loss=2.2400 lr=2.302e-04 grad_norm=7.898 samples/s=71.05
[step 16800/50000] loss=2.8721 lr=2.301e-04 grad_norm=8.094 samples/s=71.04
[step 16810/50000] loss=2.4259 lr=2.300e-04 grad_norm=10.484 samples/s=71.05
[step 16820/50000] loss=2.3416 lr=2.299e-04 grad_norm=15.205 samples/s=71.05
[step 16830/50000] loss=2.3257 lr=2.299e-04 grad_norm=7.744 samples/s=71.06
[step 16840/50000] loss=2.8114 lr=2.298e-04 grad_norm=23.624 samples/s=71.06
[step 16850/50000] loss=2.5617 lr=2.297e-04 grad_norm=19.386 samples/s=71.06
[step 16860/50000] loss=2.7912 lr=2.296e-04 grad_norm=18.608 samples/s=71.07
[step 16870/50000] loss=2.2044 lr=2.295e-04 grad_norm=8.852 samples/s=71.07
[step 16880/50000] loss=2.4629 lr=2.295e-04 grad_norm=11.056 samples/s=71.07
[step 16890/50000] loss=3.0539 lr=2.294e-04 grad_norm=14.798 samples/s=71.07
[step 16900/50000] loss=2.2777 lr=2.293e-04 grad_norm=5.705 samples/s=71.07
[step 16910/50000] loss=2.1973 lr=2.292e-04 grad_norm=10.063 samples/s=71.07
[step 16920/50000] loss=2.1015 lr=2.291e-04 grad_norm=10.806 samples/s=71.07
[step 16930/50000] loss=2.6812 lr=2.291e-04 grad_norm=19.367 samples/s=71.07
[step 16940/50000] loss=3.3693 lr=2.290e-04 grad_norm=25.893 samples/s=71.07
[step 16950/50000] loss=3.5556 lr=2.289e-04 grad_norm=14.582 samples/s=71.06
[step 16960/50000] loss=2.4388 lr=2.288e-04 grad_norm=8.352 samples/s=71.07
[step 16970/50000] loss=2.0025 lr=2.287e-04 grad_norm=6.765 samples/s=71.07
[step 16980/50000] loss=2.3596 lr=2.287e-04 grad_norm=26.663 samples/s=71.08
[step 16990/50000] loss=2.2622 lr=2.286e-04 grad_norm=10.379 samples/s=71.07
[step 17000/50000] loss=2.7059 lr=2.285e-04 grad_norm=13.716 samples/s=71.08
[step 17010/50000] loss=2.5920 lr=2.284e-04 grad_norm=18.930 samples/s=71.08
[step 17020/50000] loss=2.3258 lr=2.283e-04 grad_norm=18.244 samples/s=71.08
[step 17030/50000] loss=3.1190 lr=2.282e-04 grad_norm=9.205 samples/s=71.08
[step 17040/50000] loss=2.8252 lr=2.282e-04 grad_norm=38.091 samples/s=71.08
[step 17050/50000] loss=2.5589 lr=2.281e-04 grad_norm=9.749 samples/s=71.09
[step 17060/50000] loss=2.3785 lr=2.280e-04 grad_norm=9.154 samples/s=71.08
[step 17070/50000] loss=3.3283 lr=2.279e-04 grad_norm=18.071 samples/s=71.08
[step 17080/50000] loss=2.0031 lr=2.278e-04 grad_norm=11.835 samples/s=71.08
[step 17090/50000] loss=2.1191 lr=2.278e-04 grad_norm=8.813 samples/s=71.09
[step 17100/50000] loss=2.1885 lr=2.277e-04 grad_norm=7.869 samples/s=71.09
[step 17110/50000] loss=1.9449 lr=2.276e-04 grad_norm=10.105 samples/s=71.10
[step 17120/50000] loss=2.5177 lr=2.275e-04 grad_norm=18.570 samples/s=71.10
[step 17130/50000] loss=2.9243 lr=2.274e-04 grad_norm=16.796 samples/s=71.10
[step 17140/50000] loss=2.7008 lr=2.273e-04 grad_norm=13.136 samples/s=71.10
[step 17150/50000] loss=2.9055 lr=2.273e-04 grad_norm=8.347 samples/s=71.10
[step 17160/50000] loss=2.9526 lr=2.272e-04 grad_norm=14.052 samples/s=71.10
[step 17170/50000] loss=2.1163 lr=2.271e-04 grad_norm=10.869 samples/s=71.10
[step 17180/50000] loss=2.5380 lr=2.270e-04 grad_norm=14.883 samples/s=71.10
[step 17190/50000] loss=2.0703 lr=2.269e-04 grad_norm=12.772 samples/s=71.10
[step 17200/50000] loss=2.2756 lr=2.269e-04 grad_norm=9.014 samples/s=71.11
[step 17210/50000] loss=2.5105 lr=2.268e-04 grad_norm=13.366 samples/s=71.10
[step 17220/50000] loss=2.6092 lr=2.267e-04 grad_norm=12.804 samples/s=71.10
[step 17230/50000] loss=2.3224 lr=2.266e-04 grad_norm=9.376 samples/s=71.10
[step 17240/50000] loss=2.4029 lr=2.265e-04 grad_norm=6.922 samples/s=71.10
[step 17250/50000] loss=2.7688 lr=2.264e-04 grad_norm=32.359 samples/s=71.10
[step 17260/50000] loss=2.3807 lr=2.264e-04 grad_norm=25.375 samples/s=71.10
[step 17270/50000] loss=2.2378 lr=2.263e-04 grad_norm=15.070 samples/s=71.10
[step 17280/50000] loss=2.7392 lr=2.262e-04 grad_norm=20.959 samples/s=71.11
[step 17290/50000] loss=3.1728 lr=2.261e-04 grad_norm=22.319 samples/s=71.10
[step 17300/50000] loss=2.4913 lr=2.260e-04 grad_norm=17.456 samples/s=71.11
[step 17310/50000] loss=1.9801 lr=2.260e-04 grad_norm=13.805 samples/s=71.10
[step 17320/50000] loss=2.1211 lr=2.259e-04 grad_norm=7.272 samples/s=71.12
[step 17330/50000] loss=2.1948 lr=2.258e-04 grad_norm=10.900 samples/s=71.11
[step 17340/50000] loss=2.9040 lr=2.257e-04 grad_norm=10.556 samples/s=71.12
[step 17350/50000] loss=2.0950 lr=2.256e-04 grad_norm=4.309 samples/s=71.12
[step 17360/50000] loss=2.2039 lr=2.255e-04 grad_norm=6.666 samples/s=71.12
[step 17370/50000] loss=2.8737 lr=2.255e-04 grad_norm=23.001 samples/s=71.12
[step 17380/50000] loss=2.7272 lr=2.254e-04 grad_norm=10.759 samples/s=71.13
[step 17390/50000] loss=3.3424 lr=2.253e-04 grad_norm=27.897 samples/s=71.14
[step 17400/50000] loss=3.4715 lr=2.252e-04 grad_norm=58.739 samples/s=71.13
[step 17410/50000] loss=2.5455 lr=2.251e-04 grad_norm=20.725 samples/s=71.13
[step 17420/50000] loss=2.2147 lr=2.250e-04 grad_norm=17.236 samples/s=71.13
[step 17430/50000] loss=2.5769 lr=2.250e-04 grad_norm=15.077 samples/s=71.14
[step 17440/50000] loss=2.6482 lr=2.249e-04 grad_norm=12.115 samples/s=71.14
[step 17450/50000] loss=2.2876 lr=2.248e-04 grad_norm=11.193 samples/s=71.14
[step 17460/50000] loss=2.4857 lr=2.247e-04 grad_norm=9.647 samples/s=71.14
[step 17470/50000] loss=2.8093 lr=2.246e-04 grad_norm=10.285 samples/s=71.15
[step 17480/50000] loss=2.8345 lr=2.245e-04 grad_norm=10.110 samples/s=71.14
[step 17490/50000] loss=2.3659 lr=2.245e-04 grad_norm=10.831 samples/s=71.14
[step 17500/50000] loss=2.6248 lr=2.244e-04 grad_norm=8.943 samples/s=71.14
[val step 17500] loss=2.3563548307418825 m01={'mean': 0.4133266898060916, 'median': 0.41014828027028194, 'p95': 0.697038110928233, 'tail_frac_gt4px': 0.00012142799320003238, 'n_matched': 24706} m02={'12-16': 0.8931451612903226, '16-32': 0.9431162407254741, '32-64': 0.9543760442102558, '64-128': 0.9573378839590444} m04={'accuracy': 0.2592082894843358, 'by_octave': {'12-16': 0.24830699774266365, '16-32': 0.257992007992008, '32-64': 0.26286022084567734, '64-128': 0.2618700372711068}} diag={'gate3_alpha_mean': 0.37344202399253845, 'gate3_alpha_min': 0.006127357482910156, 'gate3_alpha_max': 0.9853515625, 'gate3_alpha_std': 0.2268581986427307, 'gate3_alpha_p10': 0.10926742851734161, 'gate3_alpha_p50': 0.33447265625, 'gate3_alpha_p90': 0.74530029296875, 'block0_attn_entropy': 7.036595344543457, 'block1_attn_entropy': 7.221787452697754}
[step 17510/50000] loss=2.7543 lr=2.243e-04 grad_norm=12.980 samples/s=71.16
[step 17520/50000] loss=2.8175 lr=2.242e-04 grad_norm=7.954 samples/s=71.19
[step 17530/50000] loss=3.0441 lr=2.241e-04 grad_norm=14.140 samples/s=71.19
[step 17540/50000] loss=2.1182 lr=2.240e-04 grad_norm=10.635 samples/s=71.19
[step 17550/50000] loss=2.2956 lr=2.240e-04 grad_norm=24.015 samples/s=71.19
[step 17560/50000] loss=2.2524 lr=2.239e-04 grad_norm=7.531 samples/s=71.19
[step 17570/50000] loss=3.2408 lr=2.238e-04 grad_norm=30.810 samples/s=71.18
[step 17580/50000] loss=2.5579 lr=2.237e-04 grad_norm=34.476 samples/s=71.18
[step 17590/50000] loss=2.1349 lr=2.236e-04 grad_norm=13.851 samples/s=71.19
[step 17600/50000] loss=3.0921 lr=2.235e-04 grad_norm=10.621 samples/s=71.18
[step 17610/50000] loss=2.4973 lr=2.235e-04 grad_norm=5.985 samples/s=71.19
[step 17620/50000] loss=2.5415 lr=2.234e-04 grad_norm=30.744 samples/s=71.18
[step 17630/50000] loss=2.8344 lr=2.233e-04 grad_norm=11.091 samples/s=71.18
[step 17640/50000] loss=2.6636 lr=2.232e-04 grad_norm=8.600 samples/s=71.18
[step 17650/50000] loss=2.9291 lr=2.231e-04 grad_norm=8.200 samples/s=71.18
[step 17660/50000] loss=2.3019 lr=2.230e-04 grad_norm=6.839 samples/s=71.17
[step 17670/50000] loss=2.6489 lr=2.230e-04 grad_norm=10.696 samples/s=71.18
[step 17680/50000] loss=2.1026 lr=2.229e-04 grad_norm=11.110 samples/s=71.17
[step 17690/50000] loss=3.1568 lr=2.228e-04 grad_norm=50.801 samples/s=71.18
[step 17700/50000] loss=2.4983 lr=2.227e-04 grad_norm=7.110 samples/s=71.17
[step 17710/50000] loss=2.2131 lr=2.226e-04 grad_norm=9.007 samples/s=71.18
[step 17720/50000] loss=2.5240 lr=2.225e-04 grad_norm=12.937 samples/s=71.17
[step 17730/50000] loss=2.0590 lr=2.225e-04 grad_norm=19.173 samples/s=71.18
[step 17740/50000] loss=2.6567 lr=2.224e-04 grad_norm=9.420 samples/s=71.19
[step 17750/50000] loss=2.7249 lr=2.223e-04 grad_norm=8.334 samples/s=71.19
[step 17760/50000] loss=2.3547 lr=2.222e-04 grad_norm=7.784 samples/s=71.18
[step 17770/50000] loss=1.9394 lr=2.221e-04 grad_norm=5.913 samples/s=71.19
[step 17780/50000] loss=2.3600 lr=2.220e-04 grad_norm=15.252 samples/s=71.19
[step 17790/50000] loss=2.2407 lr=2.220e-04 grad_norm=16.172 samples/s=71.20
[step 17800/50000] loss=2.2856 lr=2.219e-04 grad_norm=8.591 samples/s=71.19
[step 17810/50000] loss=2.6168 lr=2.218e-04 grad_norm=7.502 samples/s=71.20
[step 17820/50000] loss=2.3681 lr=2.217e-04 grad_norm=9.342 samples/s=71.20
[step 17830/50000] loss=2.4975 lr=2.216e-04 grad_norm=17.154 samples/s=71.21
[step 17840/50000] loss=2.3887 lr=2.215e-04 grad_norm=6.811 samples/s=71.20
[step 17850/50000] loss=2.3962 lr=2.215e-04 grad_norm=15.994 samples/s=71.21
[step 17860/50000] loss=2.9321 lr=2.214e-04 grad_norm=18.817 samples/s=71.20
[step 17870/50000] loss=2.4653 lr=2.213e-04 grad_norm=15.481 samples/s=71.21
[step 17880/50000] loss=2.7261 lr=2.212e-04 grad_norm=8.761 samples/s=71.21
[step 17890/50000] loss=2.5362 lr=2.211e-04 grad_norm=8.779 samples/s=71.22
[step 17900/50000] loss=2.5459 lr=2.210e-04 grad_norm=6.857 samples/s=71.21
[step 17910/50000] loss=2.3979 lr=2.210e-04 grad_norm=9.744 samples/s=71.22
[step 17920/50000] loss=2.3053 lr=2.209e-04 grad_norm=14.003 samples/s=71.22
[step 17930/50000] loss=3.0100 lr=2.208e-04 grad_norm=15.187 samples/s=71.22
[step 17940/50000] loss=2.0501 lr=2.207e-04 grad_norm=6.586 samples/s=71.22
[step 17950/50000] loss=2.7950 lr=2.206e-04 grad_norm=9.404 samples/s=71.22
[step 17960/50000] loss=2.3632 lr=2.205e-04 grad_norm=12.216 samples/s=71.22
[step 17970/50000] loss=2.7718 lr=2.204e-04 grad_norm=12.918 samples/s=71.22
[step 17980/50000] loss=2.1642 lr=2.204e-04 grad_norm=10.034 samples/s=71.22
[step 17990/50000] loss=1.9864 lr=2.203e-04 grad_norm=9.705 samples/s=71.22
[step 18000/50000] loss=2.6091 lr=2.202e-04 grad_norm=10.937 samples/s=71.22
[step 18010/50000] loss=2.3193 lr=2.201e-04 grad_norm=7.504 samples/s=71.21
[step 18020/50000] loss=2.1452 lr=2.200e-04 grad_norm=6.150 samples/s=71.21
[step 18030/50000] loss=2.5630 lr=2.199e-04 grad_norm=17.230 samples/s=71.22
[step 18040/50000] loss=2.5944 lr=2.199e-04 grad_norm=7.489 samples/s=71.22
[step 18050/50000] loss=2.1189 lr=2.198e-04 grad_norm=19.866 samples/s=71.22
[step 18060/50000] loss=2.6405 lr=2.197e-04 grad_norm=13.400 samples/s=71.22
[step 18070/50000] loss=2.4953 lr=2.196e-04 grad_norm=11.146 samples/s=71.23
[step 18080/50000] loss=2.1449 lr=2.195e-04 grad_norm=14.652 samples/s=71.22
[step 18090/50000] loss=2.3818 lr=2.194e-04 grad_norm=16.800 samples/s=71.23
[step 18100/50000] loss=2.6010 lr=2.193e-04 grad_norm=11.993 samples/s=71.22
[step 18110/50000] loss=2.4483 lr=2.193e-04 grad_norm=16.693 samples/s=71.23
[step 18120/50000] loss=2.2746 lr=2.192e-04 grad_norm=7.834 samples/s=71.23
[step 18130/50000] loss=2.0448 lr=2.191e-04 grad_norm=6.696 samples/s=71.23
[step 18140/50000] loss=2.6735 lr=2.190e-04 grad_norm=8.955 samples/s=71.23
[step 18150/50000] loss=2.6868 lr=2.189e-04 grad_norm=11.580 samples/s=71.23
[step 18160/50000] loss=2.5144 lr=2.188e-04 grad_norm=8.392 samples/s=71.24
[step 18170/50000] loss=2.3217 lr=2.188e-04 grad_norm=27.102 samples/s=71.24
[step 18180/50000] loss=2.1508 lr=2.187e-04 grad_norm=10.849 samples/s=71.24
[step 18190/50000] loss=2.6862 lr=2.186e-04 grad_norm=6.461 samples/s=71.25
[step 18200/50000] loss=2.9092 lr=2.185e-04 grad_norm=36.545 samples/s=71.24
[step 18210/50000] loss=2.4171 lr=2.184e-04 grad_norm=13.037 samples/s=71.25
[step 18220/50000] loss=2.2734 lr=2.183e-04 grad_norm=17.680 samples/s=71.24
[step 18230/50000] loss=3.4684 lr=2.182e-04 grad_norm=12.675 samples/s=71.25
[step 18240/50000] loss=3.3925 lr=2.182e-04 grad_norm=21.743 samples/s=71.25
[step 18250/50000] loss=2.7200 lr=2.181e-04 grad_norm=8.431 samples/s=71.26
[step 18260/50000] loss=2.7394 lr=2.180e-04 grad_norm=19.082 samples/s=71.26
[step 18270/50000] loss=2.7039 lr=2.179e-04 grad_norm=21.965 samples/s=71.25
[step 18280/50000] loss=2.5700 lr=2.178e-04 grad_norm=23.002 samples/s=71.25
[step 18290/50000] loss=2.2763 lr=2.177e-04 grad_norm=8.321 samples/s=71.24
[step 18300/50000] loss=2.3444 lr=2.177e-04 grad_norm=8.804 samples/s=71.25
[step 18310/50000] loss=2.4664 lr=2.176e-04 grad_norm=11.216 samples/s=71.24
[step 18320/50000] loss=2.1495 lr=2.175e-04 grad_norm=20.105 samples/s=71.24
[step 18330/50000] loss=2.3239 lr=2.174e-04 grad_norm=8.533 samples/s=71.22
[step 18340/50000] loss=2.6706 lr=2.173e-04 grad_norm=6.954 samples/s=71.22
[step 18350/50000] loss=2.3458 lr=2.172e-04 grad_norm=9.392 samples/s=71.22
[step 18360/50000] loss=2.3891 lr=2.171e-04 grad_norm=8.196 samples/s=71.23
[step 18370/50000] loss=2.2005 lr=2.171e-04 grad_norm=7.958 samples/s=71.23
[step 18380/50000] loss=2.0948 lr=2.170e-04 grad_norm=12.157 samples/s=71.24
[step 18390/50000] loss=2.7520 lr=2.169e-04 grad_norm=18.110 samples/s=71.23
[step 18400/50000] loss=2.7903 lr=2.168e-04 grad_norm=12.698 samples/s=71.23
[step 18410/50000] loss=2.1279 lr=2.167e-04 grad_norm=9.991 samples/s=71.24
[step 18420/50000] loss=2.1798 lr=2.166e-04 grad_norm=7.318 samples/s=71.24
[step 18430/50000] loss=2.9525 lr=2.165e-04 grad_norm=18.434 samples/s=71.23
[step 18440/50000] loss=2.4766 lr=2.165e-04 grad_norm=18.676 samples/s=71.25
[step 18450/50000] loss=2.7481 lr=2.164e-04 grad_norm=8.260 samples/s=71.25
[step 18460/50000] loss=2.4540 lr=2.163e-04 grad_norm=11.551 samples/s=71.25
[step 18470/50000] loss=2.3199 lr=2.162e-04 grad_norm=10.209 samples/s=71.25
[step 18480/50000] loss=2.2855 lr=2.161e-04 grad_norm=9.081 samples/s=71.26
[step 18490/50000] loss=2.9533 lr=2.160e-04 grad_norm=7.947 samples/s=71.27
[step 18500/50000] loss=3.4473 lr=2.159e-04 grad_norm=14.970 samples/s=71.27
[step 18510/50000] loss=3.0772 lr=2.159e-04 grad_norm=14.530 samples/s=71.27
[step 18520/50000] loss=2.2899 lr=2.158e-04 grad_norm=11.859 samples/s=71.27
[step 18530/50000] loss=1.9206 lr=2.157e-04 grad_norm=8.292 samples/s=71.27
[step 18540/50000] loss=2.7575 lr=2.156e-04 grad_norm=37.699 samples/s=71.27
[step 18550/50000] loss=1.8831 lr=2.155e-04 grad_norm=8.231 samples/s=71.27
[step 18560/50000] loss=2.5415 lr=2.154e-04 grad_norm=29.816 samples/s=71.27
[step 18570/50000] loss=2.0271 lr=2.153e-04 grad_norm=11.734 samples/s=71.27
[step 18580/50000] loss=2.0676 lr=2.153e-04 grad_norm=12.540 samples/s=71.27
[step 18590/50000] loss=2.0835 lr=2.152e-04 grad_norm=8.766 samples/s=71.27
[step 18600/50000] loss=2.3009 lr=2.151e-04 grad_norm=15.534 samples/s=71.27
[step 18610/50000] loss=2.1125 lr=2.150e-04 grad_norm=14.742 samples/s=71.27
[step 18620/50000] loss=2.6965 lr=2.149e-04 grad_norm=7.548 samples/s=71.27
[step 18630/50000] loss=2.5507 lr=2.148e-04 grad_norm=7.890 samples/s=71.27
[step 18640/50000] loss=2.3397 lr=2.147e-04 grad_norm=7.368 samples/s=71.27
[step 18650/50000] loss=2.1640 lr=2.147e-04 grad_norm=7.216 samples/s=71.27
[step 18660/50000] loss=2.1797 lr=2.146e-04 grad_norm=14.221 samples/s=71.27
[step 18670/50000] loss=3.3595 lr=2.145e-04 grad_norm=55.361 samples/s=71.28
[step 18680/50000] loss=2.4418 lr=2.144e-04 grad_norm=8.624 samples/s=71.28
[step 18690/50000] loss=1.9188 lr=2.143e-04 grad_norm=6.750 samples/s=71.28
[step 18700/50000] loss=2.9563 lr=2.142e-04 grad_norm=11.273 samples/s=71.28
[step 18710/50000] loss=3.0849 lr=2.141e-04 grad_norm=9.603 samples/s=71.28
[step 18720/50000] loss=3.2131 lr=2.140e-04 grad_norm=38.989 samples/s=71.29
[step 18730/50000] loss=2.4053 lr=2.140e-04 grad_norm=12.880 samples/s=71.29
[step 18740/50000] loss=3.2034 lr=2.139e-04 grad_norm=30.005 samples/s=71.29
[step 18750/50000] loss=2.0094 lr=2.138e-04 grad_norm=5.122 samples/s=71.29
[step 18760/50000] loss=2.1351 lr=2.137e-04 grad_norm=8.972 samples/s=71.29
[step 18770/50000] loss=2.4435 lr=2.136e-04 grad_norm=14.481 samples/s=71.29
[step 18780/50000] loss=2.7938 lr=2.135e-04 grad_norm=9.235 samples/s=71.28
[step 18790/50000] loss=2.8976 lr=2.134e-04 grad_norm=16.319 samples/s=71.29
[step 18800/50000] loss=2.9950 lr=2.134e-04 grad_norm=15.914 samples/s=71.28
[step 18810/50000] loss=2.3220 lr=2.133e-04 grad_norm=8.258 samples/s=71.29
[step 18820/50000] loss=2.5759 lr=2.132e-04 grad_norm=11.255 samples/s=71.29
[step 18830/50000] loss=3.2035 lr=2.131e-04 grad_norm=22.971 samples/s=71.29
[step 18840/50000] loss=2.4471 lr=2.130e-04 grad_norm=9.894 samples/s=71.29
[step 18850/50000] loss=2.8392 lr=2.129e-04 grad_norm=29.586 samples/s=71.28
[step 18860/50000] loss=2.5100 lr=2.128e-04 grad_norm=8.115 samples/s=71.28
[step 18870/50000] loss=3.0513 lr=2.127e-04 grad_norm=26.739 samples/s=71.29
[step 18880/50000] loss=1.9731 lr=2.127e-04 grad_norm=12.301 samples/s=71.28
[step 18890/50000] loss=2.3732 lr=2.126e-04 grad_norm=8.290 samples/s=71.29
[step 18900/50000] loss=2.7446 lr=2.125e-04 grad_norm=18.089 samples/s=71.29
[step 18910/50000] loss=2.5207 lr=2.124e-04 grad_norm=17.149 samples/s=71.29
[step 18920/50000] loss=2.6391 lr=2.123e-04 grad_norm=20.699 samples/s=71.28
[step 18930/50000] loss=2.5411 lr=2.122e-04 grad_norm=15.135 samples/s=71.29
[step 18940/50000] loss=2.1368 lr=2.121e-04 grad_norm=11.642 samples/s=71.29
[step 18950/50000] loss=2.3964 lr=2.121e-04 grad_norm=8.008 samples/s=71.29
[step 18960/50000] loss=2.1851 lr=2.120e-04 grad_norm=14.729 samples/s=71.29
[step 18970/50000] loss=2.0938 lr=2.119e-04 grad_norm=6.833 samples/s=71.30
[step 18980/50000] loss=2.3738 lr=2.118e-04 grad_norm=12.248 samples/s=71.29
[step 18990/50000] loss=2.1870 lr=2.117e-04 grad_norm=5.176 samples/s=71.29
[step 19000/50000] loss=2.4564 lr=2.116e-04 grad_norm=12.199 samples/s=71.29
[step 19010/50000] loss=1.9726 lr=2.115e-04 grad_norm=4.541 samples/s=71.29
[step 19020/50000] loss=2.8621 lr=2.114e-04 grad_norm=39.018 samples/s=71.29
[step 19030/50000] loss=2.4388 lr=2.114e-04 grad_norm=27.246 samples/s=71.30
[step 19040/50000] loss=2.4354 lr=2.113e-04 grad_norm=21.424 samples/s=71.30
[step 19050/50000] loss=3.3492 lr=2.112e-04 grad_norm=11.879 samples/s=71.31
[step 19060/50000] loss=2.0973 lr=2.111e-04 grad_norm=9.836 samples/s=71.30
[step 19070/50000] loss=2.2010 lr=2.110e-04 grad_norm=14.990 samples/s=71.31
[step 19080/50000] loss=2.6886 lr=2.109e-04 grad_norm=46.559 samples/s=71.31
[step 19090/50000] loss=2.8930 lr=2.108e-04 grad_norm=8.682 samples/s=71.31
[step 19100/50000] loss=2.5061 lr=2.107e-04 grad_norm=9.150 samples/s=71.30
[step 19110/50000] loss=2.7241 lr=2.107e-04 grad_norm=15.567 samples/s=71.31
[step 19120/50000] loss=2.0684 lr=2.106e-04 grad_norm=6.133 samples/s=71.30
[step 19130/50000] loss=2.6112 lr=2.105e-04 grad_norm=23.156 samples/s=71.31
[step 19140/50000] loss=1.8540 lr=2.104e-04 grad_norm=7.587 samples/s=71.31
[step 19150/50000] loss=2.0332 lr=2.103e-04 grad_norm=14.948 samples/s=71.31
[step 19160/50000] loss=2.5568 lr=2.102e-04 grad_norm=10.472 samples/s=71.31
[step 19170/50000] loss=3.0397 lr=2.101e-04 grad_norm=16.104 samples/s=71.32
[step 19180/50000] loss=2.1929 lr=2.100e-04 grad_norm=15.371 samples/s=71.32
[step 19190/50000] loss=2.8877 lr=2.100e-04 grad_norm=122.661 samples/s=71.33
[step 19200/50000] loss=2.5225 lr=2.099e-04 grad_norm=11.777 samples/s=71.32
[step 19210/50000] loss=2.9897 lr=2.098e-04 grad_norm=15.097 samples/s=71.32
[step 19220/50000] loss=2.3047 lr=2.097e-04 grad_norm=12.590 samples/s=71.32
[step 19230/50000] loss=2.2396 lr=2.096e-04 grad_norm=10.875 samples/s=71.32
[step 19240/50000] loss=2.7239 lr=2.095e-04 grad_norm=9.151 samples/s=71.31
[step 19250/50000] loss=2.0539 lr=2.094e-04 grad_norm=10.557 samples/s=71.31
[step 19260/50000] loss=2.4389 lr=2.093e-04 grad_norm=11.282 samples/s=71.31
[step 19270/50000] loss=2.2169 lr=2.093e-04 grad_norm=8.689 samples/s=71.32
[step 19280/50000] loss=3.2148 lr=2.092e-04 grad_norm=59.394 samples/s=71.31
[step 19290/50000] loss=2.3408 lr=2.091e-04 grad_norm=14.360 samples/s=71.32
[step 19300/50000] loss=3.0721 lr=2.090e-04 grad_norm=25.313 samples/s=71.31
[step 19310/50000] loss=2.8228 lr=2.089e-04 grad_norm=11.761 samples/s=71.32
[step 19320/50000] loss=1.9403 lr=2.088e-04 grad_norm=7.347 samples/s=71.32
[step 19330/50000] loss=2.2070 lr=2.087e-04 grad_norm=15.890 samples/s=71.32
[step 19340/50000] loss=2.8980 lr=2.086e-04 grad_norm=27.307 samples/s=71.31
[step 19350/50000] loss=2.0913 lr=2.086e-04 grad_norm=8.971 samples/s=71.32
[step 19360/50000] loss=2.7566 lr=2.085e-04 grad_norm=13.387 samples/s=71.32
[step 19370/50000] loss=2.3582 lr=2.084e-04 grad_norm=10.167 samples/s=71.33
[step 19380/50000] loss=2.0205 lr=2.083e-04 grad_norm=9.685 samples/s=71.32
[step 19390/50000] loss=2.3542 lr=2.082e-04 grad_norm=7.100 samples/s=71.31
[step 19400/50000] loss=2.4045 lr=2.081e-04 grad_norm=16.243 samples/s=71.31
[step 19410/50000] loss=2.1869 lr=2.080e-04 grad_norm=8.350 samples/s=71.32
[step 19420/50000] loss=2.8226 lr=2.079e-04 grad_norm=11.576 samples/s=71.32
[step 19430/50000] loss=2.6551 lr=2.079e-04 grad_norm=11.291 samples/s=71.33
[step 19440/50000] loss=1.9325 lr=2.078e-04 grad_norm=11.349 samples/s=71.32
[step 19450/50000] loss=2.5207 lr=2.077e-04 grad_norm=10.083 samples/s=71.32
[step 19460/50000] loss=2.4721 lr=2.076e-04 grad_norm=11.824 samples/s=71.32
[step 19470/50000] loss=2.9829 lr=2.075e-04 grad_norm=27.128 samples/s=71.33
[step 19480/50000] loss=2.0843 lr=2.074e-04 grad_norm=8.944 samples/s=71.32
[step 19490/50000] loss=3.6500 lr=2.073e-04 grad_norm=24.424 samples/s=71.33
[step 19500/50000] loss=1.9556 lr=2.072e-04 grad_norm=12.098 samples/s=71.32
[step 19510/50000] loss=2.3771 lr=2.071e-04 grad_norm=45.559 samples/s=71.33
[step 19520/50000] loss=2.1917 lr=2.071e-04 grad_norm=7.820 samples/s=71.33
[step 19530/50000] loss=2.5353 lr=2.070e-04 grad_norm=14.312 samples/s=71.34
[step 19540/50000] loss=2.6168 lr=2.069e-04 grad_norm=18.003 samples/s=71.34
[step 19550/50000] loss=3.0114 lr=2.068e-04 grad_norm=17.272 samples/s=71.34
[step 19560/50000] loss=3.0337 lr=2.067e-04 grad_norm=6.986 samples/s=71.33
[step 19570/50000] loss=2.6365 lr=2.066e-04 grad_norm=20.996 samples/s=71.34
[step 19580/50000] loss=2.1926 lr=2.065e-04 grad_norm=7.728 samples/s=71.34
[step 19590/50000] loss=2.7024 lr=2.064e-04 grad_norm=25.193 samples/s=71.34
[step 19600/50000] loss=2.2356 lr=2.064e-04 grad_norm=13.708 samples/s=71.34
[step 19610/50000] loss=2.6647 lr=2.063e-04 grad_norm=19.459 samples/s=71.35
[step 19620/50000] loss=2.8411 lr=2.062e-04 grad_norm=19.783 samples/s=71.34
[step 19630/50000] loss=2.1493 lr=2.061e-04 grad_norm=7.455 samples/s=71.35
[step 19640/50000] loss=2.1588 lr=2.060e-04 grad_norm=15.668 samples/s=71.34
[step 19650/50000] loss=1.9149 lr=2.059e-04 grad_norm=9.138 samples/s=71.34
[step 19660/50000] loss=2.7766 lr=2.058e-04 grad_norm=9.862 samples/s=71.34
[step 19670/50000] loss=1.9996 lr=2.057e-04 grad_norm=10.712 samples/s=71.34
[step 19680/50000] loss=2.3983 lr=2.056e-04 grad_norm=8.595 samples/s=71.33
[step 19690/50000] loss=2.6921 lr=2.056e-04 grad_norm=8.455 samples/s=71.34
[step 19700/50000] loss=3.5303 lr=2.055e-04 grad_norm=23.922 samples/s=71.34
[step 19710/50000] loss=2.1931 lr=2.054e-04 grad_norm=11.416 samples/s=71.34
[step 19720/50000] loss=2.0141 lr=2.053e-04 grad_norm=8.589 samples/s=71.33
[step 19730/50000] loss=2.2363 lr=2.052e-04 grad_norm=8.645 samples/s=71.34
[step 19740/50000] loss=2.0622 lr=2.051e-04 grad_norm=8.342 samples/s=71.34
[step 19750/50000] loss=2.5826 lr=2.050e-04 grad_norm=16.947 samples/s=71.34
[step 19760/50000] loss=2.1303 lr=2.049e-04 grad_norm=10.143 samples/s=71.34
[step 19770/50000] loss=1.9682 lr=2.048e-04 grad_norm=11.095 samples/s=71.35
[step 19780/50000] loss=3.0574 lr=2.048e-04 grad_norm=26.696 samples/s=71.34
[step 19790/50000] loss=2.5921 lr=2.047e-04 grad_norm=9.747 samples/s=71.34
[step 19800/50000] loss=2.1901 lr=2.046e-04 grad_norm=6.447 samples/s=71.34
[step 19810/50000] loss=2.1022 lr=2.045e-04 grad_norm=17.940 samples/s=71.34
[step 19820/50000] loss=3.7279 lr=2.044e-04 grad_norm=10.866 samples/s=71.34
[step 19830/50000] loss=2.1732 lr=2.043e-04 grad_norm=9.497 samples/s=71.34
[step 19840/50000] loss=2.7736 lr=2.042e-04 grad_norm=8.196 samples/s=71.34
[step 19850/50000] loss=2.1930 lr=2.041e-04 grad_norm=11.781 samples/s=71.34
[step 19860/50000] loss=2.1014 lr=2.040e-04 grad_norm=8.272 samples/s=71.34
[step 19870/50000] loss=2.8261 lr=2.040e-04 grad_norm=11.830 samples/s=71.34
[step 19880/50000] loss=2.2347 lr=2.039e-04 grad_norm=14.891 samples/s=71.34
[step 19890/50000] loss=2.7903 lr=2.038e-04 grad_norm=14.528 samples/s=71.34
[step 19900/50000] loss=2.5885 lr=2.037e-04 grad_norm=8.616 samples/s=71.33
[step 19910/50000] loss=2.1583 lr=2.036e-04 grad_norm=10.392 samples/s=71.34
[step 19920/50000] loss=2.4579 lr=2.035e-04 grad_norm=10.557 samples/s=71.34
[step 19930/50000] loss=2.1545 lr=2.034e-04 grad_norm=9.353 samples/s=71.34
[step 19940/50000] loss=2.9159 lr=2.033e-04 grad_norm=12.842 samples/s=71.34
[step 19950/50000] loss=2.2212 lr=2.032e-04 grad_norm=7.600 samples/s=71.35
[step 19960/50000] loss=2.0639 lr=2.032e-04 grad_norm=11.840 samples/s=71.35
[step 19970/50000] loss=2.4135 lr=2.031e-04 grad_norm=18.774 samples/s=71.36
[step 19980/50000] loss=2.0869 lr=2.030e-04 grad_norm=7.401 samples/s=71.35
[step 19990/50000] loss=2.1174 lr=2.029e-04 grad_norm=6.000 samples/s=71.36
[step 20000/50000] loss=2.3057 lr=2.028e-04 grad_norm=12.964 samples/s=71.35
[val step 20000] loss=2.3324741115570067 m01={'mean': 0.41366202585051415, 'median': 0.40992599994782664, 'p95': 0.6979008327950528, 'tail_frac_gt4px': 8.08505477624611e-05, 'n_matched': 24737} m02={'12-16': 0.8940092165898618, '16-32': 0.9440584147921328, '32-64': 0.9563038169901041, '64-128': 0.9581135587961527} m04={'accuracy': 0.25520475401220843, 'by_octave': {'12-16': 0.24935567010309279, '16-32': 0.2551147704590818, '32-64': 0.2639430184115038, '64-128': 0.24773316062176165}} diag={'gate3_alpha_mean': 0.3601987957954407, 'gate3_alpha_min': 0.0063343048095703125, 'gate3_alpha_max': 0.98193359375, 'gate3_alpha_std': 0.23095853626728058, 'gate3_alpha_p10': 0.0946044921875, 'gate3_alpha_p50': 0.3189697265625, 'gate3_alpha_p90': 0.73870849609375, 'block0_attn_entropy': 6.976383686065674, 'block1_attn_entropy': 7.383172988891602}
[step 20010/50000] loss=2.2063 lr=2.027e-04 grad_norm=10.007 samples/s=71.37
[step 20020/50000] loss=2.4445 lr=2.026e-04 grad_norm=11.221 samples/s=71.39
[step 20030/50000] loss=2.3366 lr=2.025e-04 grad_norm=8.365 samples/s=71.39
[step 20040/50000] loss=2.1164 lr=2.024e-04 grad_norm=8.007 samples/s=71.39
[step 20050/50000] loss=2.5269 lr=2.023e-04 grad_norm=24.595 samples/s=71.38
[step 20060/50000] loss=2.4267 lr=2.023e-04 grad_norm=13.068 samples/s=71.38
[step 20070/50000] loss=2.2734 lr=2.022e-04 grad_norm=19.296 samples/s=71.38
[step 20080/50000] loss=1.8186 lr=2.021e-04 grad_norm=7.830 samples/s=71.39
[step 20090/50000] loss=2.3815 lr=2.020e-04 grad_norm=16.965 samples/s=71.39
[step 20100/50000] loss=2.5435 lr=2.019e-04 grad_norm=16.453 samples/s=71.39
[step 20110/50000] loss=2.8100 lr=2.018e-04 grad_norm=8.325 samples/s=71.39
[step 20120/50000] loss=2.8551 lr=2.017e-04 grad_norm=8.799 samples/s=71.39
[step 20130/50000] loss=2.7936 lr=2.016e-04 grad_norm=10.142 samples/s=71.39
[step 20140/50000] loss=2.2011 lr=2.015e-04 grad_norm=10.996 samples/s=71.39
[step 20150/50000] loss=2.5356 lr=2.015e-04 grad_norm=8.577 samples/s=71.39
[step 20160/50000] loss=2.6064 lr=2.014e-04 grad_norm=10.482 samples/s=71.40
[step 20170/50000] loss=2.1246 lr=2.013e-04 grad_norm=8.153 samples/s=71.40
[step 20180/50000] loss=2.9353 lr=2.012e-04 grad_norm=17.164 samples/s=71.40
[step 20190/50000] loss=1.9096 lr=2.011e-04 grad_norm=15.686 samples/s=71.39
[step 20200/50000] loss=2.1318 lr=2.010e-04 grad_norm=7.414 samples/s=71.40
[step 20210/50000] loss=2.2222 lr=2.009e-04 grad_norm=6.939 samples/s=71.39
[step 20220/50000] loss=2.0397 lr=2.008e-04 grad_norm=7.409 samples/s=71.39
[step 20230/50000] loss=2.7892 lr=2.007e-04 grad_norm=26.531 samples/s=71.39
[step 20240/50000] loss=3.1626 lr=2.006e-04 grad_norm=11.494 samples/s=71.40
[step 20250/50000] loss=2.4305 lr=2.006e-04 grad_norm=22.209 samples/s=71.39
[step 20260/50000] loss=2.8841 lr=2.005e-04 grad_norm=14.157 samples/s=71.40
[step 20270/50000] loss=2.9367 lr=2.004e-04 grad_norm=13.844 samples/s=71.41
[step 20280/50000] loss=2.6712 lr=2.003e-04 grad_norm=13.331 samples/s=71.41
[step 20290/50000] loss=2.2385 lr=2.002e-04 grad_norm=5.245 samples/s=71.41
[step 20300/50000] loss=2.9733 lr=2.001e-04 grad_norm=61.670 samples/s=71.41
[step 20310/50000] loss=1.9905 lr=2.000e-04 grad_norm=7.993 samples/s=71.41
[step 20320/50000] loss=2.6515 lr=1.999e-04 grad_norm=28.518 samples/s=71.41
[step 20330/50000] loss=2.3097 lr=1.998e-04 grad_norm=10.746 samples/s=71.41
[step 20340/50000] loss=2.4186 lr=1.997e-04 grad_norm=19.955 samples/s=71.41
[step 20350/50000] loss=2.8160 lr=1.997e-04 grad_norm=13.495 samples/s=71.41
[step 20360/50000] loss=2.3696 lr=1.996e-04 grad_norm=9.734 samples/s=71.41
[step 20370/50000] loss=2.1504 lr=1.995e-04 grad_norm=8.710 samples/s=71.41
[step 20380/50000] loss=2.3367 lr=1.994e-04 grad_norm=9.718 samples/s=71.41
[step 20390/50000] loss=2.3539 lr=1.993e-04 grad_norm=14.828 samples/s=71.41
[step 20400/50000] loss=1.9497 lr=1.992e-04 grad_norm=6.488 samples/s=71.42
[step 20410/50000] loss=2.1410 lr=1.991e-04 grad_norm=10.001 samples/s=71.42
[step 20420/50000] loss=2.6464 lr=1.990e-04 grad_norm=8.227 samples/s=71.43
[step 20430/50000] loss=2.0713 lr=1.989e-04 grad_norm=9.181 samples/s=71.42
[step 20440/50000] loss=2.1137 lr=1.988e-04 grad_norm=9.184 samples/s=71.42
[step 20450/50000] loss=2.7038 lr=1.988e-04 grad_norm=5.969 samples/s=71.42
[step 20460/50000] loss=2.4688 lr=1.987e-04 grad_norm=15.281 samples/s=71.42
[step 20470/50000] loss=2.0461 lr=1.986e-04 grad_norm=5.864 samples/s=71.42
[step 20480/50000] loss=3.0597 lr=1.985e-04 grad_norm=11.486 samples/s=71.42
[step 20490/50000] loss=2.6159 lr=1.984e-04 grad_norm=7.995 samples/s=71.42
[step 20500/50000] loss=3.1986 lr=1.983e-04 grad_norm=22.485 samples/s=71.42
[step 20510/50000] loss=2.4242 lr=1.982e-04 grad_norm=16.305 samples/s=71.43
[step 20520/50000] loss=2.5659 lr=1.981e-04 grad_norm=15.761 samples/s=71.42
[step 20530/50000] loss=2.5479 lr=1.980e-04 grad_norm=38.092 samples/s=71.43
[step 20540/50000] loss=2.5754 lr=1.979e-04 grad_norm=9.928 samples/s=71.43
[step 20550/50000] loss=2.4902 lr=1.979e-04 grad_norm=12.886 samples/s=71.43
[step 20560/50000] loss=2.6152 lr=1.978e-04 grad_norm=13.663 samples/s=71.43
[step 20570/50000] loss=2.9506 lr=1.977e-04 grad_norm=12.883 samples/s=71.43
[step 20580/50000] loss=2.2145 lr=1.976e-04 grad_norm=10.581 samples/s=71.43
[step 20590/50000] loss=2.1549 lr=1.975e-04 grad_norm=5.884 samples/s=71.44
[step 20600/50000] loss=2.1825 lr=1.974e-04 grad_norm=11.036 samples/s=71.43
[step 20610/50000] loss=2.5309 lr=1.973e-04 grad_norm=12.013 samples/s=71.44
[step 20620/50000] loss=2.5607 lr=1.972e-04 grad_norm=7.047 samples/s=71.43
[step 20630/50000] loss=2.6412 lr=1.971e-04 grad_norm=23.901 samples/s=71.44
[step 20640/50000] loss=2.5764 lr=1.970e-04 grad_norm=11.779 samples/s=71.43
[step 20650/50000] loss=2.3894 lr=1.969e-04 grad_norm=5.887 samples/s=71.44
[step 20660/50000] loss=2.7902 lr=1.969e-04 grad_norm=25.983 samples/s=71.44
[step 20670/50000] loss=2.2523 lr=1.968e-04 grad_norm=8.563 samples/s=71.45
[step 20680/50000] loss=2.2006 lr=1.967e-04 grad_norm=10.446 samples/s=71.45
[step 20690/50000] loss=1.9145 lr=1.966e-04 grad_norm=8.860 samples/s=71.45
[step 20700/50000] loss=2.6034 lr=1.965e-04 grad_norm=23.686 samples/s=71.45
[step 20710/50000] loss=2.5431 lr=1.964e-04 grad_norm=16.937 samples/s=71.45
[step 20720/50000] loss=2.1082 lr=1.963e-04 grad_norm=6.770 samples/s=71.45
[step 20730/50000] loss=3.0971 lr=1.962e-04 grad_norm=17.055 samples/s=71.45
[step 20740/50000] loss=4.3328 lr=1.961e-04 grad_norm=54.306 samples/s=71.46
[step 20750/50000] loss=2.2129 lr=1.960e-04 grad_norm=5.815 samples/s=71.46
[step 20760/50000] loss=2.2649 lr=1.959e-04 grad_norm=10.079 samples/s=71.47
[step 20770/50000] loss=2.7040 lr=1.959e-04 grad_norm=19.348 samples/s=71.47
[step 20780/50000] loss=2.5395 lr=1.958e-04 grad_norm=19.251 samples/s=71.46
[step 20790/50000] loss=2.4765 lr=1.957e-04 grad_norm=7.650 samples/s=71.47
[step 20800/50000] loss=2.2476 lr=1.956e-04 grad_norm=11.534 samples/s=71.46
[step 20810/50000] loss=2.6328 lr=1.955e-04 grad_norm=7.602 samples/s=71.47
[step 20820/50000] loss=2.5958 lr=1.954e-04 grad_norm=8.020 samples/s=71.46
[step 20830/50000] loss=2.2182 lr=1.953e-04 grad_norm=7.060 samples/s=71.47
[step 20840/50000] loss=3.0290 lr=1.952e-04 grad_norm=7.348 samples/s=71.47
[step 20850/50000] loss=2.7073 lr=1.951e-04 grad_norm=20.913 samples/s=71.47
[step 20860/50000] loss=1.9575 lr=1.950e-04 grad_norm=10.524 samples/s=71.47
[step 20870/50000] loss=2.1137 lr=1.949e-04 grad_norm=5.795 samples/s=71.46
[step 20880/50000] loss=2.0994 lr=1.949e-04 grad_norm=12.388 samples/s=71.47
[step 20890/50000] loss=2.1169 lr=1.948e-04 grad_norm=10.660 samples/s=71.46
[step 20900/50000] loss=2.3345 lr=1.947e-04 grad_norm=10.151 samples/s=71.47
[step 20910/50000] loss=2.5515 lr=1.946e-04 grad_norm=11.034 samples/s=71.46
[step 20920/50000] loss=2.4284 lr=1.945e-04 grad_norm=17.308 samples/s=71.47
[step 20930/50000] loss=2.2034 lr=1.944e-04 grad_norm=21.102 samples/s=71.46
[step 20940/50000] loss=2.1271 lr=1.943e-04 grad_norm=9.479 samples/s=71.47
[step 20950/50000] loss=2.5972 lr=1.942e-04 grad_norm=20.437 samples/s=71.47
[step 20960/50000] loss=2.2153 lr=1.941e-04 grad_norm=22.528 samples/s=71.47
[step 20970/50000] loss=2.1774 lr=1.940e-04 grad_norm=25.049 samples/s=71.47
[step 20980/50000] loss=2.5529 lr=1.939e-04 grad_norm=15.567 samples/s=71.47
[step 20990/50000] loss=2.4838 lr=1.939e-04 grad_norm=12.060 samples/s=71.47
[step 21000/50000] loss=3.0486 lr=1.938e-04 grad_norm=11.669 samples/s=71.48
[step 21010/50000] loss=2.9779 lr=1.937e-04 grad_norm=13.173 samples/s=71.48
[step 21020/50000] loss=2.6026 lr=1.936e-04 grad_norm=9.369 samples/s=71.48
[step 21030/50000] loss=2.8283 lr=1.935e-04 grad_norm=18.235 samples/s=71.49
[step 21040/50000] loss=2.4768 lr=1.934e-04 grad_norm=12.207 samples/s=71.48
[step 21050/50000] loss=2.2386 lr=1.933e-04 grad_norm=11.552 samples/s=71.49
[step 21060/50000] loss=2.3892 lr=1.932e-04 grad_norm=10.161 samples/s=71.48
[step 21070/50000] loss=2.4450 lr=1.931e-04 grad_norm=34.475 samples/s=71.49
[step 21080/50000] loss=2.4572 lr=1.930e-04 grad_norm=8.003 samples/s=71.48
[step 21090/50000] loss=2.3536 lr=1.929e-04 grad_norm=19.310 samples/s=71.49
[step 21100/50000] loss=2.2132 lr=1.928e-04 grad_norm=7.481 samples/s=71.47
[step 21110/50000] loss=2.5593 lr=1.928e-04 grad_norm=20.652 samples/s=71.48
[step 21120/50000] loss=1.9318 lr=1.927e-04 grad_norm=7.421 samples/s=71.48
[step 21130/50000] loss=2.5431 lr=1.926e-04 grad_norm=10.858 samples/s=71.48
[step 21140/50000] loss=2.2126 lr=1.925e-04 grad_norm=12.536 samples/s=71.48
[step 21150/50000] loss=2.0038 lr=1.924e-04 grad_norm=7.974 samples/s=71.48
[step 21160/50000] loss=2.3971 lr=1.923e-04 grad_norm=11.063 samples/s=71.48
[step 21170/50000] loss=2.5967 lr=1.922e-04 grad_norm=7.094 samples/s=71.49
[step 21180/50000] loss=2.1975 lr=1.921e-04 grad_norm=7.165 samples/s=71.48
[step 21190/50000] loss=2.1777 lr=1.920e-04 grad_norm=10.842 samples/s=71.48
[step 21200/50000] loss=2.7639 lr=1.919e-04 grad_norm=8.636 samples/s=71.48
[step 21210/50000] loss=2.6855 lr=1.918e-04 grad_norm=7.638 samples/s=71.49
[step 21220/50000] loss=2.4249 lr=1.917e-04 grad_norm=8.703 samples/s=71.49
[step 21230/50000] loss=3.0647 lr=1.917e-04 grad_norm=27.858 samples/s=71.49
[step 21240/50000] loss=1.9538 lr=1.916e-04 grad_norm=8.339 samples/s=71.49
[step 21250/50000] loss=2.8827 lr=1.915e-04 grad_norm=24.377 samples/s=71.49
[step 21260/50000] loss=2.5388 lr=1.914e-04 grad_norm=9.804 samples/s=71.49
[step 21270/50000] loss=2.4963 lr=1.913e-04 grad_norm=23.262 samples/s=71.49
[step 21280/50000] loss=2.5488 lr=1.912e-04 grad_norm=13.053 samples/s=71.49
[step 21290/50000] loss=3.5722 lr=1.911e-04 grad_norm=21.020 samples/s=71.49
[step 21300/50000] loss=2.9977 lr=1.910e-04 grad_norm=21.663 samples/s=71.50
[step 21310/50000] loss=2.0792 lr=1.909e-04 grad_norm=11.366 samples/s=71.50
[step 21320/50000] loss=2.8125 lr=1.908e-04 grad_norm=29.588 samples/s=71.49
[step 21330/50000] loss=3.0024 lr=1.907e-04 grad_norm=32.339 samples/s=71.50
[step 21340/50000] loss=2.4431 lr=1.906e-04 grad_norm=12.547 samples/s=71.49
[step 21350/50000] loss=2.4970 lr=1.906e-04 grad_norm=13.940 samples/s=71.49
[step 21360/50000] loss=2.5960 lr=1.905e-04 grad_norm=8.801 samples/s=71.49
[step 21370/50000] loss=1.8717 lr=1.904e-04 grad_norm=7.237 samples/s=71.50
[step 21380/50000] loss=2.6193 lr=1.903e-04 grad_norm=12.041 samples/s=71.50
[step 21390/50000] loss=2.3569 lr=1.902e-04 grad_norm=5.553 samples/s=71.50
[step 21400/50000] loss=2.0876 lr=1.901e-04 grad_norm=9.897 samples/s=71.49
[step 21410/50000] loss=2.4295 lr=1.900e-04 grad_norm=9.938 samples/s=71.50
[step 21420/50000] loss=2.2920 lr=1.899e-04 grad_norm=9.935 samples/s=71.49
[step 21430/50000] loss=2.5087 lr=1.898e-04 grad_norm=15.716 samples/s=71.49
[step 21440/50000] loss=2.6303 lr=1.897e-04 grad_norm=15.271 samples/s=71.48
[step 21450/50000] loss=2.9214 lr=1.896e-04 grad_norm=15.045 samples/s=71.49
[step 21460/50000] loss=2.2692 lr=1.895e-04 grad_norm=10.544 samples/s=71.49
[step 21470/50000] loss=2.4445 lr=1.895e-04 grad_norm=9.534 samples/s=71.49
[step 21480/50000] loss=2.9905 lr=1.894e-04 grad_norm=10.584 samples/s=71.49
[step 21490/50000] loss=2.4166 lr=1.893e-04 grad_norm=12.277 samples/s=71.49
[step 21500/50000] loss=2.0276 lr=1.892e-04 grad_norm=5.977 samples/s=71.48
[step 21510/50000] loss=2.5972 lr=1.891e-04 grad_norm=15.504 samples/s=71.49
[step 21520/50000] loss=2.4966 lr=1.890e-04 grad_norm=22.809 samples/s=71.49
[step 21530/50000] loss=3.0082 lr=1.889e-04 grad_norm=29.506 samples/s=71.49
[step 21540/50000] loss=2.1006 lr=1.888e-04 grad_norm=13.722 samples/s=71.49
[step 21550/50000] loss=2.4224 lr=1.887e-04 grad_norm=9.854 samples/s=71.50
[step 21560/50000] loss=2.5849 lr=1.886e-04 grad_norm=37.225 samples/s=71.50
[step 21570/50000] loss=2.1805 lr=1.885e-04 grad_norm=17.098 samples/s=71.50
[step 21580/50000] loss=2.4967 lr=1.884e-04 grad_norm=14.042 samples/s=71.50
[step 21590/50000] loss=2.0225 lr=1.883e-04 grad_norm=11.325 samples/s=71.51
[step 21600/50000] loss=2.5281 lr=1.883e-04 grad_norm=6.919 samples/s=71.51
[step 21610/50000] loss=2.5680 lr=1.882e-04 grad_norm=7.265 samples/s=71.51
[step 21620/50000] loss=2.3877 lr=1.881e-04 grad_norm=50.355 samples/s=71.51
[step 21630/50000] loss=2.4197 lr=1.880e-04 grad_norm=11.391 samples/s=71.51
[step 21640/50000] loss=3.0622 lr=1.879e-04 grad_norm=6.305 samples/s=71.51
[step 21650/50000] loss=2.2641 lr=1.878e-04 grad_norm=9.407 samples/s=71.52
[step 21660/50000] loss=2.3981 lr=1.877e-04 grad_norm=10.902 samples/s=71.51
[step 21670/50000] loss=2.5331 lr=1.876e-04 grad_norm=24.356 samples/s=71.52
[step 21680/50000] loss=2.8929 lr=1.875e-04 grad_norm=16.175 samples/s=71.52
[step 21690/50000] loss=2.5048 lr=1.874e-04 grad_norm=14.192 samples/s=71.52
[step 21700/50000] loss=2.0366 lr=1.873e-04 grad_norm=9.406 samples/s=71.52
[step 21710/50000] loss=2.6125 lr=1.872e-04 grad_norm=26.324 samples/s=71.52
[step 21720/50000] loss=2.5662 lr=1.871e-04 grad_norm=14.339 samples/s=71.52
[step 21730/50000] loss=2.7347 lr=1.871e-04 grad_norm=8.622 samples/s=71.52
[step 21740/50000] loss=2.3817 lr=1.870e-04 grad_norm=12.530 samples/s=71.52
[step 21750/50000] loss=2.3138 lr=1.869e-04 grad_norm=12.348 samples/s=71.52
[step 21760/50000] loss=2.1077 lr=1.868e-04 grad_norm=13.424 samples/s=71.52
[step 21770/50000] loss=2.2519 lr=1.867e-04 grad_norm=8.854 samples/s=71.53
[step 21780/50000] loss=2.4751 lr=1.866e-04 grad_norm=12.876 samples/s=71.52
[step 21790/50000] loss=2.1599 lr=1.865e-04 grad_norm=7.320 samples/s=71.53
[step 21800/50000] loss=2.3623 lr=1.864e-04 grad_norm=12.018 samples/s=71.52
[step 21810/50000] loss=2.8034 lr=1.863e-04 grad_norm=11.724 samples/s=71.53
[step 21820/50000] loss=2.7600 lr=1.862e-04 grad_norm=27.902 samples/s=71.53
[step 21830/50000] loss=1.9918 lr=1.861e-04 grad_norm=12.120 samples/s=71.54
[step 21840/50000] loss=2.6302 lr=1.860e-04 grad_norm=12.209 samples/s=71.53
[step 21850/50000] loss=1.8960 lr=1.859e-04 grad_norm=4.627 samples/s=71.54
[step 21860/50000] loss=2.3552 lr=1.859e-04 grad_norm=13.850 samples/s=71.54
[step 21870/50000] loss=2.0068 lr=1.858e-04 grad_norm=8.841 samples/s=71.55
[step 21880/50000] loss=2.6405 lr=1.857e-04 grad_norm=8.704 samples/s=71.54
[step 21890/50000] loss=3.2310 lr=1.856e-04 grad_norm=11.819 samples/s=71.54
[step 21900/50000] loss=2.5457 lr=1.855e-04 grad_norm=8.788 samples/s=71.54
[step 21910/50000] loss=2.1256 lr=1.854e-04 grad_norm=8.455 samples/s=71.54
[step 21920/50000] loss=2.2626 lr=1.853e-04 grad_norm=10.691 samples/s=71.53
[step 21930/50000] loss=2.9480 lr=1.852e-04 grad_norm=7.885 samples/s=71.53
[step 21940/50000] loss=2.8070 lr=1.851e-04 grad_norm=15.268 samples/s=71.52
[step 21950/50000] loss=2.3877 lr=1.850e-04 grad_norm=14.260 samples/s=71.52
[step 21960/50000] loss=2.7316 lr=1.849e-04 grad_norm=12.496 samples/s=71.52
[step 21970/50000] loss=2.1760 lr=1.848e-04 grad_norm=8.061 samples/s=71.53
[step 21980/50000] loss=2.2009 lr=1.847e-04 grad_norm=16.850 samples/s=71.52
[step 21990/50000] loss=1.9474 lr=1.846e-04 grad_norm=7.275 samples/s=71.53
[step 22000/50000] loss=2.5077 lr=1.846e-04 grad_norm=7.929 samples/s=71.53
[step 22010/50000] loss=2.0885 lr=1.845e-04 grad_norm=9.338 samples/s=71.53
[step 22020/50000] loss=2.4776 lr=1.844e-04 grad_norm=8.404 samples/s=71.53
[step 22030/50000] loss=2.9616 lr=1.843e-04 grad_norm=19.109 samples/s=71.53
[step 22040/50000] loss=2.3301 lr=1.842e-04 grad_norm=10.800 samples/s=71.53
[step 22050/50000] loss=1.9739 lr=1.841e-04 grad_norm=9.425 samples/s=71.53
[step 22060/50000] loss=2.0071 lr=1.840e-04 grad_norm=10.954 samples/s=71.53
[step 22070/50000] loss=2.0216 lr=1.839e-04 grad_norm=6.023 samples/s=71.53
[step 22080/50000] loss=2.9079 lr=1.838e-04 grad_norm=9.563 samples/s=71.53
[step 22090/50000] loss=1.9616 lr=1.837e-04 grad_norm=9.080 samples/s=71.53
[step 22100/50000] loss=2.9600 lr=1.836e-04 grad_norm=35.867 samples/s=71.53
[step 22110/50000] loss=1.9355 lr=1.835e-04 grad_norm=4.912 samples/s=71.53
[step 22120/50000] loss=2.0993 lr=1.834e-04 grad_norm=6.692 samples/s=71.53
[step 22130/50000] loss=2.7314 lr=1.833e-04 grad_norm=8.431 samples/s=71.53
[step 22140/50000] loss=2.4035 lr=1.833e-04 grad_norm=6.759 samples/s=71.53
[step 22150/50000] loss=2.0844 lr=1.832e-04 grad_norm=8.287 samples/s=71.54
[step 22160/50000] loss=2.0969 lr=1.831e-04 grad_norm=8.270 samples/s=71.54
[step 22170/50000] loss=2.5687 lr=1.830e-04 grad_norm=14.481 samples/s=71.55
[step 22180/50000] loss=2.7152 lr=1.829e-04 grad_norm=16.364 samples/s=71.54
[step 22190/50000] loss=2.2725 lr=1.828e-04 grad_norm=7.977 samples/s=71.55
[step 22200/50000] loss=2.6676 lr=1.827e-04 grad_norm=10.787 samples/s=71.55
[step 22210/50000] loss=2.0289 lr=1.826e-04 grad_norm=8.564 samples/s=71.55
[step 22220/50000] loss=2.3753 lr=1.825e-04 grad_norm=8.008 samples/s=71.54
[step 22230/50000] loss=2.0961 lr=1.824e-04 grad_norm=7.920 samples/s=71.54
[step 22240/50000] loss=2.1800 lr=1.823e-04 grad_norm=25.619 samples/s=71.54
[step 22250/50000] loss=2.2639 lr=1.822e-04 grad_norm=16.717 samples/s=71.55
[step 22260/50000] loss=3.1902 lr=1.821e-04 grad_norm=23.400 samples/s=71.55
[step 22270/50000] loss=2.1521 lr=1.820e-04 grad_norm=17.246 samples/s=71.55
[step 22280/50000] loss=2.9592 lr=1.819e-04 grad_norm=26.131 samples/s=71.55
[step 22290/50000] loss=3.0686 lr=1.819e-04 grad_norm=11.266 samples/s=71.55
[step 22300/50000] loss=2.7442 lr=1.818e-04 grad_norm=11.516 samples/s=71.55
[step 22310/50000] loss=2.3275 lr=1.817e-04 grad_norm=13.111 samples/s=71.56
[step 22320/50000] loss=2.8362 lr=1.816e-04 grad_norm=10.460 samples/s=71.55
[step 22330/50000] loss=2.6854 lr=1.815e-04 grad_norm=11.050 samples/s=71.56
[step 22340/50000] loss=2.0947 lr=1.814e-04 grad_norm=5.716 samples/s=71.55
[step 22350/50000] loss=2.7903 lr=1.813e-04 grad_norm=16.321 samples/s=71.55
[step 22360/50000] loss=2.4646 lr=1.812e-04 grad_norm=30.662 samples/s=71.55
[step 22370/50000] loss=2.9593 lr=1.811e-04 grad_norm=60.494 samples/s=71.55
[step 22380/50000] loss=2.5806 lr=1.810e-04 grad_norm=20.736 samples/s=71.55
[step 22390/50000] loss=2.7190 lr=1.809e-04 grad_norm=17.963 samples/s=71.56
[step 22400/50000] loss=2.6009 lr=1.808e-04 grad_norm=13.859 samples/s=71.55
[step 22410/50000] loss=2.9900 lr=1.807e-04 grad_norm=25.720 samples/s=71.55
[step 22420/50000] loss=2.0923 lr=1.806e-04 grad_norm=11.602 samples/s=71.55
[step 22430/50000] loss=3.3909 lr=1.806e-04 grad_norm=108.951 samples/s=71.55
[step 22440/50000] loss=2.5129 lr=1.805e-04 grad_norm=21.251 samples/s=71.56
[step 22450/50000] loss=2.6649 lr=1.804e-04 grad_norm=12.939 samples/s=71.56
[step 22460/50000] loss=2.5006 lr=1.803e-04 grad_norm=8.359 samples/s=71.56
[step 22470/50000] loss=2.5308 lr=1.802e-04 grad_norm=8.127 samples/s=71.56
[step 22480/50000] loss=2.5738 lr=1.801e-04 grad_norm=8.568 samples/s=71.55
[step 22490/50000] loss=2.7911 lr=1.800e-04 grad_norm=9.586 samples/s=71.56
[step 22500/50000] loss=2.7414 lr=1.799e-04 grad_norm=11.531 samples/s=71.55
[val step 22500] loss=2.308984841346741 m01={'mean': 0.41289555072540046, 'median': 0.40975441408007013, 'p95': 0.6963587877969143, 'tail_frac_gt4px': 8.079828707631398e-05, 'n_matched': 24753} m02={'12-16': 0.8954493087557603, '16-32': 0.9453539041337887, '32-64': 0.955661226063488, '64-128': 0.958889233633261} m04={'accuracy': 0.2580293297782087, 'by_octave': {'12-16': 0.2537793502733998, '16-32': 0.25102778123832065, '32-64': 0.2693652501344809, '64-128': 0.2556220676265976}} diag={'gate3_alpha_mean': 0.35571977496147156, 'gate3_alpha_min': 0.006160736083984375, 'gate3_alpha_max': 0.987060546875, 'gate3_alpha_std': 0.22871871292591095, 'gate3_alpha_p10': 0.094451904296875, 'gate3_alpha_p50': 0.314697265625, 'gate3_alpha_p90': 0.7307143211364746, 'block0_attn_entropy': 7.01584005355835, 'block1_attn_entropy': 7.365550994873047}
[step 22510/50000] loss=2.6101 lr=1.798e-04 grad_norm=14.512 samples/s=71.57
[step 22520/50000] loss=2.3134 lr=1.797e-04 grad_norm=6.683 samples/s=71.59
[step 22530/50000] loss=2.7052 lr=1.796e-04 grad_norm=16.791 samples/s=71.59
[step 22540/50000] loss=2.1518 lr=1.795e-04 grad_norm=7.117 samples/s=71.59
[step 22550/50000] loss=2.2704 lr=1.794e-04 grad_norm=10.549 samples/s=71.58
[step 22560/50000] loss=2.4165 lr=1.793e-04 grad_norm=10.642 samples/s=71.59
[step 22570/50000] loss=2.5937 lr=1.792e-04 grad_norm=12.180 samples/s=71.58
[step 22580/50000] loss=2.5775 lr=1.791e-04 grad_norm=17.218 samples/s=71.59
[step 22590/50000] loss=3.0612 lr=1.791e-04 grad_norm=17.520 samples/s=71.58
[step 22600/50000] loss=2.3709 lr=1.790e-04 grad_norm=13.289 samples/s=71.58
[step 22610/50000] loss=2.2254 lr=1.789e-04 grad_norm=10.311 samples/s=71.58
[step 22620/50000] loss=2.0666 lr=1.788e-04 grad_norm=12.309 samples/s=71.59
[step 22630/50000] loss=2.4449 lr=1.787e-04 grad_norm=10.832 samples/s=71.59
[step 22640/50000] loss=2.2113 lr=1.786e-04 grad_norm=7.261 samples/s=71.59
[step 22650/50000] loss=1.9294 lr=1.785e-04 grad_norm=7.829 samples/s=71.59
[step 22660/50000] loss=2.5224 lr=1.784e-04 grad_norm=13.937 samples/s=71.59
[step 22670/50000] loss=2.3954 lr=1.783e-04 grad_norm=10.844 samples/s=71.59
[step 22680/50000] loss=3.5080 lr=1.782e-04 grad_norm=8.803 samples/s=71.59
[step 22690/50000] loss=2.0765 lr=1.781e-04 grad_norm=7.323 samples/s=71.59
[step 22700/50000] loss=2.0946 lr=1.780e-04 grad_norm=8.087 samples/s=71.60
[step 22710/50000] loss=1.9013 lr=1.779e-04 grad_norm=7.280 samples/s=71.59
[step 22720/50000] loss=2.4888 lr=1.778e-04 grad_norm=9.070 samples/s=71.60
[step 22730/50000] loss=2.2993 lr=1.777e-04 grad_norm=8.520 samples/s=71.60
[step 22740/50000] loss=2.2462 lr=1.777e-04 grad_norm=10.219 samples/s=71.60
[step 22750/50000] loss=3.4266 lr=1.776e-04 grad_norm=29.589 samples/s=71.60
[step 22760/50000] loss=1.9374 lr=1.775e-04 grad_norm=11.442 samples/s=71.61
[step 22770/50000] loss=2.2659 lr=1.774e-04 grad_norm=10.793 samples/s=71.60
[step 22780/50000] loss=3.3356 lr=1.773e-04 grad_norm=18.471 samples/s=71.60
[step 22790/50000] loss=2.1875 lr=1.772e-04 grad_norm=8.263 samples/s=71.60
[step 22800/50000] loss=2.6892 lr=1.771e-04 grad_norm=7.189 samples/s=71.61
[step 22810/50000] loss=2.1833 lr=1.770e-04 grad_norm=7.385 samples/s=71.61
[step 22820/50000] loss=2.3440 lr=1.769e-04 grad_norm=13.933 samples/s=71.62
[step 22830/50000] loss=2.1325 lr=1.768e-04 grad_norm=14.481 samples/s=71.62
[step 22840/50000] loss=2.0142 lr=1.767e-04 grad_norm=11.254 samples/s=71.62
[step 22850/50000] loss=3.0547 lr=1.766e-04 grad_norm=10.706 samples/s=71.61
[step 22860/50000] loss=2.2905 lr=1.765e-04 grad_norm=10.809 samples/s=71.62
[step 22870/50000] loss=2.3188 lr=1.764e-04 grad_norm=8.763 samples/s=71.61
[step 22880/50000] loss=2.7307 lr=1.763e-04 grad_norm=11.565 samples/s=71.62
[step 22890/50000] loss=2.4104 lr=1.762e-04 grad_norm=16.543 samples/s=71.62
[step 22900/50000] loss=2.4087 lr=1.761e-04 grad_norm=13.410 samples/s=71.61
[step 22910/50000] loss=2.3888 lr=1.761e-04 grad_norm=27.442 samples/s=71.62
[step 22920/50000] loss=2.8053 lr=1.760e-04 grad_norm=20.865 samples/s=71.62
[step 22930/50000] loss=1.8601 lr=1.759e-04 grad_norm=8.532 samples/s=71.62
[step 22940/50000] loss=2.4278 lr=1.758e-04 grad_norm=17.150 samples/s=71.62
[step 22950/50000] loss=2.2225 lr=1.757e-04 grad_norm=16.286 samples/s=71.62
[step 22960/50000] loss=2.1568 lr=1.756e-04 grad_norm=8.619 samples/s=71.60
[step 22970/50000] loss=2.4026 lr=1.755e-04 grad_norm=8.495 samples/s=71.61
[step 22980/50000] loss=2.8663 lr=1.754e-04 grad_norm=11.063 samples/s=71.60
[step 22990/50000] loss=2.5136 lr=1.753e-04 grad_norm=12.731 samples/s=71.61
[step 23000/50000] loss=3.2033 lr=1.752e-04 grad_norm=72.253 samples/s=71.61
[step 23010/50000] loss=2.2285 lr=1.751e-04 grad_norm=8.092 samples/s=71.61
[step 23020/50000] loss=3.7174 lr=1.750e-04 grad_norm=11.216 samples/s=71.61
[step 23030/50000] loss=3.1505 lr=1.749e-04 grad_norm=13.966 samples/s=71.61
[step 23040/50000] loss=2.3471 lr=1.748e-04 grad_norm=10.685 samples/s=71.61
[step 23050/50000] loss=2.3741 lr=1.747e-04 grad_norm=21.186 samples/s=71.61
[step 23060/50000] loss=2.5694 lr=1.746e-04 grad_norm=13.613 samples/s=71.61
[step 23070/50000] loss=3.1015 lr=1.746e-04 grad_norm=30.461 samples/s=71.61
[step 23080/50000] loss=2.5524 lr=1.745e-04 grad_norm=8.685 samples/s=71.62
[step 23090/50000] loss=2.6799 lr=1.744e-04 grad_norm=23.877 samples/s=71.62
[step 23100/50000] loss=2.1337 lr=1.743e-04 grad_norm=11.707 samples/s=71.61
[step 23110/50000] loss=2.0858 lr=1.742e-04 grad_norm=13.557 samples/s=71.61
[step 23120/50000] loss=2.1199 lr=1.741e-04 grad_norm=9.114 samples/s=71.61
[step 23130/50000] loss=2.4228 lr=1.740e-04 grad_norm=13.139 samples/s=71.62
[step 23140/50000] loss=2.3909 lr=1.739e-04 grad_norm=7.601 samples/s=71.61
[step 23150/50000] loss=3.0311 lr=1.738e-04 grad_norm=8.774 samples/s=71.61
[step 23160/50000] loss=2.0302 lr=1.737e-04 grad_norm=23.724 samples/s=71.61
[step 23170/50000] loss=2.5708 lr=1.736e-04 grad_norm=6.479 samples/s=71.61
[step 23180/50000] loss=2.2038 lr=1.735e-04 grad_norm=6.733 samples/s=71.61
[step 23190/50000] loss=2.5861 lr=1.734e-04 grad_norm=11.879 samples/s=71.61
[step 23200/50000] loss=2.1756 lr=1.733e-04 grad_norm=12.265 samples/s=71.61
[step 23210/50000] loss=2.0234 lr=1.732e-04 grad_norm=6.225 samples/s=71.61
[step 23220/50000] loss=2.3164 lr=1.731e-04 grad_norm=12.499 samples/s=71.61
[step 23230/50000] loss=2.0735 lr=1.730e-04 grad_norm=5.880 samples/s=71.62
[step 23240/50000] loss=2.4332 lr=1.730e-04 grad_norm=9.036 samples/s=71.61
[step 23250/50000] loss=2.5111 lr=1.729e-04 grad_norm=14.695 samples/s=71.62
[step 23260/50000] loss=2.7656 lr=1.728e-04 grad_norm=15.952 samples/s=71.62
[step 23270/50000] loss=2.1404 lr=1.727e-04 grad_norm=14.060 samples/s=71.62
[step 23280/50000] loss=2.6388 lr=1.726e-04 grad_norm=11.619 samples/s=71.61
[step 23290/50000] loss=2.4986 lr=1.725e-04 grad_norm=9.561 samples/s=71.61
[step 23300/50000] loss=2.0202 lr=1.724e-04 grad_norm=8.860 samples/s=71.61
[step 23310/50000] loss=2.2654 lr=1.723e-04 grad_norm=11.907 samples/s=71.61
[step 23320/50000] loss=2.1789 lr=1.722e-04 grad_norm=12.659 samples/s=71.61
[step 23330/50000] loss=2.8975 lr=1.721e-04 grad_norm=18.364 samples/s=71.61
[step 23340/50000] loss=2.1670 lr=1.720e-04 grad_norm=24.492 samples/s=71.62
[step 23350/50000] loss=2.2674 lr=1.719e-04 grad_norm=8.421 samples/s=71.62
[step 23360/50000] loss=2.5393 lr=1.718e-04 grad_norm=8.236 samples/s=71.61
[step 23370/50000] loss=2.3536 lr=1.717e-04 grad_norm=8.003 samples/s=71.62
[step 23380/50000] loss=3.0688 lr=1.716e-04 grad_norm=40.335 samples/s=71.62
[step 23390/50000] loss=2.0832 lr=1.715e-04 grad_norm=11.076 samples/s=71.62
[step 23400/50000] loss=3.4045 lr=1.714e-04 grad_norm=52.214 samples/s=71.61
[step 23410/50000] loss=2.0313 lr=1.713e-04 grad_norm=22.529 samples/s=71.62
[step 23420/50000] loss=3.4394 lr=1.713e-04 grad_norm=21.016 samples/s=71.62
[step 23430/50000] loss=2.2939 lr=1.712e-04 grad_norm=6.463 samples/s=71.62
[step 23440/50000] loss=2.7647 lr=1.711e-04 grad_norm=10.871 samples/s=71.62
[step 23450/50000] loss=2.7741 lr=1.710e-04 grad_norm=13.013 samples/s=71.62
[step 23460/50000] loss=2.0640 lr=1.709e-04 grad_norm=8.564 samples/s=71.60
[step 23470/50000] loss=3.3852 lr=1.708e-04 grad_norm=23.238 samples/s=71.60
[step 23480/50000] loss=2.9861 lr=1.707e-04 grad_norm=18.127 samples/s=71.60
[step 23490/50000] loss=2.0946 lr=1.706e-04 grad_norm=15.440 samples/s=71.61
[step 23500/50000] loss=1.9924 lr=1.705e-04 grad_norm=9.625 samples/s=71.61
[step 23510/50000] loss=2.4382 lr=1.704e-04 grad_norm=11.333 samples/s=71.61
[step 23520/50000] loss=2.1480 lr=1.703e-04 grad_norm=9.510 samples/s=71.61
[step 23530/50000] loss=2.4602 lr=1.702e-04 grad_norm=11.294 samples/s=71.61
[step 23540/50000] loss=2.4820 lr=1.701e-04 grad_norm=8.928 samples/s=71.61
[step 23550/50000] loss=2.0603 lr=1.700e-04 grad_norm=10.341 samples/s=71.61
[step 23560/50000] loss=1.9225 lr=1.699e-04 grad_norm=9.410 samples/s=71.61
[step 23570/50000] loss=2.8509 lr=1.698e-04 grad_norm=29.899 samples/s=71.61
[step 23580/50000] loss=2.6936 lr=1.697e-04 grad_norm=9.610 samples/s=71.61
[step 23590/50000] loss=1.9650 lr=1.696e-04 grad_norm=10.506 samples/s=71.61
[step 23600/50000] loss=2.1246 lr=1.696e-04 grad_norm=6.758 samples/s=71.61
[step 23610/50000] loss=2.6829 lr=1.695e-04 grad_norm=20.808 samples/s=71.62
[step 23620/50000] loss=1.9008 lr=1.694e-04 grad_norm=6.838 samples/s=71.61
[step 23630/50000] loss=2.2267 lr=1.693e-04 grad_norm=8.990 samples/s=71.62
[step 23640/50000] loss=2.8472 lr=1.692e-04 grad_norm=11.329 samples/s=71.62
[step 23650/50000] loss=2.6215 lr=1.691e-04 grad_norm=14.519 samples/s=71.62
[step 23660/50000] loss=2.2932 lr=1.690e-04 grad_norm=8.350 samples/s=71.62
[step 23670/50000] loss=2.4988 lr=1.689e-04 grad_norm=24.549 samples/s=71.62
[step 23680/50000] loss=3.0967 lr=1.688e-04 grad_norm=22.041 samples/s=71.61
[step 23690/50000] loss=2.3900 lr=1.687e-04 grad_norm=15.091 samples/s=71.62
[step 23700/50000] loss=1.9851 lr=1.686e-04 grad_norm=10.362 samples/s=71.61
[step 23710/50000] loss=2.4516 lr=1.685e-04 grad_norm=30.457 samples/s=71.62
[step 23720/50000] loss=2.2645 lr=1.684e-04 grad_norm=7.210 samples/s=71.62
[step 23730/50000] loss=2.3290 lr=1.683e-04 grad_norm=25.199 samples/s=71.62
[step 23740/50000] loss=2.7054 lr=1.682e-04 grad_norm=16.102 samples/s=71.62
[step 23750/50000] loss=2.0471 lr=1.681e-04 grad_norm=22.856 samples/s=71.62
[step 23760/50000] loss=2.1613 lr=1.680e-04 grad_norm=15.647 samples/s=71.62
[step 23770/50000] loss=2.1687 lr=1.679e-04 grad_norm=13.983 samples/s=71.63
[step 23780/50000] loss=2.5231 lr=1.679e-04 grad_norm=16.545 samples/s=71.62
[step 23790/50000] loss=2.8243 lr=1.678e-04 grad_norm=38.932 samples/s=71.62
[step 23800/50000] loss=2.4708 lr=1.677e-04 grad_norm=6.496 samples/s=71.62
[step 23810/50000] loss=1.9082 lr=1.676e-04 grad_norm=10.638 samples/s=71.62
[step 23820/50000] loss=2.4312 lr=1.675e-04 grad_norm=10.881 samples/s=71.62
[step 23830/50000] loss=2.9119 lr=1.674e-04 grad_norm=12.321 samples/s=71.62
[step 23840/50000] loss=2.7293 lr=1.673e-04 grad_norm=34.099 samples/s=71.62
[step 23850/50000] loss=2.4718 lr=1.672e-04 grad_norm=9.676 samples/s=71.62
[step 23860/50000] loss=3.3549 lr=1.671e-04 grad_norm=12.059 samples/s=71.62
[step 23870/50000] loss=2.1473 lr=1.670e-04 grad_norm=15.864 samples/s=71.62
[step 23880/50000] loss=2.8526 lr=1.669e-04 grad_norm=13.361 samples/s=71.62
[step 23890/50000] loss=3.0141 lr=1.668e-04 grad_norm=9.120 samples/s=71.62
[step 23900/50000] loss=2.0695 lr=1.667e-04 grad_norm=15.102 samples/s=71.62
[step 23910/50000] loss=2.4004 lr=1.666e-04 grad_norm=6.472 samples/s=71.62
[step 23920/50000] loss=2.0967 lr=1.665e-04 grad_norm=13.742 samples/s=71.62
[step 23930/50000] loss=2.0983 lr=1.664e-04 grad_norm=8.922 samples/s=71.62
[step 23940/50000] loss=2.0753 lr=1.663e-04 grad_norm=9.117 samples/s=71.62
[step 23950/50000] loss=2.7626 lr=1.662e-04 grad_norm=15.316 samples/s=71.63
[step 23960/50000] loss=2.0666 lr=1.661e-04 grad_norm=6.634 samples/s=71.62
[step 23970/50000] loss=2.8576 lr=1.661e-04 grad_norm=16.903 samples/s=71.62
[step 23980/50000] loss=2.8720 lr=1.660e-04 grad_norm=10.803 samples/s=71.62
[step 23990/50000] loss=2.6175 lr=1.659e-04 grad_norm=11.974 samples/s=71.62
[step 24000/50000] loss=2.0885 lr=1.658e-04 grad_norm=8.671 samples/s=71.62
[step 24010/50000] loss=3.1756 lr=1.657e-04 grad_norm=10.997 samples/s=71.63
[step 24020/50000] loss=2.3595 lr=1.656e-04 grad_norm=13.685 samples/s=71.64
[step 24030/50000] loss=2.2120 lr=1.655e-04 grad_norm=5.187 samples/s=71.63
[step 24040/50000] loss=2.1724 lr=1.654e-04 grad_norm=6.310 samples/s=71.64
[step 24050/50000] loss=2.5596 lr=1.653e-04 grad_norm=20.092 samples/s=71.63
[step 24060/50000] loss=2.4065 lr=1.652e-04 grad_norm=15.832 samples/s=71.63
[step 24070/50000] loss=2.1996 lr=1.651e-04 grad_norm=8.898 samples/s=71.63
[step 24080/50000] loss=3.2955 lr=1.650e-04 grad_norm=12.028 samples/s=71.64
[step 24090/50000] loss=2.3204 lr=1.649e-04 grad_norm=14.747 samples/s=71.64
[step 24100/50000] loss=2.1648 lr=1.648e-04 grad_norm=9.049 samples/s=71.64
[step 24110/50000] loss=3.0694 lr=1.647e-04 grad_norm=14.795 samples/s=71.64
[step 24120/50000] loss=2.5025 lr=1.646e-04 grad_norm=18.292 samples/s=71.64
[step 24130/50000] loss=2.3984 lr=1.645e-04 grad_norm=12.639 samples/s=71.64
[step 24140/50000] loss=3.0312 lr=1.644e-04 grad_norm=18.560 samples/s=71.64
[step 24150/50000] loss=2.0010 lr=1.643e-04 grad_norm=8.114 samples/s=71.64
[step 24160/50000] loss=2.3227 lr=1.643e-04 grad_norm=7.977 samples/s=71.64
[step 24170/50000] loss=2.4674 lr=1.642e-04 grad_norm=9.989 samples/s=71.64
[step 24180/50000] loss=2.1929 lr=1.641e-04 grad_norm=7.509 samples/s=71.64
[step 24190/50000] loss=2.7117 lr=1.640e-04 grad_norm=35.519 samples/s=71.64
[step 24200/50000] loss=2.1531 lr=1.639e-04 grad_norm=14.313 samples/s=71.63
[step 24210/50000] loss=3.0894 lr=1.638e-04 grad_norm=40.310 samples/s=71.63
[step 24220/50000] loss=2.8106 lr=1.637e-04 grad_norm=22.658 samples/s=71.63
[step 24230/50000] loss=2.5218 lr=1.636e-04 grad_norm=33.377 samples/s=71.64
[step 24240/50000] loss=1.9562 lr=1.635e-04 grad_norm=8.220 samples/s=71.64
[step 24250/50000] loss=2.3825 lr=1.634e-04 grad_norm=16.856 samples/s=71.63
[step 24260/50000] loss=2.0536 lr=1.633e-04 grad_norm=7.085 samples/s=71.64
[step 24270/50000] loss=2.8743 lr=1.632e-04 grad_norm=54.164 samples/s=71.64
[step 24280/50000] loss=2.6828 lr=1.631e-04 grad_norm=11.146 samples/s=71.63
[step 24290/50000] loss=2.1931 lr=1.630e-04 grad_norm=12.627 samples/s=71.64
[step 24300/50000] loss=2.2154 lr=1.629e-04 grad_norm=7.705 samples/s=71.63
[step 24310/50000] loss=2.0926 lr=1.628e-04 grad_norm=14.913 samples/s=71.64
[step 24320/50000] loss=2.1204 lr=1.627e-04 grad_norm=10.709 samples/s=71.63
[step 24330/50000] loss=2.3337 lr=1.626e-04 grad_norm=13.111 samples/s=71.63
[step 24340/50000] loss=3.1360 lr=1.625e-04 grad_norm=19.044 samples/s=71.63
[step 24350/50000] loss=2.1234 lr=1.624e-04 grad_norm=9.385 samples/s=71.64
[step 24360/50000] loss=2.6225 lr=1.624e-04 grad_norm=17.373 samples/s=71.63
[step 24370/50000] loss=2.3955 lr=1.623e-04 grad_norm=20.662 samples/s=71.64
[step 24380/50000] loss=2.2607 lr=1.622e-04 grad_norm=33.780 samples/s=71.63
[step 24390/50000] loss=2.1849 lr=1.621e-04 grad_norm=9.565 samples/s=71.63
[step 24400/50000] loss=2.9355 lr=1.620e-04 grad_norm=15.575 samples/s=71.64
[step 24410/50000] loss=2.9530 lr=1.619e-04 grad_norm=22.572 samples/s=71.64
[step 24420/50000] loss=2.6468 lr=1.618e-04 grad_norm=14.445 samples/s=71.64
[step 24430/50000] loss=2.2437 lr=1.617e-04 grad_norm=13.932 samples/s=71.65
[step 24440/50000] loss=3.1014 lr=1.616e-04 grad_norm=11.854 samples/s=71.64
[step 24450/50000] loss=2.4263 lr=1.615e-04 grad_norm=22.885 samples/s=71.65
[step 24460/50000] loss=2.1216 lr=1.614e-04 grad_norm=10.190 samples/s=71.65
[step 24470/50000] loss=2.1348 lr=1.613e-04 grad_norm=9.320 samples/s=71.65
[step 24480/50000] loss=2.3790 lr=1.612e-04 grad_norm=16.251 samples/s=71.63
[step 24490/50000] loss=2.7005 lr=1.611e-04 grad_norm=23.729 samples/s=71.63
[step 24500/50000] loss=1.9869 lr=1.610e-04 grad_norm=20.221 samples/s=71.63
[step 24510/50000] loss=2.5419 lr=1.609e-04 grad_norm=12.854 samples/s=71.63
[step 24520/50000] loss=1.9861 lr=1.608e-04 grad_norm=6.986 samples/s=71.63
[step 24530/50000] loss=3.2838 lr=1.607e-04 grad_norm=12.943 samples/s=71.64
[step 24540/50000] loss=2.6929 lr=1.606e-04 grad_norm=22.179 samples/s=71.63
[step 24550/50000] loss=2.1473 lr=1.605e-04 grad_norm=13.243 samples/s=71.63
[step 24560/50000] loss=2.1450 lr=1.605e-04 grad_norm=9.195 samples/s=71.63
[step 24570/50000] loss=2.4065 lr=1.604e-04 grad_norm=6.679 samples/s=71.64
[step 24580/50000] loss=2.3286 lr=1.603e-04 grad_norm=42.689 samples/s=71.63
[step 24590/50000] loss=2.6476 lr=1.602e-04 grad_norm=9.941 samples/s=71.64
[step 24600/50000] loss=2.7878 lr=1.601e-04 grad_norm=19.113 samples/s=71.64
[step 24610/50000] loss=2.1703 lr=1.600e-04 grad_norm=12.841 samples/s=71.64
[step 24620/50000] loss=3.2883 lr=1.599e-04 grad_norm=46.311 samples/s=71.64
[step 24630/50000] loss=1.9625 lr=1.598e-04 grad_norm=17.186 samples/s=71.64
[step 24640/50000] loss=2.3522 lr=1.597e-04 grad_norm=14.155 samples/s=71.64
[step 24650/50000] loss=1.7166 lr=1.596e-04 grad_norm=7.870 samples/s=71.64
[step 24660/50000] loss=3.1126 lr=1.595e-04 grad_norm=12.251 samples/s=71.63
[step 24670/50000] loss=2.3810 lr=1.594e-04 grad_norm=9.556 samples/s=71.64
[step 24680/50000] loss=2.4644 lr=1.593e-04 grad_norm=7.716 samples/s=71.64
[step 24690/50000] loss=2.1689 lr=1.592e-04 grad_norm=12.784 samples/s=71.64
[step 24700/50000] loss=1.9120 lr=1.591e-04 grad_norm=7.024 samples/s=71.64
[step 24710/50000] loss=2.8181 lr=1.590e-04 grad_norm=20.324 samples/s=71.65
[step 24720/50000] loss=3.1276 lr=1.589e-04 grad_norm=26.130 samples/s=71.65
[step 24730/50000] loss=2.5828 lr=1.588e-04 grad_norm=32.406 samples/s=71.65
[step 24740/50000] loss=1.8999 lr=1.587e-04 grad_norm=9.223 samples/s=71.65
[step 24750/50000] loss=2.7593 lr=1.586e-04 grad_norm=32.862 samples/s=71.65
[step 24760/50000] loss=2.5770 lr=1.586e-04 grad_norm=14.564 samples/s=71.65
[step 24770/50000] loss=2.5710 lr=1.585e-04 grad_norm=18.512 samples/s=71.65
[step 24780/50000] loss=3.0242 lr=1.584e-04 grad_norm=9.262 samples/s=71.65
[step 24790/50000] loss=2.8913 lr=1.583e-04 grad_norm=19.755 samples/s=71.65
[step 24800/50000] loss=2.3778 lr=1.582e-04 grad_norm=25.369 samples/s=71.65
[step 24810/50000] loss=2.5872 lr=1.581e-04 grad_norm=22.179 samples/s=71.66
[step 24820/50000] loss=1.9869 lr=1.580e-04 grad_norm=14.281 samples/s=71.66
[step 24830/50000] loss=2.9371 lr=1.579e-04 grad_norm=18.155 samples/s=71.66
[step 24840/50000] loss=2.3210 lr=1.578e-04 grad_norm=11.460 samples/s=71.65
[step 24850/50000] loss=2.0337 lr=1.577e-04 grad_norm=13.988 samples/s=71.66
[step 24860/50000] loss=2.5736 lr=1.576e-04 grad_norm=9.013 samples/s=71.66
[step 24870/50000] loss=2.0619 lr=1.575e-04 grad_norm=11.062 samples/s=71.66
[step 24880/50000] loss=2.2349 lr=1.574e-04 grad_norm=7.709 samples/s=71.66
[step 24890/50000] loss=2.5444 lr=1.573e-04 grad_norm=13.009 samples/s=71.66
[step 24900/50000] loss=2.4220 lr=1.572e-04 grad_norm=8.932 samples/s=71.66
[step 24910/50000] loss=2.5322 lr=1.571e-04 grad_norm=17.936 samples/s=71.67
[step 24920/50000] loss=2.5201 lr=1.570e-04 grad_norm=10.136 samples/s=71.66
[step 24930/50000] loss=2.9699 lr=1.569e-04 grad_norm=24.572 samples/s=71.67
[step 24940/50000] loss=2.1118 lr=1.568e-04 grad_norm=7.202 samples/s=71.66
[step 24950/50000] loss=1.9156 lr=1.567e-04 grad_norm=7.936 samples/s=71.67
[step 24960/50000] loss=2.1330 lr=1.566e-04 grad_norm=8.999 samples/s=71.66
[step 24970/50000] loss=3.2911 lr=1.566e-04 grad_norm=17.289 samples/s=71.67
[step 24980/50000] loss=2.5306 lr=1.565e-04 grad_norm=7.065 samples/s=71.67
[step 24990/50000] loss=2.4879 lr=1.564e-04 grad_norm=11.736 samples/s=71.67
[step 25000/50000] loss=2.0055 lr=1.563e-04 grad_norm=15.685 samples/s=71.66
[val step 25000] loss=2.287389458656311 m01={'mean': 0.41178979764587287, 'median': 0.4093465089311996, 'p95': 0.6905422550655846, 'tail_frac_gt4px': 8.076565844203045e-05, 'n_matched': 24763} m02={'12-16': 0.8966013824884793, '16-32': 0.9452361323754563, '32-64': 0.9565608533607506, '64-128': 0.958889233633261} m04={'accuracy': 0.25986350603723296, 'by_octave': {'12-16': 0.2524895599100546, '16-32': 0.25990530774981313, '32-64': 0.26709660083299747, '64-128': 0.2548131370328426}} diag={'gate3_alpha_mean': 0.35158148407936096, 'gate3_alpha_min': 0.0065155029296875, 'gate3_alpha_max': 0.9873046875, 'gate3_alpha_std': 0.23131681978702545, 'gate3_alpha_p10': 0.08820343017578125, 'gate3_alpha_p50': 0.308349609375, 'gate3_alpha_p90': 0.7320556640625, 'block0_attn_entropy': 6.975062847137451, 'block1_attn_entropy': 7.395576477050781}
/home/kaelin/anaconda3/envs/MLWS/lib/python3.13/multiprocessing/resource_tracker.py:301: UserWarning: resource_tracker: There appear to be 96 leaked semaphore objects to clean up at shutdown: {'/mp-9qrprflq', '/mp-pi91ma2a', '/mp-x03g96vr', '/mp-rxk1hr10', '/mp-l50jlvm3', '/mp-wigtslvx', '/mp-95yylvjl', '/mp-_jvrwqu6', '/mp-2e235xkk', '/mp-zdqqltqd', '/mp-a2gkra0p', '/mp-49vphybb', '/mp-ksjemjsp', '/mp-a095m3rb', '/mp-pc6pd97i', '/mp-2x16y_ao', '/mp-sc48qlpz', '/mp-s5ljspd3', '/mp-lit1o_s9', '/mp-gic9gvhu', '/mp-s360b22t', '/mp-x3w4xfjo', '/mp-vacavk1b', '/mp-xyy36i2s', '/mp-em4cstq0', '/mp-bjjqsuhr', '/mp-tq1w76ar', '/mp-fld5suw9', '/mp-bzjew2al', '/mp-sl5gnurp', '/mp-1qssheuz', '/mp-28ix41h1', '/mp-84dywh3s', '/mp-v2hinack', '/mp-5equn4pa', '/mp-lb7lrcyr', '/mp-ngwtzwfx', '/mp-wn3ge_r0', '/mp-71p3v9uy', '/mp-p4l7gaua', '/mp-_jk0eog0', '/mp-bld453jw', '/mp-cnrzm8_o', '/mp-824a8ona', '/mp-gw0g_2_s', '/mp-3q_jajks', '/mp-m1iytccq', '/mp-qqbke5iu', '/mp-n6a1tozr', '/mp-4i59mg76', '/mp-l3_qj57j', '/mp-xmvh9mfv', '/mp-bm4i0x_a', '/mp-it_2fndm', '/mp-l44cpryw', '/mp-up48kl74', '/mp-q_s5ufrt', '/mp-g6ecihl6', '/mp-hn6ixs66', '/mp-iryx1eku', '/mp-x5vf04cd', '/mp-d8gupg_j', '/mp-5imu2jgv', '/mp-of38y39a', '/mp-r6kws08h', '/mp-vir7c18v', '/mp-5ox82ejw', '/mp-p_7livuc', '/mp-7crh_gwb', '/mp-0bjdem_1', '/mp-uf9ffu8b', '/mp-b_4rlha9', '/mp-t4h3skvb', '/mp-d4w0b80s', '/mp-pco97o1h', '/mp-iwnc86o2', '/mp-5bdz3w55', '/mp-2jdvi_p3', '/mp-rooozvra', '/mp-yn9q8_d6', '/mp-vxdkw3pl', '/mp-goslhqsr', '/mp-z_5k8jl3', '/mp-d0u1lms3', '/mp-enp1g0mn', '/mp-i0bin4qr', '/mp-rgjc_ljb', '/mp-v1wuf3ng', '/mp-1akisbl2', '/mp-rcmaya5u', '/mp-u4os161a', '/mp-qjchumuy', '/mp-fyptzxjl', '/mp-g4g1neg6', '/mp-s5u3wp9p', '/mp-sgc_gbje'}
  warnings.warn(
