[train_detector] finetune from runs/rel_w882_c2_100k_rev6/ckpt_0100000.pt (step 100000): 437,105 of 882,402 params trainable, lr_mult={'cls.*': 1.0, 'blocks.*': 3.0, 'norm.*': 3.0, 'hm.*': 0.1}, reinit=[]
[train_detector] stream_seed=2100000 resume_count=0 start_step=0
[step 1/20000] loss=5.9405 lr=0.000e+00 grad_norm=25.954 samples/s=10.21
[step 2/20000] loss=6.1353 lr=3.000e-06 grad_norm=23.749 samples/s=19.77
[step 3/20000] loss=6.4970 lr=6.000e-06 grad_norm=20.999 samples/s=28.72
[step 4/20000] loss=6.1396 lr=9.000e-06 grad_norm=27.571 samples/s=37.13
[step 5/20000] loss=5.5935 lr=1.200e-05 grad_norm=20.628 samples/s=42.83
[step 6/20000] loss=4.8712 lr=1.500e-05 grad_norm=23.774 samples/s=50.01
[step 7/20000] loss=6.1797 lr=1.800e-05 grad_norm=21.664 samples/s=56.81
[step 8/20000] loss=5.2021 lr=2.100e-05 grad_norm=21.545 samples/s=63.25
[step 9/20000] loss=6.2705 lr=2.400e-05 grad_norm=22.601 samples/s=56.34
[step 10/20000] loss=5.5569 lr=2.700e-05 grad_norm=18.495 samples/s=61.35
[step 20/20000] loss=2.6614 lr=5.700e-05 grad_norm=6.363 samples/s=79.23
[step 30/20000] loss=2.3513 lr=8.700e-05 grad_norm=2.612 samples/s=83.05
[step 40/20000] loss=2.2401 lr=1.170e-04 grad_norm=1.726 samples/s=88.78
[step 50/20000] loss=2.7054 lr=1.470e-04 grad_norm=2.032 samples/s=89.82
[step 60/20000] loss=2.7223 lr=1.770e-04 grad_norm=2.317 samples/s=93.77
[step 70/20000] loss=2.0811 lr=2.070e-04 grad_norm=1.653 samples/s=93.79
[step 80/20000] loss=2.0484 lr=2.370e-04 grad_norm=1.669 samples/s=96.40
[step 90/20000] loss=2.4676 lr=2.670e-04 grad_norm=1.391 samples/s=97.05
[step 100/20000] loss=2.2632 lr=2.970e-04 grad_norm=1.655 samples/s=99.75
[step 110/20000] loss=1.9813 lr=3.000e-04 grad_norm=1.499 samples/s=99.17
[step 120/20000] loss=2.1639 lr=3.000e-04 grad_norm=1.738 samples/s=101.24
[step 130/20000] loss=1.9593 lr=3.000e-04 grad_norm=1.924 samples/s=100.80
[step 140/20000] loss=2.4643 lr=3.000e-04 grad_norm=3.154 samples/s=102.25
[step 150/20000] loss=2.1125 lr=3.000e-04 grad_norm=4.476 samples/s=101.66
[step 160/20000] loss=2.0628 lr=3.000e-04 grad_norm=4.620 samples/s=102.55
[step 170/20000] loss=2.1182 lr=3.000e-04 grad_norm=3.392 samples/s=101.46
[step 180/20000] loss=1.9642 lr=3.000e-04 grad_norm=5.159 samples/s=102.32
[step 190/20000] loss=1.4777 lr=3.000e-04 grad_norm=4.144 samples/s=101.86
[step 200/20000] loss=2.4393 lr=3.000e-04 grad_norm=4.177 samples/s=103.10
[step 210/20000] loss=2.2736 lr=3.000e-04 grad_norm=3.259 samples/s=103.02
[step 220/20000] loss=1.2377 lr=3.000e-04 grad_norm=3.539 samples/s=103.69
[step 230/20000] loss=2.0404 lr=3.000e-04 grad_norm=3.195 samples/s=103.51
[step 240/20000] loss=0.9134 lr=3.000e-04 grad_norm=3.000 samples/s=103.92
[step 250/20000] loss=1.4335 lr=3.000e-04 grad_norm=2.934 samples/s=103.46
[step 260/20000] loss=1.9392 lr=3.000e-04 grad_norm=4.623 samples/s=104.21
[step 270/20000] loss=1.7524 lr=2.999e-04 grad_norm=4.108 samples/s=103.45
[step 280/20000] loss=2.1070 lr=2.999e-04 grad_norm=2.896 samples/s=104.08
[step 290/20000] loss=1.2579 lr=2.999e-04 grad_norm=3.374 samples/s=104.09
[step 300/20000] loss=1.8829 lr=2.999e-04 grad_norm=4.128 samples/s=104.44
[step 310/20000] loss=1.4185 lr=2.999e-04 grad_norm=2.648 samples/s=104.19
[step 320/20000] loss=1.0360 lr=2.999e-04 grad_norm=3.998 samples/s=104.44
[step 330/20000] loss=1.5700 lr=2.999e-04 grad_norm=2.908 samples/s=104.14
[step 340/20000] loss=1.5183 lr=2.999e-04 grad_norm=3.301 samples/s=104.70
[step 350/20000] loss=1.9389 lr=2.999e-04 grad_norm=4.101 samples/s=104.66
[step 360/20000] loss=0.9139 lr=2.999e-04 grad_norm=2.475 samples/s=104.67
[step 370/20000] loss=1.0564 lr=2.999e-04 grad_norm=1.790 samples/s=104.82
[step 380/20000] loss=1.1109 lr=2.999e-04 grad_norm=2.795 samples/s=104.87
[step 390/20000] loss=1.3862 lr=2.998e-04 grad_norm=1.906 samples/s=105.08
[step 400/20000] loss=1.0099 lr=2.998e-04 grad_norm=2.679 samples/s=104.67
[step 410/20000] loss=1.5388 lr=2.998e-04 grad_norm=2.739 samples/s=105.21
[step 420/20000] loss=1.0389 lr=2.998e-04 grad_norm=2.058 samples/s=104.72
[step 430/20000] loss=1.2781 lr=2.998e-04 grad_norm=2.874 samples/s=105.11
[step 440/20000] loss=2.0746 lr=2.998e-04 grad_norm=4.995 samples/s=104.66
[step 450/20000] loss=1.8708 lr=2.998e-04 grad_norm=2.959 samples/s=104.85
[step 460/20000] loss=1.4221 lr=2.998e-04 grad_norm=1.944 samples/s=104.55
[step 470/20000] loss=2.1545 lr=2.997e-04 grad_norm=3.339 samples/s=104.67
[step 480/20000] loss=0.8347 lr=2.997e-04 grad_norm=2.310 samples/s=104.51
[step 490/20000] loss=1.0559 lr=2.997e-04 grad_norm=3.876 samples/s=104.78
[step 500/20000] loss=0.9559 lr=2.997e-04 grad_norm=1.587 samples/s=104.61
[val step 500] loss=1.3973022389411927 m01={'mean': 0.40786230992850786, 'median': 0.4088558660896236, 'p95': 0.6765347443403357, 'tail_frac_gt4px': 0.0, 'n_matched': 12181} m02={'12-16': 0.9077277970011534, '16-32': 0.9529185683401393, '32-64': 0.9435712445246071, '64-128': 0.9412136536030341} m04={'accuracy': 0.9293161480994993, 'by_octave': {'12-16': 0.7878017789072427, '16-32': 0.9548777413662718, '32-64': 0.969415619879847, '64-128': 0.9207521826729349}} diag={'gate3_alpha_mean': 0.2638489603996277, 'gate3_alpha_min': 0.014883041381835938, 'gate3_alpha_max': 0.9462890625, 'gate3_alpha_std': 0.1444024294614792, 'gate3_alpha_p10': 0.088134765625, 'gate3_alpha_p50': 0.24609375, 'gate3_alpha_p90': 0.4571533203125, 'block0_attn_entropy': 7.119511127471924, 'block1_attn_entropy': 7.529629707336426}
[step 510/20000] loss=1.3658 lr=2.997e-04 grad_norm=2.367 samples/s=105.99
[step 520/20000] loss=1.0355 lr=2.997e-04 grad_norm=2.778 samples/s=107.34
[step 530/20000] loss=1.1994 lr=2.997e-04 grad_norm=2.646 samples/s=107.15
[step 540/20000] loss=1.8314 lr=2.996e-04 grad_norm=3.018 samples/s=107.43
[step 550/20000] loss=1.5041 lr=2.996e-04 grad_norm=2.821 samples/s=106.99
[step 560/20000] loss=0.9380 lr=2.996e-04 grad_norm=1.404 samples/s=107.17
[step 570/20000] loss=1.1267 lr=2.996e-04 grad_norm=1.028 samples/s=106.94
[step 580/20000] loss=0.9233 lr=2.996e-04 grad_norm=2.500 samples/s=107.12
[step 590/20000] loss=0.6548 lr=2.996e-04 grad_norm=1.323 samples/s=107.01
[step 600/20000] loss=1.0519 lr=2.995e-04 grad_norm=3.482 samples/s=106.95
[step 610/20000] loss=1.4263 lr=2.995e-04 grad_norm=2.294 samples/s=107.06
[step 620/20000] loss=1.8605 lr=2.995e-04 grad_norm=1.854 samples/s=106.80
[step 630/20000] loss=0.9001 lr=2.995e-04 grad_norm=1.676 samples/s=107.17
[step 640/20000] loss=1.3648 lr=2.995e-04 grad_norm=1.894 samples/s=106.97
[step 650/20000] loss=1.5337 lr=2.994e-04 grad_norm=3.311 samples/s=107.06
[step 660/20000] loss=1.2883 lr=2.994e-04 grad_norm=3.338 samples/s=106.90
[step 670/20000] loss=2.1660 lr=2.994e-04 grad_norm=2.653 samples/s=107.10
[step 680/20000] loss=1.3121 lr=2.994e-04 grad_norm=2.617 samples/s=106.91
[step 690/20000] loss=1.7511 lr=2.994e-04 grad_norm=1.709 samples/s=107.10
[step 700/20000] loss=1.0878 lr=2.993e-04 grad_norm=1.462 samples/s=106.81
[step 710/20000] loss=1.2091 lr=2.993e-04 grad_norm=1.848 samples/s=106.96
[step 720/20000] loss=1.2564 lr=2.993e-04 grad_norm=1.824 samples/s=106.71
[step 730/20000] loss=0.8856 lr=2.993e-04 grad_norm=2.519 samples/s=106.83
[step 740/20000] loss=0.7519 lr=2.992e-04 grad_norm=2.745 samples/s=106.32
[step 750/20000] loss=1.4145 lr=2.992e-04 grad_norm=2.353 samples/s=106.60
[step 760/20000] loss=1.3192 lr=2.992e-04 grad_norm=3.656 samples/s=106.46
[step 770/20000] loss=1.0396 lr=2.992e-04 grad_norm=1.512 samples/s=106.65
[step 780/20000] loss=1.2072 lr=2.991e-04 grad_norm=1.203 samples/s=106.34
[step 790/20000] loss=2.1505 lr=2.991e-04 grad_norm=4.539 samples/s=106.59
[step 800/20000] loss=1.3548 lr=2.991e-04 grad_norm=2.723 samples/s=106.39
[step 810/20000] loss=2.2796 lr=2.991e-04 grad_norm=2.296 samples/s=106.52
[step 820/20000] loss=1.1275 lr=2.990e-04 grad_norm=3.767 samples/s=106.41
[step 830/20000] loss=0.8952 lr=2.990e-04 grad_norm=2.134 samples/s=106.52
[step 840/20000] loss=0.7483 lr=2.990e-04 grad_norm=1.806 samples/s=106.32
[step 850/20000] loss=1.8499 lr=2.990e-04 grad_norm=2.319 samples/s=106.44
[step 860/20000] loss=1.1639 lr=2.989e-04 grad_norm=1.475 samples/s=106.09
[step 870/20000] loss=1.6764 lr=2.989e-04 grad_norm=2.821 samples/s=106.30
[step 880/20000] loss=1.7957 lr=2.989e-04 grad_norm=3.410 samples/s=106.11
[step 890/20000] loss=0.8664 lr=2.988e-04 grad_norm=1.536 samples/s=106.34
[step 900/20000] loss=0.8974 lr=2.988e-04 grad_norm=1.252 samples/s=106.30
[step 910/20000] loss=0.8711 lr=2.988e-04 grad_norm=2.560 samples/s=106.50
[step 920/20000] loss=1.4980 lr=2.988e-04 grad_norm=1.669 samples/s=106.44
[step 930/20000] loss=1.1884 lr=2.987e-04 grad_norm=1.726 samples/s=106.60
[step 940/20000] loss=0.9697 lr=2.987e-04 grad_norm=2.021 samples/s=106.44
[step 950/20000] loss=0.5444 lr=2.987e-04 grad_norm=1.291 samples/s=106.55
[step 960/20000] loss=2.0913 lr=2.986e-04 grad_norm=2.135 samples/s=106.43
[step 970/20000] loss=1.5541 lr=2.986e-04 grad_norm=2.654 samples/s=106.51
[step 980/20000] loss=1.5524 lr=2.986e-04 grad_norm=2.106 samples/s=106.25
[step 990/20000] loss=0.8544 lr=2.985e-04 grad_norm=1.077 samples/s=106.35
[step 1000/20000] loss=0.8320 lr=2.985e-04 grad_norm=1.285 samples/s=106.25
[val step 1000] loss=1.3150072541236877 m01={'mean': 0.40962110660113515, 'median': 0.40962666753191096, 'p95': 0.6800395660106222, 'tail_frac_gt4px': 8.195377806916898e-05, 'n_matched': 12202} m02={'12-16': 0.9146482122260668, '16-32': 0.9529185683401393, '32-64': 0.9448595722751868, '64-128': 0.9424778761061947} m04={'accuracy': 0.9604163251925913, 'by_octave': {'12-16': 0.8764186633039092, '16-32': 0.9730274766826317, '32-64': 0.981728933733297, '64-128': 0.9621059691482227}} diag={'gate3_alpha_mean': 0.2877906262874603, 'gate3_alpha_min': 0.0165252685546875, 'gate3_alpha_max': 0.95263671875, 'gate3_alpha_std': 0.1561608910560608, 'gate3_alpha_p10': 0.096771240234375, 'gate3_alpha_p50': 0.26800537109375, 'gate3_alpha_p90': 0.5, 'block0_attn_entropy': 7.058000564575195, 'block1_attn_entropy': 7.377388000488281}
[step 1010/20000] loss=1.3938 lr=2.985e-04 grad_norm=1.491 samples/s=106.94
[step 1020/20000] loss=1.6295 lr=2.984e-04 grad_norm=2.748 samples/s=107.63
[step 1030/20000] loss=1.9330 lr=2.984e-04 grad_norm=1.967 samples/s=107.49
[step 1040/20000] loss=1.3689 lr=2.984e-04 grad_norm=3.875 samples/s=107.63
[step 1050/20000] loss=1.4614 lr=2.983e-04 grad_norm=1.534 samples/s=107.58
[step 1060/20000] loss=1.0458 lr=2.983e-04 grad_norm=1.925 samples/s=107.61
[step 1070/20000] loss=1.0487 lr=2.983e-04 grad_norm=1.893 samples/s=107.43
[step 1080/20000] loss=0.8628 lr=2.982e-04 grad_norm=1.969 samples/s=107.47
[step 1090/20000] loss=1.0360 lr=2.982e-04 grad_norm=2.073 samples/s=107.45
[step 1100/20000] loss=1.2829 lr=2.982e-04 grad_norm=2.008 samples/s=107.57
[step 1110/20000] loss=2.3628 lr=2.981e-04 grad_norm=5.042 samples/s=107.44
[step 1120/20000] loss=0.6299 lr=2.981e-04 grad_norm=1.969 samples/s=107.44
[step 1130/20000] loss=0.8755 lr=2.980e-04 grad_norm=1.919 samples/s=107.36
[step 1140/20000] loss=0.9283 lr=2.980e-04 grad_norm=1.764 samples/s=107.37
[step 1150/20000] loss=1.0098 lr=2.980e-04 grad_norm=1.691 samples/s=107.17
[step 1160/20000] loss=0.5335 lr=2.979e-04 grad_norm=0.783 samples/s=107.18
[step 1170/20000] loss=1.7415 lr=2.979e-04 grad_norm=2.690 samples/s=107.10
[step 1180/20000] loss=1.2156 lr=2.979e-04 grad_norm=3.217 samples/s=107.17
[step 1190/20000] loss=0.8120 lr=2.978e-04 grad_norm=1.634 samples/s=107.11
[step 1200/20000] loss=1.9022 lr=2.978e-04 grad_norm=2.072 samples/s=107.15
[step 1210/20000] loss=1.1214 lr=2.977e-04 grad_norm=1.276 samples/s=107.20
[step 1220/20000] loss=0.8346 lr=2.977e-04 grad_norm=2.161 samples/s=107.11
[step 1230/20000] loss=0.7374 lr=2.976e-04 grad_norm=1.601 samples/s=107.10
[step 1240/20000] loss=1.5851 lr=2.976e-04 grad_norm=2.715 samples/s=107.08
[step 1250/20000] loss=1.4448 lr=2.976e-04 grad_norm=1.940 samples/s=107.08
[step 1260/20000] loss=0.8025 lr=2.975e-04 grad_norm=1.126 samples/s=107.19
[step 1270/20000] loss=0.8739 lr=2.975e-04 grad_norm=1.606 samples/s=107.20
[step 1280/20000] loss=1.1812 lr=2.974e-04 grad_norm=2.238 samples/s=107.12
[step 1290/20000] loss=0.9297 lr=2.974e-04 grad_norm=1.295 samples/s=107.14
[step 1300/20000] loss=1.4079 lr=2.973e-04 grad_norm=2.627 samples/s=107.21
[step 1310/20000] loss=1.6951 lr=2.973e-04 grad_norm=1.728 samples/s=107.23
[step 1320/20000] loss=0.8968 lr=2.973e-04 grad_norm=2.096 samples/s=107.11
[step 1330/20000] loss=0.7206 lr=2.972e-04 grad_norm=1.022 samples/s=107.15
[step 1340/20000] loss=0.9739 lr=2.972e-04 grad_norm=1.785 samples/s=107.09
[step 1350/20000] loss=1.2007 lr=2.971e-04 grad_norm=1.783 samples/s=107.18
[step 1360/20000] loss=1.2046 lr=2.971e-04 grad_norm=2.111 samples/s=107.10
[step 1370/20000] loss=1.2886 lr=2.970e-04 grad_norm=1.545 samples/s=107.20
[step 1380/20000] loss=1.3625 lr=2.970e-04 grad_norm=1.720 samples/s=107.09
[step 1390/20000] loss=1.4159 lr=2.969e-04 grad_norm=2.701 samples/s=107.03
[step 1400/20000] loss=1.5053 lr=2.969e-04 grad_norm=2.830 samples/s=107.09
[step 1410/20000] loss=1.7482 lr=2.968e-04 grad_norm=2.330 samples/s=107.13
[step 1420/20000] loss=0.7671 lr=2.968e-04 grad_norm=1.557 samples/s=107.06
[step 1430/20000] loss=0.7110 lr=2.967e-04 grad_norm=2.101 samples/s=107.04
[step 1440/20000] loss=0.8306 lr=2.967e-04 grad_norm=1.386 samples/s=107.11
[step 1450/20000] loss=0.9727 lr=2.966e-04 grad_norm=1.159 samples/s=107.01
[step 1460/20000] loss=1.2785 lr=2.966e-04 grad_norm=1.573 samples/s=107.07
[step 1470/20000] loss=1.9245 lr=2.965e-04 grad_norm=3.005 samples/s=107.05
[step 1480/20000] loss=2.4309 lr=2.965e-04 grad_norm=4.849 samples/s=107.03
[step 1490/20000] loss=1.1963 lr=2.964e-04 grad_norm=1.344 samples/s=107.02
[step 1500/20000] loss=0.7625 lr=2.964e-04 grad_norm=1.051 samples/s=107.04
[val step 1500] loss=1.2714553003311158 m01={'mean': 0.4090972921316286, 'median': 0.4091945606136885, 'p95': 0.6798349391414139, 'tail_frac_gt4px': 0.0, 'n_matched': 12199} m02={'12-16': 0.9117647058823529, '16-32': 0.9536392024981984, '32-64': 0.9448595722751868, '64-128': 0.9421618204804045} m04={'accuracy': 0.970407410443479, 'by_octave': {'12-16': 0.8893105629348513, '16-32': 0.9806045340050378, '32-64': 0.9896373056994818, '64-128': 0.9761824890976183}} diag={'gate3_alpha_mean': 0.2738182246685028, 'gate3_alpha_min': 0.01224517822265625, 'gate3_alpha_max': 0.97265625, 'gate3_alpha_std': 0.15712040662765503, 'gate3_alpha_p10': 0.08494415879249573, 'gate3_alpha_p50': 0.2525634765625, 'gate3_alpha_p90': 0.48046875, 'block0_attn_entropy': 7.054325580596924, 'block1_attn_entropy': 7.465789794921875}
[step 1510/20000] loss=1.1991 lr=2.963e-04 grad_norm=2.126 samples/s=107.51
[step 1520/20000] loss=0.7661 lr=2.963e-04 grad_norm=1.626 samples/s=107.97
[step 1530/20000] loss=1.7599 lr=2.962e-04 grad_norm=2.221 samples/s=107.92
[step 1540/20000] loss=1.5159 lr=2.962e-04 grad_norm=2.636 samples/s=107.98
[step 1550/20000] loss=1.1125 lr=2.961e-04 grad_norm=1.000 samples/s=107.89
[step 1560/20000] loss=2.2009 lr=2.961e-04 grad_norm=2.566 samples/s=107.95
[step 1570/20000] loss=1.4366 lr=2.960e-04 grad_norm=2.086 samples/s=107.88
[step 1580/20000] loss=1.2425 lr=2.960e-04 grad_norm=1.654 samples/s=107.96
[step 1590/20000] loss=1.6869 lr=2.959e-04 grad_norm=1.570 samples/s=107.84
[step 1600/20000] loss=0.7983 lr=2.959e-04 grad_norm=1.300 samples/s=107.98
[step 1610/20000] loss=1.8209 lr=2.958e-04 grad_norm=2.509 samples/s=107.89
[step 1620/20000] loss=1.0173 lr=2.958e-04 grad_norm=1.734 samples/s=107.95
[step 1630/20000] loss=1.5037 lr=2.957e-04 grad_norm=2.092 samples/s=107.90
[step 1640/20000] loss=1.4102 lr=2.956e-04 grad_norm=1.600 samples/s=107.94
[step 1650/20000] loss=0.9455 lr=2.956e-04 grad_norm=2.087 samples/s=107.88
[step 1660/20000] loss=0.9004 lr=2.955e-04 grad_norm=1.333 samples/s=107.85
[step 1670/20000] loss=1.6993 lr=2.955e-04 grad_norm=2.614 samples/s=107.89
[step 1680/20000] loss=1.0637 lr=2.954e-04 grad_norm=1.199 samples/s=107.91
[step 1690/20000] loss=0.8130 lr=2.954e-04 grad_norm=2.422 samples/s=107.81
[step 1700/20000] loss=1.3267 lr=2.953e-04 grad_norm=1.786 samples/s=107.88
[step 1710/20000] loss=1.6036 lr=2.952e-04 grad_norm=4.245 samples/s=107.79
[step 1720/20000] loss=1.2113 lr=2.952e-04 grad_norm=1.730 samples/s=107.87
[step 1730/20000] loss=0.5516 lr=2.951e-04 grad_norm=1.487 samples/s=107.77
[step 1740/20000] loss=1.0867 lr=2.951e-04 grad_norm=1.316 samples/s=107.78
[step 1750/20000] loss=0.8490 lr=2.950e-04 grad_norm=1.934 samples/s=107.72
[step 1760/20000] loss=0.8664 lr=2.949e-04 grad_norm=2.056 samples/s=107.77
[step 1770/20000] loss=1.2228 lr=2.949e-04 grad_norm=1.742 samples/s=107.69
[step 1780/20000] loss=1.0359 lr=2.948e-04 grad_norm=1.819 samples/s=107.72
[step 1790/20000] loss=1.2904 lr=2.948e-04 grad_norm=1.689 samples/s=107.74
[step 1800/20000] loss=1.2482 lr=2.947e-04 grad_norm=2.210 samples/s=107.76
[step 1810/20000] loss=1.6212 lr=2.946e-04 grad_norm=1.387 samples/s=107.78
[step 1820/20000] loss=1.2795 lr=2.946e-04 grad_norm=2.658 samples/s=107.78
[step 1830/20000] loss=1.0763 lr=2.945e-04 grad_norm=1.722 samples/s=107.73
[step 1840/20000] loss=1.2109 lr=2.944e-04 grad_norm=1.617 samples/s=107.80
[step 1850/20000] loss=1.3718 lr=2.944e-04 grad_norm=1.580 samples/s=107.72
[step 1860/20000] loss=0.9550 lr=2.943e-04 grad_norm=1.466 samples/s=107.81
[step 1870/20000] loss=0.6097 lr=2.942e-04 grad_norm=0.919 samples/s=107.76
[step 1880/20000] loss=1.1387 lr=2.942e-04 grad_norm=1.430 samples/s=107.80
[step 1890/20000] loss=2.7323 lr=2.941e-04 grad_norm=3.072 samples/s=107.72
[step 1900/20000] loss=1.8094 lr=2.941e-04 grad_norm=1.900 samples/s=107.75
[step 1910/20000] loss=0.7110 lr=2.940e-04 grad_norm=0.950 samples/s=107.68
[step 1920/20000] loss=1.2000 lr=2.939e-04 grad_norm=2.520 samples/s=107.78
[step 1930/20000] loss=1.2423 lr=2.939e-04 grad_norm=1.735 samples/s=107.73
[step 1940/20000] loss=1.0708 lr=2.938e-04 grad_norm=1.503 samples/s=107.77
[step 1950/20000] loss=1.2725 lr=2.937e-04 grad_norm=1.892 samples/s=107.62
[step 1960/20000] loss=1.3139 lr=2.937e-04 grad_norm=1.989 samples/s=107.67
[step 1970/20000] loss=1.0392 lr=2.936e-04 grad_norm=1.067 samples/s=107.55
[step 1980/20000] loss=1.3709 lr=2.935e-04 grad_norm=1.414 samples/s=107.58
[step 1990/20000] loss=1.1664 lr=2.934e-04 grad_norm=1.727 samples/s=107.54
[step 2000/20000] loss=1.1309 lr=2.934e-04 grad_norm=2.142 samples/s=107.59
[val step 2000] loss=1.269190724849701 m01={'mean': 0.4078649235002281, 'median': 0.4088558660896236, 'p95': 0.6760961673445092, 'tail_frac_gt4px': 0.0, 'n_matched': 12193} m02={'12-16': 0.9094579008073818, '16-32': 0.9524381455680999, '32-64': 0.9453749033754187, '64-128': 0.9424778761061947} m04={'accuracy': 0.9746575904207332, 'by_octave': {'12-16': 0.911857958148383, '16-32': 0.980327868852459, '32-64': 0.9899155083128918, '64-128': 0.9815560026827632}} diag={'gate3_alpha_mean': 0.3071231544017792, 'gate3_alpha_min': 0.017597198486328125, 'gate3_alpha_max': 0.9736328125, 'gate3_alpha_std': 0.1661825031042099, 'gate3_alpha_p10': 0.101531982421875, 'gate3_alpha_p50': 0.28802490234375, 'gate3_alpha_p90': 0.530029296875, 'block0_attn_entropy': 7.007235527038574, 'block1_attn_entropy': 6.785813331604004}
[step 2010/20000] loss=1.2412 lr=2.933e-04 grad_norm=1.192 samples/s=107.94
[step 2020/20000] loss=0.6530 lr=2.932e-04 grad_norm=1.965 samples/s=108.29
[step 2030/20000] loss=1.0711 lr=2.932e-04 grad_norm=1.484 samples/s=108.26
[step 2040/20000] loss=0.6782 lr=2.931e-04 grad_norm=1.678 samples/s=108.32
[step 2050/20000] loss=1.8331 lr=2.930e-04 grad_norm=1.154 samples/s=108.26
[step 2060/20000] loss=1.3224 lr=2.930e-04 grad_norm=1.352 samples/s=108.24
[step 2070/20000] loss=0.8151 lr=2.929e-04 grad_norm=0.878 samples/s=108.25
[step 2080/20000] loss=1.6996 lr=2.928e-04 grad_norm=2.462 samples/s=108.25
[step 2090/20000] loss=1.4644 lr=2.927e-04 grad_norm=2.207 samples/s=108.22
[step 2100/20000] loss=1.2738 lr=2.927e-04 grad_norm=1.565 samples/s=108.22
[step 2110/20000] loss=2.1615 lr=2.926e-04 grad_norm=1.889 samples/s=108.17
[step 2120/20000] loss=1.1318 lr=2.925e-04 grad_norm=1.355 samples/s=108.26
[step 2130/20000] loss=1.2158 lr=2.924e-04 grad_norm=2.067 samples/s=108.16
[step 2140/20000] loss=1.9798 lr=2.924e-04 grad_norm=1.762 samples/s=108.19
[step 2150/20000] loss=1.2674 lr=2.923e-04 grad_norm=1.131 samples/s=108.15
[step 2160/20000] loss=0.8550 lr=2.922e-04 grad_norm=1.725 samples/s=108.22
[step 2170/20000] loss=0.6946 lr=2.921e-04 grad_norm=0.948 samples/s=108.12
[step 2180/20000] loss=1.6791 lr=2.921e-04 grad_norm=2.871 samples/s=108.13
[step 2190/20000] loss=1.0853 lr=2.920e-04 grad_norm=2.425 samples/s=108.08
[step 2200/20000] loss=2.2679 lr=2.919e-04 grad_norm=2.086 samples/s=108.14
[step 2210/20000] loss=1.8882 lr=2.918e-04 grad_norm=2.034 samples/s=108.12
[step 2220/20000] loss=0.8624 lr=2.918e-04 grad_norm=1.409 samples/s=108.14
[step 2230/20000] loss=1.4374 lr=2.917e-04 grad_norm=1.379 samples/s=108.08
[step 2240/20000] loss=1.4415 lr=2.916e-04 grad_norm=1.602 samples/s=108.12
[step 2250/20000] loss=1.7035 lr=2.915e-04 grad_norm=2.341 samples/s=108.12
[step 2260/20000] loss=1.0226 lr=2.915e-04 grad_norm=1.847 samples/s=108.03
[step 2270/20000] loss=0.8729 lr=2.914e-04 grad_norm=1.299 samples/s=108.09
[step 2280/20000] loss=1.0802 lr=2.913e-04 grad_norm=2.248 samples/s=108.03
[step 2290/20000] loss=1.7506 lr=2.912e-04 grad_norm=1.767 samples/s=108.04
[step 2300/20000] loss=1.6282 lr=2.911e-04 grad_norm=2.532 samples/s=108.03
[step 2310/20000] loss=1.1919 lr=2.911e-04 grad_norm=1.290 samples/s=107.99
[step 2320/20000] loss=0.9405 lr=2.910e-04 grad_norm=1.072 samples/s=107.97
[step 2330/20000] loss=0.9084 lr=2.909e-04 grad_norm=1.384 samples/s=107.94
[step 2340/20000] loss=1.1673 lr=2.908e-04 grad_norm=1.755 samples/s=107.98
[step 2350/20000] loss=1.3860 lr=2.907e-04 grad_norm=2.282 samples/s=107.97
[step 2360/20000] loss=1.2850 lr=2.907e-04 grad_norm=1.399 samples/s=107.95
[step 2370/20000] loss=1.1455 lr=2.906e-04 grad_norm=1.702 samples/s=107.88
[step 2380/20000] loss=1.3207 lr=2.905e-04 grad_norm=1.456 samples/s=107.94
[step 2390/20000] loss=1.9837 lr=2.904e-04 grad_norm=3.853 samples/s=107.89
[step 2400/20000] loss=1.5815 lr=2.903e-04 grad_norm=2.025 samples/s=107.91
[step 2410/20000] loss=1.1820 lr=2.902e-04 grad_norm=1.334 samples/s=107.86
[step 2420/20000] loss=1.7545 lr=2.902e-04 grad_norm=1.457 samples/s=107.92
[step 2430/20000] loss=1.0125 lr=2.901e-04 grad_norm=1.110 samples/s=107.89
[step 2440/20000] loss=0.9016 lr=2.900e-04 grad_norm=0.982 samples/s=107.94
[step 2450/20000] loss=1.6371 lr=2.899e-04 grad_norm=3.157 samples/s=107.90
[step 2460/20000] loss=0.9115 lr=2.898e-04 grad_norm=1.542 samples/s=107.96
[step 2470/20000] loss=1.0005 lr=2.897e-04 grad_norm=1.451 samples/s=107.90
[step 2480/20000] loss=1.1182 lr=2.896e-04 grad_norm=1.469 samples/s=107.89
[step 2490/20000] loss=1.6309 lr=2.896e-04 grad_norm=2.066 samples/s=107.89
[step 2500/20000] loss=0.8821 lr=2.895e-04 grad_norm=1.065 samples/s=107.93
[val step 2500] loss=1.2532547225952149 m01={'mean': 0.40802196176156497, 'median': 0.4090742831425255, 'p95': 0.6767616762841024, 'tail_frac_gt4px': 0.0, 'n_matched': 12187} m02={'12-16': 0.908881199538639, '16-32': 0.9529185683401393, '32-64': 0.9453749033754187, '64-128': 0.9402654867256637} m04={'accuracy': 0.977106753097563, 'by_octave': {'12-16': 0.9213197969543148, '16-32': 0.9808419460549533, '32-64': 0.9918233851185609, '64-128': 0.9835294117647059}} diag={'gate3_alpha_mean': 0.2947138845920563, 'gate3_alpha_min': 0.012861251831054688, 'gate3_alpha_max': 0.98046875, 'gate3_alpha_std': 0.1652073860168457, 'gate3_alpha_p10': 0.09226837754249573, 'gate3_alpha_p50': 0.2744140625, 'gate3_alpha_p90': 0.5087890625, 'block0_attn_entropy': 7.051400661468506, 'block1_attn_entropy': 7.118159294128418}
[step 2510/20000] loss=0.8445 lr=2.894e-04 grad_norm=1.072 samples/s=108.21
[step 2520/20000] loss=0.7889 lr=2.893e-04 grad_norm=1.547 samples/s=108.49
[step 2530/20000] loss=0.9013 lr=2.892e-04 grad_norm=1.293 samples/s=108.48
[step 2540/20000] loss=1.7011 lr=2.891e-04 grad_norm=1.420 samples/s=108.53
[step 2550/20000] loss=0.9035 lr=2.890e-04 grad_norm=1.583 samples/s=108.45
[step 2560/20000] loss=0.7528 lr=2.890e-04 grad_norm=1.619 samples/s=108.48
[step 2570/20000] loss=0.7822 lr=2.889e-04 grad_norm=1.638 samples/s=108.39
[step 2580/20000] loss=1.3694 lr=2.888e-04 grad_norm=1.359 samples/s=108.43
[step 2590/20000] loss=1.5028 lr=2.887e-04 grad_norm=3.069 samples/s=108.33
[step 2600/20000] loss=1.2361 lr=2.886e-04 grad_norm=2.294 samples/s=108.36
[step 2610/20000] loss=1.1810 lr=2.885e-04 grad_norm=2.159 samples/s=108.34
[step 2620/20000] loss=1.8334 lr=2.884e-04 grad_norm=1.917 samples/s=108.41
[step 2630/20000] loss=1.2647 lr=2.883e-04 grad_norm=1.512 samples/s=108.35
[step 2640/20000] loss=0.8535 lr=2.882e-04 grad_norm=1.908 samples/s=108.42
[step 2650/20000] loss=0.7064 lr=2.881e-04 grad_norm=0.956 samples/s=108.42
[step 2660/20000] loss=1.0717 lr=2.880e-04 grad_norm=1.009 samples/s=108.45
[step 2670/20000] loss=1.6874 lr=2.880e-04 grad_norm=1.982 samples/s=108.36
[step 2680/20000] loss=1.2263 lr=2.879e-04 grad_norm=1.864 samples/s=108.43
[step 2690/20000] loss=1.6087 lr=2.878e-04 grad_norm=1.938 samples/s=108.36
[step 2700/20000] loss=1.1641 lr=2.877e-04 grad_norm=0.772 samples/s=108.40
[step 2710/20000] loss=1.0099 lr=2.876e-04 grad_norm=1.338 samples/s=108.37
[step 2720/20000] loss=2.2677 lr=2.875e-04 grad_norm=1.730 samples/s=108.41
[step 2730/20000] loss=1.7756 lr=2.874e-04 grad_norm=2.064 samples/s=108.34
[step 2740/20000] loss=0.7526 lr=2.873e-04 grad_norm=1.345 samples/s=108.36
[step 2750/20000] loss=0.8652 lr=2.872e-04 grad_norm=1.296 samples/s=108.30
[step 2760/20000] loss=0.9537 lr=2.871e-04 grad_norm=1.863 samples/s=108.36
[step 2770/20000] loss=0.9847 lr=2.870e-04 grad_norm=1.281 samples/s=108.28
[step 2780/20000] loss=1.3872 lr=2.869e-04 grad_norm=2.518 samples/s=108.31
[step 2790/20000] loss=0.7686 lr=2.868e-04 grad_norm=2.155 samples/s=108.23
[step 2800/20000] loss=1.1785 lr=2.867e-04 grad_norm=1.416 samples/s=108.21
[step 2810/20000] loss=0.9207 lr=2.866e-04 grad_norm=1.712 samples/s=108.15
[step 2820/20000] loss=0.6735 lr=2.865e-04 grad_norm=1.356 samples/s=108.19
[step 2830/20000] loss=1.8091 lr=2.864e-04 grad_norm=1.813 samples/s=108.16
[step 2840/20000] loss=1.2561 lr=2.863e-04 grad_norm=1.895 samples/s=108.12
[step 2850/20000] loss=1.1757 lr=2.862e-04 grad_norm=1.345 samples/s=108.14
[step 2860/20000] loss=0.8239 lr=2.861e-04 grad_norm=2.270 samples/s=108.11
[step 2870/20000] loss=1.5283 lr=2.860e-04 grad_norm=2.113 samples/s=108.14
[step 2880/20000] loss=0.8096 lr=2.859e-04 grad_norm=1.104 samples/s=108.07
[step 2890/20000] loss=0.9913 lr=2.858e-04 grad_norm=1.862 samples/s=108.11
[step 2900/20000] loss=1.3341 lr=2.857e-04 grad_norm=2.061 samples/s=108.03
[step 2910/20000] loss=1.0142 lr=2.856e-04 grad_norm=1.345 samples/s=108.04
[step 2920/20000] loss=1.0789 lr=2.855e-04 grad_norm=1.053 samples/s=107.97
[step 2930/20000] loss=0.8095 lr=2.854e-04 grad_norm=1.191 samples/s=108.03
[step 2940/20000] loss=1.0641 lr=2.853e-04 grad_norm=1.128 samples/s=107.94
[step 2950/20000] loss=0.6955 lr=2.852e-04 grad_norm=1.004 samples/s=107.99
[step 2960/20000] loss=1.2818 lr=2.851e-04 grad_norm=1.690 samples/s=107.91
[step 2970/20000] loss=0.8998 lr=2.850e-04 grad_norm=1.494 samples/s=107.92
[step 2980/20000] loss=0.8804 lr=2.849e-04 grad_norm=1.813 samples/s=107.85
[step 2990/20000] loss=1.6064 lr=2.848e-04 grad_norm=1.452 samples/s=107.90
[step 3000/20000] loss=0.7722 lr=2.847e-04 grad_norm=0.889 samples/s=107.84
[val step 3000] loss=1.248007746219635 m01={'mean': 0.4089978376838713, 'median': 0.4091439553597353, 'p95': 0.678313646983688, 'tail_frac_gt4px': 0.0, 'n_matched': 12201} m02={'12-16': 0.9117647058823529, '16-32': 0.9541196252702379, '32-64': 0.9461479000257665, '64-128': 0.9405815423514539} m04={'accuracy': 0.9810671256454389, 'by_octave': {'12-16': 0.9278937381404174, '16-32': 0.9853977844914401, '32-64': 0.994281045751634, '64-128': 0.9872311827956989}} diag={'gate3_alpha_mean': 0.2835085093975067, 'gate3_alpha_min': 0.011922836303710938, 'gate3_alpha_max': 0.97412109375, 'gate3_alpha_std': 0.1633940488100052, 'gate3_alpha_p10': 0.0899505615234375, 'gate3_alpha_p50': 0.25830078125, 'gate3_alpha_p90': 0.5047607421875, 'block0_attn_entropy': 6.970088005065918, 'block1_attn_entropy': 6.84506368637085}
[step 3010/20000] loss=1.1018 lr=2.846e-04 grad_norm=1.595 samples/s=108.08
[step 3020/20000] loss=0.8773 lr=2.845e-04 grad_norm=0.752 samples/s=108.31
[step 3030/20000] loss=1.5207 lr=2.844e-04 grad_norm=1.732 samples/s=108.29
[step 3040/20000] loss=0.7645 lr=2.843e-04 grad_norm=1.464 samples/s=108.32
[step 3050/20000] loss=1.0227 lr=2.842e-04 grad_norm=1.546 samples/s=108.28
[step 3060/20000] loss=1.3586 lr=2.841e-04 grad_norm=1.534 samples/s=108.34
[step 3070/20000] loss=1.0215 lr=2.840e-04 grad_norm=1.473 samples/s=108.29
[step 3080/20000] loss=1.2853 lr=2.839e-04 grad_norm=1.917 samples/s=108.29
[step 3090/20000] loss=1.0579 lr=2.838e-04 grad_norm=1.481 samples/s=108.22
[step 3100/20000] loss=0.6326 lr=2.837e-04 grad_norm=1.523 samples/s=108.26
[step 3110/20000] loss=1.1913 lr=2.836e-04 grad_norm=1.114 samples/s=108.19
[step 3120/20000] loss=1.3234 lr=2.835e-04 grad_norm=1.627 samples/s=108.23
[step 3130/20000] loss=1.5164 lr=2.833e-04 grad_norm=2.204 samples/s=108.17
[step 3140/20000] loss=1.5094 lr=2.832e-04 grad_norm=1.706 samples/s=108.16
[step 3150/20000] loss=0.8402 lr=2.831e-04 grad_norm=1.109 samples/s=108.17
[step 3160/20000] loss=1.2712 lr=2.830e-04 grad_norm=1.332 samples/s=108.16
[step 3170/20000] loss=1.0072 lr=2.829e-04 grad_norm=1.481 samples/s=108.17
[step 3180/20000] loss=1.5773 lr=2.828e-04 grad_norm=1.780 samples/s=108.07
[step 3190/20000] loss=1.0700 lr=2.827e-04 grad_norm=1.729 samples/s=108.07
[step 3200/20000] loss=1.0408 lr=2.826e-04 grad_norm=2.122 samples/s=108.00
[step 3210/20000] loss=1.2034 lr=2.825e-04 grad_norm=1.434 samples/s=108.03
[step 3220/20000] loss=1.0982 lr=2.824e-04 grad_norm=1.939 samples/s=107.99
[step 3230/20000] loss=1.2218 lr=2.822e-04 grad_norm=0.956 samples/s=108.01
[step 3240/20000] loss=2.3327 lr=2.821e-04 grad_norm=2.690 samples/s=107.95
[step 3250/20000] loss=1.7946 lr=2.820e-04 grad_norm=1.360 samples/s=107.97
[step 3260/20000] loss=0.8980 lr=2.819e-04 grad_norm=1.559 samples/s=107.92
[step 3270/20000] loss=1.0232 lr=2.818e-04 grad_norm=1.364 samples/s=107.95
[step 3280/20000] loss=1.8884 lr=2.817e-04 grad_norm=1.903 samples/s=107.89
[step 3290/20000] loss=1.3314 lr=2.816e-04 grad_norm=1.509 samples/s=107.92
[step 3300/20000] loss=1.2100 lr=2.815e-04 grad_norm=1.493 samples/s=107.84
[step 3310/20000] loss=0.6942 lr=2.813e-04 grad_norm=1.778 samples/s=107.86
[step 3320/20000] loss=1.2291 lr=2.812e-04 grad_norm=1.905 samples/s=107.79
[step 3330/20000] loss=1.5715 lr=2.811e-04 grad_norm=1.693 samples/s=107.82
[step 3340/20000] loss=1.1280 lr=2.810e-04 grad_norm=1.847 samples/s=107.76
[step 3350/20000] loss=1.5113 lr=2.809e-04 grad_norm=1.747 samples/s=107.80
[step 3360/20000] loss=1.5271 lr=2.808e-04 grad_norm=1.032 samples/s=107.77
[step 3370/20000] loss=1.0358 lr=2.807e-04 grad_norm=1.880 samples/s=107.82
[step 3380/20000] loss=1.4680 lr=2.805e-04 grad_norm=1.943 samples/s=107.79
[step 3390/20000] loss=0.9323 lr=2.804e-04 grad_norm=1.379 samples/s=107.82
[step 3400/20000] loss=2.2182 lr=2.803e-04 grad_norm=1.691 samples/s=107.78
[step 3410/20000] loss=0.8246 lr=2.802e-04 grad_norm=1.716 samples/s=107.82
[step 3420/20000] loss=1.2755 lr=2.801e-04 grad_norm=1.684 samples/s=107.77
[step 3430/20000] loss=1.0210 lr=2.800e-04 grad_norm=1.197 samples/s=107.83
[step 3440/20000] loss=0.9686 lr=2.798e-04 grad_norm=1.192 samples/s=107.76
[step 3450/20000] loss=0.8811 lr=2.797e-04 grad_norm=1.150 samples/s=107.80
[step 3460/20000] loss=0.8960 lr=2.796e-04 grad_norm=2.010 samples/s=107.75
[step 3470/20000] loss=2.2404 lr=2.795e-04 grad_norm=1.625 samples/s=107.78
[step 3480/20000] loss=0.8508 lr=2.794e-04 grad_norm=0.951 samples/s=107.75
[step 3490/20000] loss=0.9052 lr=2.792e-04 grad_norm=1.391 samples/s=107.76
[step 3500/20000] loss=1.5999 lr=2.791e-04 grad_norm=1.471 samples/s=107.71
[val step 3500] loss=1.2468186030387878 m01={'mean': 0.40860053262409785, 'median': 0.40910609570700807, 'p95': 0.6793308663344099, 'tail_frac_gt4px': 0.0, 'n_matched': 12201} m02={'12-16': 0.9129181084198386, '16-32': 0.953158779726159, '32-64': 0.9458902344756506, '64-128': 0.9415297092288243} m04={'accuracy': 0.981313007130563, 'by_octave': {'12-16': 0.9248262792166771, '16-32': 0.9863911290322581, '32-64': 0.9918278398256606, '64-128': 0.9916079221215173}} diag={'gate3_alpha_mean': 0.25987207889556885, 'gate3_alpha_min': 0.011709213256835938, 'gate3_alpha_max': 0.98046875, 'gate3_alpha_std': 0.15514984726905823, 'gate3_alpha_p10': 0.079559326171875, 'gate3_alpha_p50': 0.23626708984375, 'gate3_alpha_p90': 0.453125, 'block0_attn_entropy': 6.980628490447998, 'block1_attn_entropy': 6.913605213165283}
[step 3510/20000] loss=0.9493 lr=2.790e-04 grad_norm=1.072 samples/s=107.91
[step 3520/20000] loss=0.5483 lr=2.789e-04 grad_norm=0.641 samples/s=108.11
[step 3530/20000] loss=1.4127 lr=2.788e-04 grad_norm=1.230 samples/s=108.08
[step 3540/20000] loss=1.0310 lr=2.786e-04 grad_norm=0.910 samples/s=108.10
[step 3550/20000] loss=1.0326 lr=2.785e-04 grad_norm=1.249 samples/s=108.09
[step 3560/20000] loss=2.3309 lr=2.784e-04 grad_norm=2.618 samples/s=108.06
[step 3570/20000] loss=0.7912 lr=2.783e-04 grad_norm=2.045 samples/s=108.09
[step 3580/20000] loss=0.8508 lr=2.782e-04 grad_norm=1.193 samples/s=108.10
[step 3590/20000] loss=0.9391 lr=2.780e-04 grad_norm=1.424 samples/s=108.08
[step 3600/20000] loss=0.9555 lr=2.779e-04 grad_norm=1.825 samples/s=108.08
[step 3610/20000] loss=1.5878 lr=2.778e-04 grad_norm=1.152 samples/s=108.03
[step 3620/20000] loss=0.8455 lr=2.777e-04 grad_norm=1.051 samples/s=108.06
[step 3630/20000] loss=1.0268 lr=2.775e-04 grad_norm=1.408 samples/s=108.03
[step 3640/20000] loss=0.8381 lr=2.774e-04 grad_norm=1.016 samples/s=108.06
[step 3650/20000] loss=1.2273 lr=2.773e-04 grad_norm=2.019 samples/s=108.02
[step 3660/20000] loss=1.6562 lr=2.772e-04 grad_norm=1.203 samples/s=108.04
[step 3670/20000] loss=0.6729 lr=2.770e-04 grad_norm=1.042 samples/s=108.00
[step 3680/20000] loss=1.2897 lr=2.769e-04 grad_norm=1.418 samples/s=108.03
[step 3690/20000] loss=0.8944 lr=2.768e-04 grad_norm=1.465 samples/s=108.03
[step 3700/20000] loss=1.2006 lr=2.767e-04 grad_norm=1.325 samples/s=107.99
[step 3710/20000] loss=1.1669 lr=2.765e-04 grad_norm=1.278 samples/s=108.02
[step 3720/20000] loss=1.1327 lr=2.764e-04 grad_norm=1.644 samples/s=107.96
[step 3730/20000] loss=1.4702 lr=2.763e-04 grad_norm=1.545 samples/s=108.01
[step 3740/20000] loss=1.1066 lr=2.762e-04 grad_norm=1.206 samples/s=107.98
[step 3750/20000] loss=1.0774 lr=2.760e-04 grad_norm=1.021 samples/s=107.99
[step 3760/20000] loss=0.7692 lr=2.759e-04 grad_norm=1.537 samples/s=107.93
[step 3770/20000] loss=0.6921 lr=2.758e-04 grad_norm=1.285 samples/s=107.98
[step 3780/20000] loss=2.3476 lr=2.756e-04 grad_norm=1.916 samples/s=107.96
[step 3790/20000] loss=0.8396 lr=2.755e-04 grad_norm=1.054 samples/s=107.95
[step 3800/20000] loss=1.5962 lr=2.754e-04 grad_norm=1.624 samples/s=107.98
[step 3810/20000] loss=1.4051 lr=2.753e-04 grad_norm=1.272 samples/s=107.95
[step 3820/20000] loss=1.4389 lr=2.751e-04 grad_norm=1.453 samples/s=107.97
[step 3830/20000] loss=1.5401 lr=2.750e-04 grad_norm=1.486 samples/s=107.93
[step 3840/20000] loss=1.0125 lr=2.749e-04 grad_norm=1.329 samples/s=107.95
[step 3850/20000] loss=0.9377 lr=2.747e-04 grad_norm=1.394 samples/s=107.96
[step 3860/20000] loss=1.1506 lr=2.746e-04 grad_norm=2.446 samples/s=107.91
[step 3870/20000] loss=2.1181 lr=2.745e-04 grad_norm=2.122 samples/s=107.94
[step 3880/20000] loss=0.8085 lr=2.743e-04 grad_norm=1.359 samples/s=107.90
[step 3890/20000] loss=0.7267 lr=2.742e-04 grad_norm=1.906 samples/s=107.92
[step 3900/20000] loss=0.6567 lr=2.741e-04 grad_norm=0.724 samples/s=107.86
[step 3910/20000] loss=0.8609 lr=2.740e-04 grad_norm=0.990 samples/s=107.88
[step 3920/20000] loss=1.8933 lr=2.738e-04 grad_norm=2.649 samples/s=107.85
[step 3930/20000] loss=1.0776 lr=2.737e-04 grad_norm=1.045 samples/s=107.86
[step 3940/20000] loss=1.8601 lr=2.736e-04 grad_norm=2.516 samples/s=107.81
[step 3950/20000] loss=0.7474 lr=2.734e-04 grad_norm=0.847 samples/s=107.85
[step 3960/20000] loss=1.3277 lr=2.733e-04 grad_norm=2.132 samples/s=107.80
[step 3970/20000] loss=1.1414 lr=2.732e-04 grad_norm=1.289 samples/s=107.83
[step 3980/20000] loss=1.1254 lr=2.730e-04 grad_norm=1.781 samples/s=107.78
[step 3990/20000] loss=0.7888 lr=2.729e-04 grad_norm=1.206 samples/s=107.85
[step 4000/20000] loss=1.1859 lr=2.727e-04 grad_norm=2.744 samples/s=107.81
[val step 4000] loss=1.2350553612709045 m01={'mean': 0.40789869427104364, 'median': 0.40858137532990735, 'p95': 0.6768625606664678, 'tail_frac_gt4px': 0.0, 'n_matched': 12194} m02={'12-16': 0.9100346020761245, '16-32': 0.953158779726159, '32-64': 0.9453749033754187, '64-128': 0.9415297092288243} m04={'accuracy': 0.983926521239954, 'by_octave': {'12-16': 0.9315589353612167, '16-32': 0.9891633064516129, '32-64': 0.9964568002180431, '64-128': 0.9892581403155422}} diag={'gate3_alpha_mean': 0.26749762892723083, 'gate3_alpha_min': 0.011621475219726562, 'gate3_alpha_max': 0.97998046875, 'gate3_alpha_std': 0.1606239676475525, 'gate3_alpha_p10': 0.08087158203125, 'gate3_alpha_p50': 0.24029541015625, 'gate3_alpha_p90': 0.47492027282714844, 'block0_attn_entropy': 7.014900207519531, 'block1_attn_entropy': 7.033195972442627}
[step 4010/20000] loss=1.3225 lr=2.726e-04 grad_norm=1.237 samples/s=107.98
[step 4020/20000] loss=1.0782 lr=2.725e-04 grad_norm=1.143 samples/s=108.16
[step 4030/20000] loss=1.1092 lr=2.723e-04 grad_norm=1.682 samples/s=108.12
[step 4040/20000] loss=0.9382 lr=2.722e-04 grad_norm=1.455 samples/s=108.17
[step 4050/20000] loss=1.1657 lr=2.721e-04 grad_norm=1.087 samples/s=108.12
[step 4060/20000] loss=1.3371 lr=2.719e-04 grad_norm=1.948 samples/s=108.15
[step 4070/20000] loss=1.1935 lr=2.718e-04 grad_norm=1.135 samples/s=108.12
[step 4080/20000] loss=0.8991 lr=2.717e-04 grad_norm=1.035 samples/s=108.14
[step 4090/20000] loss=1.5058 lr=2.715e-04 grad_norm=1.251 samples/s=108.12
[step 4100/20000] loss=2.1411 lr=2.714e-04 grad_norm=2.366 samples/s=108.14
[step 4110/20000] loss=1.7394 lr=2.712e-04 grad_norm=2.426 samples/s=108.12
[step 4120/20000] loss=1.3751 lr=2.711e-04 grad_norm=2.099 samples/s=108.11
[step 4130/20000] loss=1.6122 lr=2.710e-04 grad_norm=1.343 samples/s=108.12
[step 4140/20000] loss=1.0706 lr=2.708e-04 grad_norm=1.319 samples/s=108.07
[step 4150/20000] loss=0.9534 lr=2.707e-04 grad_norm=1.723 samples/s=108.11
[step 4160/20000] loss=1.3151 lr=2.705e-04 grad_norm=1.329 samples/s=108.04
[step 4170/20000] loss=0.9431 lr=2.704e-04 grad_norm=1.009 samples/s=108.06
[step 4180/20000] loss=1.2866 lr=2.703e-04 grad_norm=1.419 samples/s=108.05
[step 4190/20000] loss=0.7446 lr=2.701e-04 grad_norm=1.049 samples/s=108.07
[step 4200/20000] loss=0.9507 lr=2.700e-04 grad_norm=1.341 samples/s=108.02
[step 4210/20000] loss=0.9866 lr=2.698e-04 grad_norm=1.203 samples/s=108.03
[step 4220/20000] loss=1.7227 lr=2.697e-04 grad_norm=1.881 samples/s=108.00
[step 4230/20000] loss=1.3016 lr=2.696e-04 grad_norm=1.566 samples/s=108.00
[step 4240/20000] loss=1.7718 lr=2.694e-04 grad_norm=1.609 samples/s=107.98
[step 4250/20000] loss=1.4329 lr=2.693e-04 grad_norm=1.959 samples/s=108.00
[step 4260/20000] loss=1.4088 lr=2.691e-04 grad_norm=1.167 samples/s=108.00
[step 4270/20000] loss=0.9308 lr=2.690e-04 grad_norm=1.900 samples/s=107.99
[step 4280/20000] loss=1.8779 lr=2.688e-04 grad_norm=1.455 samples/s=107.99
[step 4290/20000] loss=1.3232 lr=2.687e-04 grad_norm=2.712 samples/s=107.99
[step 4300/20000] loss=1.4645 lr=2.686e-04 grad_norm=1.573 samples/s=107.98
[step 4310/20000] loss=1.4360 lr=2.684e-04 grad_norm=1.826 samples/s=107.97
[step 4320/20000] loss=1.4871 lr=2.683e-04 grad_norm=1.374 samples/s=107.98
[step 4330/20000] loss=1.4203 lr=2.681e-04 grad_norm=1.448 samples/s=107.96
[step 4340/20000] loss=0.9008 lr=2.680e-04 grad_norm=0.853 samples/s=107.97
[step 4350/20000] loss=1.1515 lr=2.678e-04 grad_norm=1.436 samples/s=107.98
[step 4360/20000] loss=0.6442 lr=2.677e-04 grad_norm=0.931 samples/s=107.96
[step 4370/20000] loss=1.2636 lr=2.675e-04 grad_norm=1.685 samples/s=107.95
[step 4380/20000] loss=0.7842 lr=2.674e-04 grad_norm=1.688 samples/s=107.94
[step 4390/20000] loss=1.0204 lr=2.672e-04 grad_norm=1.445 samples/s=107.93
[step 4400/20000] loss=1.2262 lr=2.671e-04 grad_norm=1.970 samples/s=107.90
[step 4410/20000] loss=1.0769 lr=2.669e-04 grad_norm=1.978 samples/s=107.93
[step 4420/20000] loss=0.7537 lr=2.668e-04 grad_norm=1.093 samples/s=107.92
[step 4430/20000] loss=1.2124 lr=2.667e-04 grad_norm=1.919 samples/s=107.90
[step 4440/20000] loss=0.4700 lr=2.665e-04 grad_norm=0.633 samples/s=107.92
[step 4450/20000] loss=1.0603 lr=2.664e-04 grad_norm=1.171 samples/s=107.92
[step 4460/20000] loss=1.2787 lr=2.662e-04 grad_norm=1.752 samples/s=107.91
[step 4470/20000] loss=1.9076 lr=2.661e-04 grad_norm=1.484 samples/s=107.88
[step 4480/20000] loss=0.7709 lr=2.659e-04 grad_norm=1.018 samples/s=107.89
[step 4490/20000] loss=1.8556 lr=2.658e-04 grad_norm=1.692 samples/s=107.90
[step 4500/20000] loss=0.8493 lr=2.656e-04 grad_norm=1.007 samples/s=107.91
[val step 4500] loss=1.2367809162139893 m01={'mean': 0.40953629016695253, 'median': 0.40910680225672524, 'p95': 0.6789812362744054, 'tail_frac_gt4px': 8.197393228953193e-05, 'n_matched': 12199} m02={'12-16': 0.9117647058823529, '16-32': 0.9541196252702379, '32-64': 0.9451172378253028, '64-128': 0.9412136536030341} m04={'accuracy': 0.9829494220837773, 'by_octave': {'12-16': 0.931056293485136, '16-32': 0.9889224572004028, '32-64': 0.9948200654307524, '64-128': 0.9879113498992612}} diag={'gate3_alpha_mean': 0.272670716047287, 'gate3_alpha_min': 0.009222984313964844, 'gate3_alpha_max': 0.98486328125, 'gate3_alpha_std': 0.16459250450134277, 'gate3_alpha_p10': 0.081573486328125, 'gate3_alpha_p50': 0.24737548828125, 'gate3_alpha_p90': 0.47607421875, 'block0_attn_entropy': 6.981106281280518, 'block1_attn_entropy': 6.570966720581055}
[step 4510/20000] loss=1.3931 lr=2.655e-04 grad_norm=1.737 samples/s=108.06
[step 4520/20000] loss=0.9260 lr=2.653e-04 grad_norm=0.943 samples/s=108.22
[step 4530/20000] loss=0.8767 lr=2.652e-04 grad_norm=1.027 samples/s=108.22
[step 4540/20000] loss=1.4153 lr=2.650e-04 grad_norm=1.397 samples/s=108.22
[step 4550/20000] loss=2.1148 lr=2.649e-04 grad_norm=2.963 samples/s=108.22
[step 4560/20000] loss=0.5988 lr=2.647e-04 grad_norm=0.954 samples/s=108.21
[step 4570/20000] loss=0.9353 lr=2.645e-04 grad_norm=1.356 samples/s=108.20
[step 4580/20000] loss=1.5576 lr=2.644e-04 grad_norm=2.000 samples/s=108.20
[step 4590/20000] loss=1.0858 lr=2.642e-04 grad_norm=1.535 samples/s=108.21
[step 4600/20000] loss=2.3017 lr=2.641e-04 grad_norm=2.080 samples/s=108.19
[step 4610/20000] loss=1.3231 lr=2.639e-04 grad_norm=1.950 samples/s=108.19
[step 4620/20000] loss=1.5106 lr=2.638e-04 grad_norm=1.792 samples/s=108.19
[step 4630/20000] loss=1.2555 lr=2.636e-04 grad_norm=1.630 samples/s=108.18
[step 4640/20000] loss=1.3368 lr=2.635e-04 grad_norm=1.164 samples/s=108.16
[step 4650/20000] loss=0.7830 lr=2.633e-04 grad_norm=0.939 samples/s=108.16
[step 4660/20000] loss=0.6676 lr=2.632e-04 grad_norm=1.173 samples/s=108.13
[step 4670/20000] loss=1.7653 lr=2.630e-04 grad_norm=1.690 samples/s=108.13
[step 4680/20000] loss=0.7846 lr=2.629e-04 grad_norm=1.186 samples/s=108.11
[step 4690/20000] loss=1.2943 lr=2.627e-04 grad_norm=2.222 samples/s=108.09
[step 4700/20000] loss=0.5858 lr=2.625e-04 grad_norm=1.217 samples/s=108.06
[step 4710/20000] loss=1.0187 lr=2.624e-04 grad_norm=1.530 samples/s=108.05
[step 4720/20000] loss=1.4889 lr=2.622e-04 grad_norm=1.408 samples/s=108.03
[step 4730/20000] loss=1.0314 lr=2.621e-04 grad_norm=1.464 samples/s=108.06
[step 4740/20000] loss=1.0695 lr=2.619e-04 grad_norm=1.509 samples/s=108.02
[step 4750/20000] loss=1.8653 lr=2.618e-04 grad_norm=2.024 samples/s=108.05
[step 4760/20000] loss=1.2192 lr=2.616e-04 grad_norm=2.526 samples/s=108.01
[step 4770/20000] loss=0.8297 lr=2.615e-04 grad_norm=1.112 samples/s=108.02
[step 4780/20000] loss=1.7069 lr=2.613e-04 grad_norm=2.445 samples/s=107.96
[step 4790/20000] loss=1.4685 lr=2.611e-04 grad_norm=1.676 samples/s=107.97
[step 4800/20000] loss=0.9756 lr=2.610e-04 grad_norm=1.246 samples/s=107.92
[step 4810/20000] loss=1.1499 lr=2.608e-04 grad_norm=1.312 samples/s=107.93
[step 4820/20000] loss=1.5287 lr=2.607e-04 grad_norm=1.714 samples/s=107.88
[step 4830/20000] loss=1.3426 lr=2.605e-04 grad_norm=1.526 samples/s=107.91
[step 4840/20000] loss=1.1676 lr=2.603e-04 grad_norm=2.096 samples/s=107.88
[step 4850/20000] loss=0.8087 lr=2.602e-04 grad_norm=1.818 samples/s=107.88
[step 4860/20000] loss=1.0218 lr=2.600e-04 grad_norm=0.974 samples/s=107.85
[step 4870/20000] loss=0.7753 lr=2.599e-04 grad_norm=1.729 samples/s=107.87
[step 4880/20000] loss=0.9758 lr=2.597e-04 grad_norm=1.761 samples/s=107.85
[step 4890/20000] loss=2.0411 lr=2.595e-04 grad_norm=2.232 samples/s=107.87
[step 4900/20000] loss=1.1498 lr=2.594e-04 grad_norm=2.053 samples/s=107.84
[step 4910/20000] loss=1.0076 lr=2.592e-04 grad_norm=1.160 samples/s=107.84
[step 4920/20000] loss=0.9170 lr=2.591e-04 grad_norm=2.033 samples/s=107.78
[step 4930/20000] loss=1.3441 lr=2.589e-04 grad_norm=1.717 samples/s=107.79
[step 4940/20000] loss=1.4355 lr=2.587e-04 grad_norm=2.151 samples/s=107.75
[step 4950/20000] loss=1.0716 lr=2.586e-04 grad_norm=1.586 samples/s=107.77
[step 4960/20000] loss=0.6091 lr=2.584e-04 grad_norm=0.754 samples/s=107.74
[step 4970/20000] loss=1.0375 lr=2.582e-04 grad_norm=1.274 samples/s=107.76
[step 4980/20000] loss=1.3811 lr=2.581e-04 grad_norm=1.686 samples/s=107.70
[step 4990/20000] loss=0.9078 lr=2.579e-04 grad_norm=1.649 samples/s=107.73
[step 5000/20000] loss=1.3715 lr=2.578e-04 grad_norm=1.482 samples/s=107.70
[val step 5000] loss=1.2302867541313172 m01={'mean': 0.40905924315576947, 'median': 0.4089598097228616, 'p95': 0.6776894435824107, 'tail_frac_gt4px': 8.202099737532808e-05, 'n_matched': 12192} m02={'12-16': 0.9100346020761245, '16-32': 0.9533989911121787, '32-64': 0.9448595722751868, '64-128': 0.9412136536030341} m04={'accuracy': 0.9826935695538058, 'by_octave': {'12-16': 0.9207858048162231, '16-32': 0.9881582262534644, '32-64': 0.9942732478865558, '64-128': 0.9939556749496307}} diag={'gate3_alpha_mean': 0.2693347632884979, 'gate3_alpha_min': 0.012144088745117188, 'gate3_alpha_max': 0.9794921875, 'gate3_alpha_std': 0.14975103735923767, 'gate3_alpha_p10': 0.08984375, 'gate3_alpha_p50': 0.2518196105957031, 'gate3_alpha_p90': 0.44677734375, 'block0_attn_entropy': 6.9631147384643555, 'block1_attn_entropy': 6.324970245361328}
[step 5010/20000] loss=1.1660 lr=2.576e-04 grad_norm=1.336 samples/s=107.83
[step 5020/20000] loss=0.9127 lr=2.574e-04 grad_norm=1.377 samples/s=107.97
[step 5030/20000] loss=0.8836 lr=2.573e-04 grad_norm=1.317 samples/s=107.96
[step 5040/20000] loss=0.6795 lr=2.571e-04 grad_norm=1.134 samples/s=107.96
[step 5050/20000] loss=1.3384 lr=2.569e-04 grad_norm=2.013 samples/s=107.94
[step 5060/20000] loss=1.4017 lr=2.568e-04 grad_norm=1.304 samples/s=107.95
[step 5070/20000] loss=1.4547 lr=2.566e-04 grad_norm=1.507 samples/s=107.92
[step 5080/20000] loss=1.1158 lr=2.564e-04 grad_norm=1.413 samples/s=107.91
[step 5090/20000] loss=1.7733 lr=2.563e-04 grad_norm=1.520 samples/s=107.91
[step 5100/20000] loss=1.7833 lr=2.561e-04 grad_norm=1.674 samples/s=107.89
[step 5110/20000] loss=2.2085 lr=2.559e-04 grad_norm=2.171 samples/s=107.91
[step 5120/20000] loss=1.2168 lr=2.558e-04 grad_norm=1.108 samples/s=107.92
[step 5130/20000] loss=1.2098 lr=2.556e-04 grad_norm=1.660 samples/s=107.90
[step 5140/20000] loss=1.7210 lr=2.554e-04 grad_norm=1.804 samples/s=107.90
[step 5150/20000] loss=1.0249 lr=2.553e-04 grad_norm=1.853 samples/s=107.89
[step 5160/20000] loss=1.7275 lr=2.551e-04 grad_norm=1.982 samples/s=107.88
[step 5170/20000] loss=0.6286 lr=2.549e-04 grad_norm=0.973 samples/s=107.90
[step 5180/20000] loss=1.5370 lr=2.548e-04 grad_norm=1.377 samples/s=107.86
[step 5190/20000] loss=1.3422 lr=2.546e-04 grad_norm=1.433 samples/s=107.88
[step 5200/20000] loss=1.5431 lr=2.544e-04 grad_norm=1.494 samples/s=107.82
[step 5210/20000] loss=1.2523 lr=2.543e-04 grad_norm=1.624 samples/s=107.84
[step 5220/20000] loss=1.3330 lr=2.541e-04 grad_norm=2.980 samples/s=107.82
[step 5230/20000] loss=0.8787 lr=2.539e-04 grad_norm=1.343 samples/s=107.84
[step 5240/20000] loss=0.9195 lr=2.538e-04 grad_norm=2.195 samples/s=107.79
[step 5250/20000] loss=1.3817 lr=2.536e-04 grad_norm=1.810 samples/s=107.81
[step 5260/20000] loss=0.8168 lr=2.534e-04 grad_norm=1.008 samples/s=107.78
[step 5270/20000] loss=1.2477 lr=2.532e-04 grad_norm=2.021 samples/s=107.80
[step 5280/20000] loss=1.1377 lr=2.531e-04 grad_norm=1.610 samples/s=107.74
[step 5290/20000] loss=0.6134 lr=2.529e-04 grad_norm=1.225 samples/s=107.73
[step 5300/20000] loss=1.4643 lr=2.527e-04 grad_norm=1.220 samples/s=107.68
[step 5310/20000] loss=1.2417 lr=2.526e-04 grad_norm=0.923 samples/s=107.69
[step 5320/20000] loss=1.4127 lr=2.524e-04 grad_norm=2.419 samples/s=107.67
[step 5330/20000] loss=0.6251 lr=2.522e-04 grad_norm=1.485 samples/s=107.70
[step 5340/20000] loss=0.9812 lr=2.520e-04 grad_norm=1.098 samples/s=107.70
[step 5350/20000] loss=1.1675 lr=2.519e-04 grad_norm=1.070 samples/s=107.73
[step 5360/20000] loss=1.5104 lr=2.517e-04 grad_norm=1.504 samples/s=107.69
[step 5370/20000] loss=0.9380 lr=2.515e-04 grad_norm=1.498 samples/s=107.71
[step 5380/20000] loss=1.6721 lr=2.513e-04 grad_norm=1.202 samples/s=107.69
[step 5390/20000] loss=2.2432 lr=2.512e-04 grad_norm=2.356 samples/s=107.72
[step 5400/20000] loss=1.3516 lr=2.510e-04 grad_norm=1.203 samples/s=107.70
[step 5410/20000] loss=2.1712 lr=2.508e-04 grad_norm=2.033 samples/s=107.71
[step 5420/20000] loss=1.3222 lr=2.507e-04 grad_norm=2.036 samples/s=107.68
[step 5430/20000] loss=1.6083 lr=2.505e-04 grad_norm=1.467 samples/s=107.70
[step 5440/20000] loss=0.6917 lr=2.503e-04 grad_norm=1.000 samples/s=107.66
[step 5450/20000] loss=0.8095 lr=2.501e-04 grad_norm=1.446 samples/s=107.67
[step 5460/20000] loss=0.8322 lr=2.500e-04 grad_norm=2.307 samples/s=107.65
[step 5470/20000] loss=2.0864 lr=2.498e-04 grad_norm=1.789 samples/s=107.67
[step 5480/20000] loss=0.8827 lr=2.496e-04 grad_norm=2.832 samples/s=107.63
[step 5490/20000] loss=0.7877 lr=2.494e-04 grad_norm=1.139 samples/s=107.64
[step 5500/20000] loss=0.7712 lr=2.492e-04 grad_norm=1.414 samples/s=107.60
[val step 5500] loss=1.2253822655677795 m01={'mean': 0.409500007376897, 'median': 0.40886697895715307, 'p95': 0.678244939359168, 'tail_frac_gt4px': 0.00016406890894175554, 'n_matched': 12190} m02={'12-16': 0.9140715109573241, '16-32': 0.9536392024981984, '32-64': 0.9446019067250708, '64-128': 0.9383691529709229} m04={'accuracy': 0.9840032813781788, 'by_octave': {'12-16': 0.9268138801261829, '16-32': 0.9894206549118388, '32-64': 0.9956355701036552, '64-128': 0.9929269114179858}} diag={'gate3_alpha_mean': 0.28329041600227356, 'gate3_alpha_min': 0.0110626220703125, 'gate3_alpha_max': 0.986328125, 'gate3_alpha_std': 0.16507430374622345, 'gate3_alpha_p10': 0.085113525390625, 'gate3_alpha_p50': 0.2607421875, 'gate3_alpha_p90': 0.489013671875, 'block0_attn_entropy': 6.981595993041992, 'block1_attn_entropy': 6.420565605163574}
[step 5510/20000] loss=1.3064 lr=2.491e-04 grad_norm=1.804 samples/s=107.73
[step 5520/20000] loss=1.5534 lr=2.489e-04 grad_norm=1.831 samples/s=107.86
[step 5530/20000] loss=0.8723 lr=2.487e-04 grad_norm=0.980 samples/s=107.83
[step 5540/20000] loss=0.6332 lr=2.485e-04 grad_norm=1.448 samples/s=107.85
[step 5550/20000] loss=1.6067 lr=2.484e-04 grad_norm=1.418 samples/s=107.83
[step 5560/20000] loss=0.5967 lr=2.482e-04 grad_norm=1.257 samples/s=107.82
[step 5570/20000] loss=1.0985 lr=2.480e-04 grad_norm=1.168 samples/s=107.83
[step 5580/20000] loss=1.2963 lr=2.478e-04 grad_norm=1.406 samples/s=107.82
[step 5590/20000] loss=1.5005 lr=2.476e-04 grad_norm=2.564 samples/s=107.84
[step 5600/20000] loss=1.0795 lr=2.475e-04 grad_norm=1.270 samples/s=107.81
[step 5610/20000] loss=1.3822 lr=2.473e-04 grad_norm=3.098 samples/s=107.82
[step 5620/20000] loss=0.9836 lr=2.471e-04 grad_norm=1.193 samples/s=107.81
[step 5630/20000] loss=0.7154 lr=2.469e-04 grad_norm=1.125 samples/s=107.83
[step 5640/20000] loss=1.7022 lr=2.468e-04 grad_norm=1.615 samples/s=107.80
[step 5650/20000] loss=1.5147 lr=2.466e-04 grad_norm=1.341 samples/s=107.82
[step 5660/20000] loss=0.8245 lr=2.464e-04 grad_norm=1.270 samples/s=107.80
[step 5670/20000] loss=0.9879 lr=2.462e-04 grad_norm=0.707 samples/s=107.81
[step 5680/20000] loss=1.3629 lr=2.460e-04 grad_norm=1.336 samples/s=107.78
[step 5690/20000] loss=1.4783 lr=2.459e-04 grad_norm=1.367 samples/s=107.79
[step 5700/20000] loss=1.2528 lr=2.457e-04 grad_norm=1.731 samples/s=107.76
[step 5710/20000] loss=1.1657 lr=2.455e-04 grad_norm=1.899 samples/s=107.79
[step 5720/20000] loss=1.5109 lr=2.453e-04 grad_norm=1.951 samples/s=107.76
[step 5730/20000] loss=1.0087 lr=2.451e-04 grad_norm=1.243 samples/s=107.77
[step 5740/20000] loss=0.5997 lr=2.449e-04 grad_norm=0.711 samples/s=107.76
[step 5750/20000] loss=1.9062 lr=2.448e-04 grad_norm=1.572 samples/s=107.76
[step 5760/20000] loss=1.8316 lr=2.446e-04 grad_norm=1.753 samples/s=107.74
[step 5770/20000] loss=0.9407 lr=2.444e-04 grad_norm=1.153 samples/s=107.75
[step 5780/20000] loss=1.1533 lr=2.442e-04 grad_norm=2.526 samples/s=107.73
[step 5790/20000] loss=1.1412 lr=2.440e-04 grad_norm=1.488 samples/s=107.74
[step 5800/20000] loss=1.3661 lr=2.438e-04 grad_norm=1.488 samples/s=107.71
[step 5810/20000] loss=1.4545 lr=2.437e-04 grad_norm=1.653 samples/s=107.70
[step 5820/20000] loss=1.0533 lr=2.435e-04 grad_norm=0.891 samples/s=107.70
[step 5830/20000] loss=0.8346 lr=2.433e-04 grad_norm=1.173 samples/s=107.69
[step 5840/20000] loss=1.4776 lr=2.431e-04 grad_norm=1.885 samples/s=107.70
[step 5850/20000] loss=1.4471 lr=2.429e-04 grad_norm=2.933 samples/s=107.69
[step 5860/20000] loss=1.1061 lr=2.427e-04 grad_norm=1.301 samples/s=107.69
[step 5870/20000] loss=1.2984 lr=2.426e-04 grad_norm=1.030 samples/s=107.69
[step 5880/20000] loss=1.3884 lr=2.424e-04 grad_norm=2.920 samples/s=107.69
[step 5890/20000] loss=1.2864 lr=2.422e-04 grad_norm=1.818 samples/s=107.71
[step 5900/20000] loss=1.6884 lr=2.420e-04 grad_norm=1.374 samples/s=107.67
[step 5910/20000] loss=0.9775 lr=2.418e-04 grad_norm=1.109 samples/s=107.68
[step 5920/20000] loss=0.6717 lr=2.416e-04 grad_norm=1.258 samples/s=107.65
[step 5930/20000] loss=1.6024 lr=2.414e-04 grad_norm=1.326 samples/s=107.68
[step 5940/20000] loss=0.6715 lr=2.413e-04 grad_norm=0.857 samples/s=107.67
[step 5950/20000] loss=1.8775 lr=2.411e-04 grad_norm=2.935 samples/s=107.69
[step 5960/20000] loss=1.0136 lr=2.409e-04 grad_norm=1.088 samples/s=107.67
[step 5970/20000] loss=0.9133 lr=2.407e-04 grad_norm=1.464 samples/s=107.69
[step 5980/20000] loss=1.3907 lr=2.405e-04 grad_norm=1.845 samples/s=107.66
[step 5990/20000] loss=2.1000 lr=2.403e-04 grad_norm=3.304 samples/s=107.67
[step 6000/20000] loss=1.0282 lr=2.401e-04 grad_norm=0.922 samples/s=107.63
[val step 6000] loss=1.220224971294403 m01={'mean': 0.409051931456661, 'median': 0.4088207511441335, 'p95': 0.6777972482562602, 'tail_frac_gt4px': 0.00016405545074235091, 'n_matched': 12191} m02={'12-16': 0.9123414071510957, '16-32': 0.9536392024981984, '32-64': 0.9443442411749549, '64-128': 0.9399494310998736} m04={'accuracy': 0.9856451480600443, 'by_octave': {'12-16': 0.9361567635903919, '16-32': 0.9919395465994962, '32-64': 0.9945429740791268, '64-128': 0.9926025554808339}} diag={'gate3_alpha_mean': 0.28229978680610657, 'gate3_alpha_min': 0.008785247802734375, 'gate3_alpha_max': 0.98095703125, 'gate3_alpha_std': 0.1678401231765747, 'gate3_alpha_p10': 0.083953857421875, 'gate3_alpha_p50': 0.2581024169921875, 'gate3_alpha_p90': 0.4942626953125, 'block0_attn_entropy': 6.999287128448486, 'block1_attn_entropy': 6.698382377624512}
[step 6010/20000] loss=1.0642 lr=2.399e-04 grad_norm=1.701 samples/s=107.75
[step 6020/20000] loss=1.1251 lr=2.398e-04 grad_norm=1.100 samples/s=107.86
[step 6030/20000] loss=0.6657 lr=2.396e-04 grad_norm=0.630 samples/s=107.83
[step 6040/20000] loss=0.8593 lr=2.394e-04 grad_norm=0.948 samples/s=107.85
[step 6050/20000] loss=1.3332 lr=2.392e-04 grad_norm=1.400 samples/s=107.83
[step 6060/20000] loss=1.1327 lr=2.390e-04 grad_norm=2.461 samples/s=107.86
[step 6070/20000] loss=0.7714 lr=2.388e-04 grad_norm=0.968 samples/s=107.82
[step 6080/20000] loss=1.0310 lr=2.386e-04 grad_norm=1.813 samples/s=107.84
[step 6090/20000] loss=0.9911 lr=2.384e-04 grad_norm=1.212 samples/s=107.81
[step 6100/20000] loss=0.6119 lr=2.382e-04 grad_norm=0.985 samples/s=107.83
[step 6110/20000] loss=0.8636 lr=2.380e-04 grad_norm=1.086 samples/s=107.81
[step 6120/20000] loss=1.0735 lr=2.379e-04 grad_norm=1.000 samples/s=107.83
[step 6130/20000] loss=1.1928 lr=2.377e-04 grad_norm=1.018 samples/s=107.80
[step 6140/20000] loss=0.7124 lr=2.375e-04 grad_norm=0.786 samples/s=107.81
[step 6150/20000] loss=1.0381 lr=2.373e-04 grad_norm=0.907 samples/s=107.79
[step 6160/20000] loss=1.3938 lr=2.371e-04 grad_norm=1.103 samples/s=107.79
[step 6170/20000] loss=0.9424 lr=2.369e-04 grad_norm=1.971 samples/s=107.79
[step 6180/20000] loss=1.4584 lr=2.367e-04 grad_norm=0.951 samples/s=107.77
[step 6190/20000] loss=0.7162 lr=2.365e-04 grad_norm=1.082 samples/s=107.78
[step 6200/20000] loss=1.5083 lr=2.363e-04 grad_norm=1.477 samples/s=107.74
[step 6210/20000] loss=0.7744 lr=2.361e-04 grad_norm=0.820 samples/s=107.77
[step 6220/20000] loss=1.0850 lr=2.359e-04 grad_norm=0.910 samples/s=107.74
[step 6230/20000] loss=1.0584 lr=2.357e-04 grad_norm=1.581 samples/s=107.75
[step 6240/20000] loss=0.9118 lr=2.356e-04 grad_norm=1.468 samples/s=107.72
[step 6250/20000] loss=0.8476 lr=2.354e-04 grad_norm=1.391 samples/s=107.73
[step 6260/20000] loss=1.4519 lr=2.352e-04 grad_norm=2.018 samples/s=107.71
[step 6270/20000] loss=1.0575 lr=2.350e-04 grad_norm=1.068 samples/s=107.73
[step 6280/20000] loss=1.1290 lr=2.348e-04 grad_norm=1.152 samples/s=107.71
[step 6290/20000] loss=0.9203 lr=2.346e-04 grad_norm=0.859 samples/s=107.74
[step 6300/20000] loss=1.1731 lr=2.344e-04 grad_norm=1.552 samples/s=107.69
[step 6310/20000] loss=2.1081 lr=2.342e-04 grad_norm=4.219 samples/s=107.70
[step 6320/20000] loss=1.0685 lr=2.340e-04 grad_norm=1.656 samples/s=107.68
[step 6330/20000] loss=1.2960 lr=2.338e-04 grad_norm=2.209 samples/s=107.71
[step 6340/20000] loss=0.7698 lr=2.336e-04 grad_norm=1.302 samples/s=107.67
[step 6350/20000] loss=0.9442 lr=2.334e-04 grad_norm=1.369 samples/s=107.69
[step 6360/20000] loss=1.0668 lr=2.332e-04 grad_norm=2.297 samples/s=107.66
[step 6370/20000] loss=1.5192 lr=2.330e-04 grad_norm=1.658 samples/s=107.69
[step 6380/20000] loss=1.6045 lr=2.328e-04 grad_norm=1.488 samples/s=107.66
[step 6390/20000] loss=1.6839 lr=2.326e-04 grad_norm=1.745 samples/s=107.68
[step 6400/20000] loss=0.8155 lr=2.324e-04 grad_norm=1.240 samples/s=107.67
[step 6410/20000] loss=1.1489 lr=2.322e-04 grad_norm=1.853 samples/s=107.69
[step 6420/20000] loss=0.8452 lr=2.320e-04 grad_norm=0.899 samples/s=107.67
[step 6430/20000] loss=0.9353 lr=2.318e-04 grad_norm=1.465 samples/s=107.68
[step 6440/20000] loss=0.8366 lr=2.316e-04 grad_norm=0.626 samples/s=107.63
[step 6450/20000] loss=1.1390 lr=2.314e-04 grad_norm=1.631 samples/s=107.64
[step 6460/20000] loss=1.2342 lr=2.312e-04 grad_norm=1.321 samples/s=107.61
[step 6470/20000] loss=1.2166 lr=2.311e-04 grad_norm=1.109 samples/s=107.64
[step 6480/20000] loss=0.9564 lr=2.309e-04 grad_norm=1.438 samples/s=107.61
[step 6490/20000] loss=0.6687 lr=2.307e-04 grad_norm=1.495 samples/s=107.62
[step 6500/20000] loss=0.9750 lr=2.305e-04 grad_norm=1.813 samples/s=107.58
[val step 6500] loss=1.217623462677002 m01={'mean': 0.40928807323035005, 'median': 0.4088226806099023, 'p95': 0.678312549249283, 'tail_frac_gt4px': 0.00016389412439564042, 'n_matched': 12203} m02={'12-16': 0.9158016147635525, '16-32': 0.9538794138842182, '32-64': 0.9453749033754187, '64-128': 0.9402654867256637} m04={'accuracy': 0.9842661640580185, 'by_octave': {'12-16': 0.9326196473551638, '16-32': 0.9886678418534374, '32-64': 0.9959116925592805, '64-128': 0.9915966386554622}} diag={'gate3_alpha_mean': 0.2985718250274658, 'gate3_alpha_min': 0.010111808776855469, 'gate3_alpha_max': 0.9892578125, 'gate3_alpha_std': 0.17406755685806274, 'gate3_alpha_p10': 0.09318390488624573, 'gate3_alpha_p50': 0.27239990234375, 'gate3_alpha_p90': 0.5252685546875, 'block0_attn_entropy': 7.015355110168457, 'block1_attn_entropy': 6.787705898284912}
[step 6510/20000] loss=1.5523 lr=2.303e-04 grad_norm=1.556 samples/s=107.69
[step 6520/20000] loss=1.4143 lr=2.301e-04 grad_norm=1.117 samples/s=107.80
[step 6530/20000] loss=1.2329 lr=2.299e-04 grad_norm=1.263 samples/s=107.79
[step 6540/20000] loss=0.9136 lr=2.297e-04 grad_norm=1.719 samples/s=107.80
[step 6550/20000] loss=1.0594 lr=2.295e-04 grad_norm=1.339 samples/s=107.77
[step 6560/20000] loss=0.7694 lr=2.293e-04 grad_norm=0.938 samples/s=107.80
[step 6570/20000] loss=1.9207 lr=2.291e-04 grad_norm=1.328 samples/s=107.77
[step 6580/20000] loss=1.8993 lr=2.289e-04 grad_norm=1.339 samples/s=107.79
[step 6590/20000] loss=0.7024 lr=2.287e-04 grad_norm=1.568 samples/s=107.75
[step 6600/20000] loss=2.9012 lr=2.285e-04 grad_norm=1.545 samples/s=107.77
[step 6610/20000] loss=1.1581 lr=2.283e-04 grad_norm=1.906 samples/s=107.76
[step 6620/20000] loss=0.7254 lr=2.281e-04 grad_norm=0.896 samples/s=107.75
[step 6630/20000] loss=0.8132 lr=2.279e-04 grad_norm=1.164 samples/s=107.75
[step 6640/20000] loss=0.8734 lr=2.277e-04 grad_norm=1.294 samples/s=107.71
[step 6650/20000] loss=1.1592 lr=2.275e-04 grad_norm=1.162 samples/s=107.73
[step 6660/20000] loss=0.7737 lr=2.273e-04 grad_norm=1.508 samples/s=107.72
[step 6670/20000] loss=0.6954 lr=2.271e-04 grad_norm=1.160 samples/s=107.72
[step 6680/20000] loss=1.4693 lr=2.269e-04 grad_norm=1.391 samples/s=107.69
[step 6690/20000] loss=2.1240 lr=2.266e-04 grad_norm=1.469 samples/s=107.72
[step 6700/20000] loss=0.6470 lr=2.264e-04 grad_norm=1.568 samples/s=107.71
[step 6710/20000] loss=1.3686 lr=2.262e-04 grad_norm=2.541 samples/s=107.74
[step 6720/20000] loss=0.8841 lr=2.260e-04 grad_norm=1.474 samples/s=107.70
[step 6730/20000] loss=1.0594 lr=2.258e-04 grad_norm=1.302 samples/s=107.71
[step 6740/20000] loss=0.8607 lr=2.256e-04 grad_norm=0.766 samples/s=107.68
[step 6750/20000] loss=1.0415 lr=2.254e-04 grad_norm=1.228 samples/s=107.68
[step 6760/20000] loss=0.6708 lr=2.252e-04 grad_norm=1.618 samples/s=107.68
[step 6770/20000] loss=1.2247 lr=2.250e-04 grad_norm=1.257 samples/s=107.68
[step 6780/20000] loss=1.2894 lr=2.248e-04 grad_norm=1.279 samples/s=107.66
[step 6790/20000] loss=0.5345 lr=2.246e-04 grad_norm=0.712 samples/s=107.67
[step 6800/20000] loss=1.6856 lr=2.244e-04 grad_norm=2.193 samples/s=107.67
[step 6810/20000] loss=0.7416 lr=2.242e-04 grad_norm=0.971 samples/s=107.64
[step 6820/20000] loss=1.1519 lr=2.240e-04 grad_norm=1.621 samples/s=107.65
[step 6830/20000] loss=0.8274 lr=2.238e-04 grad_norm=1.501 samples/s=107.65
[step 6840/20000] loss=0.7979 lr=2.236e-04 grad_norm=1.025 samples/s=107.65
[step 6850/20000] loss=1.1031 lr=2.234e-04 grad_norm=1.285 samples/s=107.63
[step 6860/20000] loss=1.2784 lr=2.232e-04 grad_norm=1.348 samples/s=107.65
[step 6870/20000] loss=1.4778 lr=2.230e-04 grad_norm=1.672 samples/s=107.63
[step 6880/20000] loss=1.1860 lr=2.228e-04 grad_norm=1.266 samples/s=107.64
[step 6890/20000] loss=1.4330 lr=2.226e-04 grad_norm=1.923 samples/s=107.64
[step 6900/20000] loss=1.0942 lr=2.224e-04 grad_norm=1.046 samples/s=107.63
[step 6910/20000] loss=1.5031 lr=2.222e-04 grad_norm=1.373 samples/s=107.63
[step 6920/20000] loss=0.7775 lr=2.219e-04 grad_norm=0.877 samples/s=107.64
[step 6930/20000] loss=0.8945 lr=2.217e-04 grad_norm=1.479 samples/s=107.61
[step 6940/20000] loss=1.0233 lr=2.215e-04 grad_norm=1.332 samples/s=107.62
[step 6950/20000] loss=0.8669 lr=2.213e-04 grad_norm=1.011 samples/s=107.61
[step 6960/20000] loss=1.1151 lr=2.211e-04 grad_norm=1.426 samples/s=107.61
[step 6970/20000] loss=1.1033 lr=2.209e-04 grad_norm=1.160 samples/s=107.59
[step 6980/20000] loss=0.6914 lr=2.207e-04 grad_norm=0.760 samples/s=107.58
[step 6990/20000] loss=0.8516 lr=2.205e-04 grad_norm=0.975 samples/s=107.59
[step 7000/20000] loss=1.8149 lr=2.203e-04 grad_norm=2.499 samples/s=107.56
[val step 7000] loss=1.2139884285926819 m01={'mean': 0.4092614711738923, 'median': 0.40864386144576836, 'p95': 0.6783968892878635, 'tail_frac_gt4px': 0.00016384041943147374, 'n_matched': 12207} m02={'12-16': 0.9158016147635525, '16-32': 0.9536392024981984, '32-64': 0.9464055655758825, '64-128': 0.9405815423514539} m04={'accuracy': 0.9846809207831572, 'by_octave': {'12-16': 0.931360201511335, '16-32': 0.9911838790931989, '32-64': 0.9956438878301116, '64-128': 0.9909274193548387}} diag={'gate3_alpha_mean': 0.3048604130744934, 'gate3_alpha_min': 0.012353897094726562, 'gate3_alpha_max': 0.980712890625, 'gate3_alpha_std': 0.1675918847322464, 'gate3_alpha_p10': 0.1020050048828125, 'gate3_alpha_p50': 0.2838592529296875, 'gate3_alpha_p90': 0.5205078125, 'block0_attn_entropy': 7.020167827606201, 'block1_attn_entropy': 6.832793235778809}
[step 7010/20000] loss=0.5730 lr=2.201e-04 grad_norm=1.042 samples/s=107.66
[step 7020/20000] loss=1.5983 lr=2.199e-04 grad_norm=1.521 samples/s=107.76
[step 7030/20000] loss=1.7115 lr=2.197e-04 grad_norm=1.154 samples/s=107.76
[step 7040/20000] loss=0.8685 lr=2.195e-04 grad_norm=1.082 samples/s=107.77
[step 7050/20000] loss=0.6650 lr=2.193e-04 grad_norm=0.910 samples/s=107.77
[step 7060/20000] loss=1.0060 lr=2.190e-04 grad_norm=1.399 samples/s=107.76
[step 7070/20000] loss=2.2876 lr=2.188e-04 grad_norm=2.831 samples/s=107.76
[step 7080/20000] loss=1.5120 lr=2.186e-04 grad_norm=1.587 samples/s=107.74
[step 7090/20000] loss=1.7342 lr=2.184e-04 grad_norm=2.063 samples/s=107.75
[step 7100/20000] loss=1.5145 lr=2.182e-04 grad_norm=1.203 samples/s=107.73
[step 7110/20000] loss=1.1878 lr=2.180e-04 grad_norm=1.773 samples/s=107.73
[step 7120/20000] loss=0.9914 lr=2.178e-04 grad_norm=1.130 samples/s=107.71
[step 7130/20000] loss=0.9564 lr=2.176e-04 grad_norm=1.022 samples/s=107.73
[step 7140/20000] loss=0.8148 lr=2.174e-04 grad_norm=0.856 samples/s=107.70
[step 7150/20000] loss=1.1301 lr=2.172e-04 grad_norm=1.994 samples/s=107.72
[step 7160/20000] loss=0.8472 lr=2.169e-04 grad_norm=0.882 samples/s=107.70
[step 7170/20000] loss=1.0089 lr=2.167e-04 grad_norm=1.154 samples/s=107.72
[step 7180/20000] loss=1.4487 lr=2.165e-04 grad_norm=1.611 samples/s=107.72
[step 7190/20000] loss=0.8701 lr=2.163e-04 grad_norm=1.149 samples/s=107.72
[step 7200/20000] loss=1.4632 lr=2.161e-04 grad_norm=1.371 samples/s=107.70
[step 7210/20000] loss=1.0198 lr=2.159e-04 grad_norm=1.158 samples/s=107.71
[step 7220/20000] loss=1.9560 lr=2.157e-04 grad_norm=1.717 samples/s=107.69
[step 7230/20000] loss=1.6611 lr=2.155e-04 grad_norm=1.468 samples/s=107.70
[step 7240/20000] loss=0.9179 lr=2.153e-04 grad_norm=1.108 samples/s=107.69
[step 7250/20000] loss=1.1586 lr=2.150e-04 grad_norm=1.133 samples/s=107.70
[step 7260/20000] loss=1.2546 lr=2.148e-04 grad_norm=1.283 samples/s=107.66
[step 7270/20000] loss=0.6523 lr=2.146e-04 grad_norm=1.194 samples/s=107.68
[step 7280/20000] loss=1.2255 lr=2.144e-04 grad_norm=1.649 samples/s=107.65
[step 7290/20000] loss=1.6278 lr=2.142e-04 grad_norm=1.614 samples/s=107.66
[step 7300/20000] loss=0.8923 lr=2.140e-04 grad_norm=1.227 samples/s=107.64
[step 7310/20000] loss=1.4789 lr=2.138e-04 grad_norm=1.114 samples/s=107.65
[step 7320/20000] loss=0.9242 lr=2.136e-04 grad_norm=1.450 samples/s=107.62
[step 7330/20000] loss=1.7245 lr=2.133e-04 grad_norm=1.445 samples/s=107.63
[step 7340/20000] loss=0.6375 lr=2.131e-04 grad_norm=0.838 samples/s=107.62
[step 7350/20000] loss=1.8734 lr=2.129e-04 grad_norm=1.707 samples/s=107.65
[step 7360/20000] loss=1.0578 lr=2.127e-04 grad_norm=1.335 samples/s=107.62
[step 7370/20000] loss=1.1161 lr=2.125e-04 grad_norm=1.735 samples/s=107.64
[step 7380/20000] loss=0.6167 lr=2.123e-04 grad_norm=0.780 samples/s=107.61
[step 7390/20000] loss=0.9365 lr=2.121e-04 grad_norm=1.575 samples/s=107.62
[step 7400/20000] loss=1.2596 lr=2.119e-04 grad_norm=1.532 samples/s=107.59
[step 7410/20000] loss=1.7364 lr=2.116e-04 grad_norm=3.865 samples/s=107.60
[step 7420/20000] loss=1.2065 lr=2.114e-04 grad_norm=1.626 samples/s=107.60
[step 7430/20000] loss=0.9530 lr=2.112e-04 grad_norm=0.959 samples/s=107.61
[step 7440/20000] loss=1.1984 lr=2.110e-04 grad_norm=1.135 samples/s=107.60
[step 7450/20000] loss=1.1140 lr=2.108e-04 grad_norm=1.335 samples/s=107.63
[step 7460/20000] loss=1.1486 lr=2.106e-04 grad_norm=1.311 samples/s=107.61
[step 7470/20000] loss=1.0310 lr=2.103e-04 grad_norm=0.804 samples/s=107.62
[step 7480/20000] loss=1.3018 lr=2.101e-04 grad_norm=1.823 samples/s=107.59
[step 7490/20000] loss=1.1498 lr=2.099e-04 grad_norm=1.970 samples/s=107.60
[step 7500/20000] loss=1.5756 lr=2.097e-04 grad_norm=1.354 samples/s=107.58
[val step 7500] loss=1.2202661619186401 m01={'mean': 0.4094427049378197, 'median': 0.4088226806099023, 'p95': 0.6780645926271338, 'tail_frac_gt4px': 0.0002457606291472106, 'n_matched': 12207} m02={'12-16': 0.9134948096885813, '16-32': 0.9538794138842182, '32-64': 0.9458902344756506, '64-128': 0.9421618204804045} m04={'accuracy': 0.9850086016220202, 'by_octave': {'12-16': 0.9343434343434344, '16-32': 0.9911860992193402, '32-64': 0.9950967038953964, '64-128': 0.9912780945991279}} diag={'gate3_alpha_mean': 0.26645368337631226, 'gate3_alpha_min': 0.01111602783203125, 'gate3_alpha_max': 0.9794921875, 'gate3_alpha_std': 0.15583419799804688, 'gate3_alpha_p10': 0.08707351982593536, 'gate3_alpha_p50': 0.2427978515625, 'gate3_alpha_p90': 0.4580078125, 'block0_attn_entropy': 7.039988994598389, 'block1_attn_entropy': 6.494581699371338}
[step 7510/20000] loss=1.1181 lr=2.095e-04 grad_norm=1.067 samples/s=107.68
[step 7520/20000] loss=0.6813 lr=2.093e-04 grad_norm=0.964 samples/s=107.77
[step 7530/20000] loss=1.5045 lr=2.091e-04 grad_norm=1.208 samples/s=107.76
[step 7540/20000] loss=1.1556 lr=2.088e-04 grad_norm=0.963 samples/s=107.78
[step 7550/20000] loss=1.2151 lr=2.086e-04 grad_norm=1.045 samples/s=107.77
[step 7560/20000] loss=1.0466 lr=2.084e-04 grad_norm=2.573 samples/s=107.76
[step 7570/20000] loss=1.5159 lr=2.082e-04 grad_norm=1.462 samples/s=107.73
[step 7580/20000] loss=0.8647 lr=2.080e-04 grad_norm=1.367 samples/s=107.75
[step 7590/20000] loss=0.5198 lr=2.078e-04 grad_norm=0.666 samples/s=107.73
[step 7600/20000] loss=1.3237 lr=2.075e-04 grad_norm=1.042 samples/s=107.74
[step 7610/20000] loss=0.7905 lr=2.073e-04 grad_norm=1.760 samples/s=107.73
[step 7620/20000] loss=1.2616 lr=2.071e-04 grad_norm=1.569 samples/s=107.74
[step 7630/20000] loss=1.3277 lr=2.069e-04 grad_norm=0.954 samples/s=107.72
[step 7640/20000] loss=0.6986 lr=2.067e-04 grad_norm=0.968 samples/s=107.72
[step 7650/20000] loss=1.0159 lr=2.064e-04 grad_norm=0.967 samples/s=107.70
[step 7660/20000] loss=2.7274 lr=2.062e-04 grad_norm=1.534 samples/s=107.70
[step 7670/20000] loss=1.1574 lr=2.060e-04 grad_norm=1.186 samples/s=107.69
[step 7680/20000] loss=1.1239 lr=2.058e-04 grad_norm=1.147 samples/s=107.69
[step 7690/20000] loss=1.0318 lr=2.056e-04 grad_norm=1.241 samples/s=107.70
[step 7700/20000] loss=1.2986 lr=2.054e-04 grad_norm=2.625 samples/s=107.68
[step 7710/20000] loss=1.8934 lr=2.051e-04 grad_norm=2.115 samples/s=107.69
[step 7720/20000] loss=1.7770 lr=2.049e-04 grad_norm=1.520 samples/s=107.69
[step 7730/20000] loss=1.3593 lr=2.047e-04 grad_norm=1.648 samples/s=107.70
[step 7740/20000] loss=0.6850 lr=2.045e-04 grad_norm=1.074 samples/s=107.68
[step 7750/20000] loss=0.9565 lr=2.043e-04 grad_norm=0.992 samples/s=107.70
[step 7760/20000] loss=1.1966 lr=2.040e-04 grad_norm=1.665 samples/s=107.69
[step 7770/20000] loss=1.2917 lr=2.038e-04 grad_norm=1.693 samples/s=107.69
[step 7780/20000] loss=1.0774 lr=2.036e-04 grad_norm=1.759 samples/s=107.68
[step 7790/20000] loss=0.9488 lr=2.034e-04 grad_norm=0.951 samples/s=107.69
[step 7800/20000] loss=1.0208 lr=2.032e-04 grad_norm=1.058 samples/s=107.66
[step 7810/20000] loss=1.4607 lr=2.029e-04 grad_norm=1.757 samples/s=107.67
[step 7820/20000] loss=1.1422 lr=2.027e-04 grad_norm=1.589 samples/s=107.65
[step 7830/20000] loss=2.0748 lr=2.025e-04 grad_norm=1.356 samples/s=107.67
[step 7840/20000] loss=1.7121 lr=2.023e-04 grad_norm=1.729 samples/s=107.66
[step 7850/20000] loss=0.6946 lr=2.021e-04 grad_norm=0.996 samples/s=107.67
[step 7860/20000] loss=1.0191 lr=2.018e-04 grad_norm=0.820 samples/s=107.65
[step 7870/20000] loss=0.7812 lr=2.016e-04 grad_norm=0.818 samples/s=107.66
[step 7880/20000] loss=1.4687 lr=2.014e-04 grad_norm=1.325 samples/s=107.64
[step 7890/20000] loss=1.0697 lr=2.012e-04 grad_norm=1.172 samples/s=107.66
[step 7900/20000] loss=1.0761 lr=2.010e-04 grad_norm=1.091 samples/s=107.64
[step 7910/20000] loss=1.5370 lr=2.007e-04 grad_norm=1.590 samples/s=107.66
[step 7920/20000] loss=0.8875 lr=2.005e-04 grad_norm=0.943 samples/s=107.64
[step 7930/20000] loss=1.3053 lr=2.003e-04 grad_norm=1.363 samples/s=107.65
[step 7940/20000] loss=0.6566 lr=2.001e-04 grad_norm=1.086 samples/s=107.64
[step 7950/20000] loss=1.1129 lr=1.999e-04 grad_norm=1.274 samples/s=107.67
[step 7960/20000] loss=0.8325 lr=1.996e-04 grad_norm=1.407 samples/s=107.64
[step 7970/20000] loss=1.2506 lr=1.994e-04 grad_norm=1.478 samples/s=107.66
[step 7980/20000] loss=1.5045 lr=1.992e-04 grad_norm=1.448 samples/s=107.66
[step 7990/20000] loss=0.9527 lr=1.990e-04 grad_norm=0.781 samples/s=107.66
[step 8000/20000] loss=1.3472 lr=1.987e-04 grad_norm=1.471 samples/s=107.64
[val step 8000] loss=1.212962694644928 m01={'mean': 0.40888940640412724, 'median': 0.40853668612566707, 'p95': 0.6771779058887394, 'tail_frac_gt4px': 0.00016398819285011479, 'n_matched': 12196} m02={'12-16': 0.9123414071510957, '16-32': 0.9536392024981984, '32-64': 0.9461479000257665, '64-128': 0.9393173198482933} m04={'accuracy': 0.9875368973433912, 'by_octave': {'12-16': 0.9506953223767383, '16-32': 0.9906801007556675, '32-64': 0.9948257080610022, '64-128': 0.993943472409152}} diag={'gate3_alpha_mean': 0.2618563771247864, 'gate3_alpha_min': 0.01146697998046875, 'gate3_alpha_max': 0.9794921875, 'gate3_alpha_std': 0.15613023936748505, 'gate3_alpha_p10': 0.084381103515625, 'gate3_alpha_p50': 0.2337646484375, 'gate3_alpha_p90': 0.4547133445739746, 'block0_attn_entropy': 7.0180134773254395, 'block1_attn_entropy': 6.3269853591918945}
[step 8010/20000] loss=0.8802 lr=1.985e-04 grad_norm=1.274 samples/s=107.73
[step 8020/20000] loss=1.2918 lr=1.983e-04 grad_norm=1.440 samples/s=107.82
[step 8030/20000] loss=1.0023 lr=1.981e-04 grad_norm=1.076 samples/s=107.81
[step 8040/20000] loss=1.2073 lr=1.979e-04 grad_norm=2.093 samples/s=107.81
[step 8050/20000] loss=0.7414 lr=1.976e-04 grad_norm=0.864 samples/s=107.81
[step 8060/20000] loss=0.9507 lr=1.974e-04 grad_norm=1.241 samples/s=107.80
[step 8070/20000] loss=0.9301 lr=1.972e-04 grad_norm=1.070 samples/s=107.81
[step 8080/20000] loss=1.0303 lr=1.970e-04 grad_norm=1.048 samples/s=107.80
[step 8090/20000] loss=1.1760 lr=1.967e-04 grad_norm=1.543 samples/s=107.81
[step 8100/20000] loss=0.7122 lr=1.965e-04 grad_norm=0.749 samples/s=107.79
[step 8110/20000] loss=1.0099 lr=1.963e-04 grad_norm=1.104 samples/s=107.80
[step 8120/20000] loss=1.5196 lr=1.961e-04 grad_norm=1.417 samples/s=107.78
[step 8130/20000] loss=1.2874 lr=1.958e-04 grad_norm=2.257 samples/s=107.79
[step 8140/20000] loss=1.7585 lr=1.956e-04 grad_norm=1.602 samples/s=107.77
[step 8150/20000] loss=1.1597 lr=1.954e-04 grad_norm=1.125 samples/s=107.78
[step 8160/20000] loss=1.7296 lr=1.952e-04 grad_norm=1.479 samples/s=107.73
[step 8170/20000] loss=0.9051 lr=1.950e-04 grad_norm=1.474 samples/s=107.73
[step 8180/20000] loss=1.8269 lr=1.947e-04 grad_norm=2.355 samples/s=107.71
[step 8190/20000] loss=1.5686 lr=1.945e-04 grad_norm=1.683 samples/s=107.72
[step 8200/20000] loss=1.1566 lr=1.943e-04 grad_norm=3.149 samples/s=107.70
[step 8210/20000] loss=1.3864 lr=1.941e-04 grad_norm=1.174 samples/s=107.72
[step 8220/20000] loss=0.9768 lr=1.938e-04 grad_norm=1.202 samples/s=107.69
[step 8230/20000] loss=0.9504 lr=1.936e-04 grad_norm=1.221 samples/s=107.70
[step 8240/20000] loss=0.5577 lr=1.934e-04 grad_norm=0.613 samples/s=107.67
[step 8250/20000] loss=1.2543 lr=1.932e-04 grad_norm=1.609 samples/s=107.68
[step 8260/20000] loss=0.9664 lr=1.929e-04 grad_norm=1.094 samples/s=107.65
[step 8270/20000] loss=1.5243 lr=1.927e-04 grad_norm=1.018 samples/s=107.67
[step 8280/20000] loss=0.9710 lr=1.925e-04 grad_norm=1.365 samples/s=107.65
[step 8290/20000] loss=0.8056 lr=1.923e-04 grad_norm=1.385 samples/s=107.66
[step 8300/20000] loss=1.7956 lr=1.920e-04 grad_norm=1.701 samples/s=107.63
[step 8310/20000] loss=1.0506 lr=1.918e-04 grad_norm=1.192 samples/s=107.64
[step 8320/20000] loss=0.7595 lr=1.916e-04 grad_norm=1.061 samples/s=107.61
[step 8330/20000] loss=1.4928 lr=1.914e-04 grad_norm=2.979 samples/s=107.63
[step 8340/20000] loss=1.4754 lr=1.911e-04 grad_norm=1.442 samples/s=107.60
[step 8350/20000] loss=0.8816 lr=1.909e-04 grad_norm=0.830 samples/s=107.62
[step 8360/20000] loss=1.1282 lr=1.907e-04 grad_norm=1.714 samples/s=107.59
[step 8370/20000] loss=0.9442 lr=1.904e-04 grad_norm=0.986 samples/s=107.62
[step 8380/20000] loss=1.5135 lr=1.902e-04 grad_norm=1.501 samples/s=107.59
[step 8390/20000] loss=0.7138 lr=1.900e-04 grad_norm=1.083 samples/s=107.60
[step 8400/20000] loss=1.2151 lr=1.898e-04 grad_norm=1.973 samples/s=107.58
[step 8410/20000] loss=1.1562 lr=1.895e-04 grad_norm=1.102 samples/s=107.59
[step 8420/20000] loss=0.8008 lr=1.893e-04 grad_norm=0.975 samples/s=107.56
[step 8430/20000] loss=0.9139 lr=1.891e-04 grad_norm=0.787 samples/s=107.57
[step 8440/20000] loss=1.6607 lr=1.889e-04 grad_norm=1.493 samples/s=107.54
[step 8450/20000] loss=1.4829 lr=1.886e-04 grad_norm=1.241 samples/s=107.56
[step 8460/20000] loss=1.0752 lr=1.884e-04 grad_norm=0.843 samples/s=107.55
[step 8470/20000] loss=1.1237 lr=1.882e-04 grad_norm=1.300 samples/s=107.55
[step 8480/20000] loss=0.7748 lr=1.880e-04 grad_norm=1.198 samples/s=107.53
[step 8490/20000] loss=1.8661 lr=1.877e-04 grad_norm=1.314 samples/s=107.54
[step 8500/20000] loss=1.0825 lr=1.875e-04 grad_norm=0.932 samples/s=107.52
[val step 8500] loss=1.2114672675132752 m01={'mean': 0.40947448429277744, 'median': 0.40856383849679545, 'p95': 0.6771760030229096, 'tail_frac_gt4px': 0.0002459621218332377, 'n_matched': 12197} m02={'12-16': 0.9129181084198386, '16-32': 0.9526783569541196, '32-64': 0.9443442411749549, '64-128': 0.9427939317319848} m04={'accuracy': 0.9863081085512831, 'by_octave': {'12-16': 0.9418825015792799, '16-32': 0.9914271306101866, '32-64': 0.9942701227830832, '64-128': 0.9932953402614817}} diag={'gate3_alpha_mean': 0.27595284581184387, 'gate3_alpha_min': 0.014881134033203125, 'gate3_alpha_max': 0.9794921875, 'gate3_alpha_std': 0.15603107213974, 'gate3_alpha_p10': 0.09204864501953125, 'gate3_alpha_p50': 0.2525634765625, 'gate3_alpha_p90': 0.4735107421875, 'block0_attn_entropy': 7.008364200592041, 'block1_attn_entropy': 6.385789394378662}
[step 8510/20000] loss=1.0267 lr=1.873e-04 grad_norm=0.877 samples/s=107.60
[step 8520/20000] loss=1.2777 lr=1.870e-04 grad_norm=1.094 samples/s=107.69
[step 8530/20000] loss=0.5476 lr=1.868e-04 grad_norm=0.698 samples/s=107.68
[step 8540/20000] loss=0.7496 lr=1.866e-04 grad_norm=0.973 samples/s=107.70
[step 8550/20000] loss=1.0706 lr=1.864e-04 grad_norm=0.951 samples/s=107.68
[step 8560/20000] loss=0.6245 lr=1.861e-04 grad_norm=0.792 samples/s=107.68
[step 8570/20000] loss=1.1104 lr=1.859e-04 grad_norm=1.920 samples/s=107.66
[step 8580/20000] loss=0.9822 lr=1.857e-04 grad_norm=1.210 samples/s=107.67
[step 8590/20000] loss=0.6331 lr=1.854e-04 grad_norm=0.817 samples/s=107.67
[step 8600/20000] loss=1.1730 lr=1.852e-04 grad_norm=1.118 samples/s=107.66
[step 8610/20000] loss=1.2565 lr=1.850e-04 grad_norm=2.174 samples/s=107.66
[step 8620/20000] loss=1.3599 lr=1.848e-04 grad_norm=1.085 samples/s=107.66
[step 8630/20000] loss=0.6435 lr=1.845e-04 grad_norm=1.072 samples/s=107.67
[step 8640/20000] loss=0.9171 lr=1.843e-04 grad_norm=1.001 samples/s=107.65
[step 8650/20000] loss=1.4523 lr=1.841e-04 grad_norm=1.460 samples/s=107.64
[step 8660/20000] loss=0.8419 lr=1.838e-04 grad_norm=1.275 samples/s=107.63
[step 8670/20000] loss=0.8854 lr=1.836e-04 grad_norm=1.040 samples/s=107.64
[step 8680/20000] loss=0.8601 lr=1.834e-04 grad_norm=1.724 samples/s=107.62
[step 8690/20000] loss=1.5105 lr=1.832e-04 grad_norm=2.292 samples/s=107.64
[step 8700/20000] loss=1.3794 lr=1.829e-04 grad_norm=1.040 samples/s=107.63
[step 8710/20000] loss=1.0612 lr=1.827e-04 grad_norm=0.934 samples/s=107.64
[step 8720/20000] loss=1.5225 lr=1.825e-04 grad_norm=1.330 samples/s=107.61
[step 8730/20000] loss=0.7930 lr=1.822e-04 grad_norm=1.223 samples/s=107.62
[step 8740/20000] loss=2.2595 lr=1.820e-04 grad_norm=3.419 samples/s=107.60
[step 8750/20000] loss=1.6903 lr=1.818e-04 grad_norm=1.782 samples/s=107.61
[step 8760/20000] loss=1.1675 lr=1.816e-04 grad_norm=1.842 samples/s=107.60
[step 8770/20000] loss=0.9033 lr=1.813e-04 grad_norm=1.249 samples/s=107.60
[step 8780/20000] loss=1.4345 lr=1.811e-04 grad_norm=1.340 samples/s=107.58
[step 8790/20000] loss=0.7064 lr=1.809e-04 grad_norm=0.808 samples/s=107.58
[step 8800/20000] loss=0.6379 lr=1.806e-04 grad_norm=1.148 samples/s=107.57
[step 8810/20000] loss=0.9036 lr=1.804e-04 grad_norm=1.066 samples/s=107.59
[step 8820/20000] loss=1.2110 lr=1.802e-04 grad_norm=1.047 samples/s=107.57
[step 8830/20000] loss=0.8109 lr=1.799e-04 grad_norm=0.822 samples/s=107.59
[step 8840/20000] loss=1.0666 lr=1.797e-04 grad_norm=1.004 samples/s=107.59
[step 8850/20000] loss=1.4319 lr=1.795e-04 grad_norm=1.537 samples/s=107.61
[step 8860/20000] loss=1.3599 lr=1.793e-04 grad_norm=1.657 samples/s=107.59
[step 8870/20000] loss=0.7564 lr=1.790e-04 grad_norm=1.244 samples/s=107.60
[step 8880/20000] loss=1.9372 lr=1.788e-04 grad_norm=1.912 samples/s=107.59
[step 8890/20000] loss=0.9939 lr=1.786e-04 grad_norm=1.161 samples/s=107.59
[step 8900/20000] loss=1.3580 lr=1.783e-04 grad_norm=1.708 samples/s=107.56
[step 8910/20000] loss=0.9197 lr=1.781e-04 grad_norm=1.057 samples/s=107.58
[step 8920/20000] loss=1.0660 lr=1.779e-04 grad_norm=0.977 samples/s=107.56
[step 8930/20000] loss=1.0903 lr=1.776e-04 grad_norm=1.606 samples/s=107.57
[step 8940/20000] loss=1.2618 lr=1.774e-04 grad_norm=1.444 samples/s=107.55
[step 8950/20000] loss=1.1877 lr=1.772e-04 grad_norm=1.400 samples/s=107.57
[step 8960/20000] loss=1.8778 lr=1.770e-04 grad_norm=1.477 samples/s=107.56
[step 8970/20000] loss=0.9764 lr=1.767e-04 grad_norm=1.254 samples/s=107.56
[step 8980/20000] loss=1.6502 lr=1.765e-04 grad_norm=0.999 samples/s=107.55
[step 8990/20000] loss=0.7375 lr=1.763e-04 grad_norm=1.126 samples/s=107.57
[step 9000/20000] loss=1.2460 lr=1.760e-04 grad_norm=2.294 samples/s=107.56
[val step 9000] loss=1.2117175793647765 m01={'mean': 0.409693445497546, 'median': 0.4085989121630193, 'p95': 0.678312549249283, 'tail_frac_gt4px': 0.00024584118659346063, 'n_matched': 12203} m02={'12-16': 0.9175317185697809, '16-32': 0.9526783569541196, '32-64': 0.9448595722751868, '64-128': 0.9415297092288243} m04={'accuracy': 0.9861509464885684, 'by_octave': {'12-16': 0.9409176618478944, '16-32': 0.9924357034795764, '32-64': 0.9950913553313335, '64-128': 0.9909365558912386}} diag={'gate3_alpha_mean': 0.27126291394233704, 'gate3_alpha_min': 0.012659072875976562, 'gate3_alpha_max': 0.98828125, 'gate3_alpha_std': 0.16593171656131744, 'gate3_alpha_p10': 0.08244171738624573, 'gate3_alpha_p50': 0.2400665283203125, 'gate3_alpha_p90': 0.4886474609375, 'block0_attn_entropy': 7.001838684082031, 'block1_attn_entropy': 6.700170993804932}
[step 9010/20000] loss=0.9388 lr=1.758e-04 grad_norm=1.167 samples/s=107.64
[step 9020/20000] loss=1.0652 lr=1.756e-04 grad_norm=1.050 samples/s=107.72
[step 9030/20000] loss=1.0838 lr=1.753e-04 grad_norm=1.133 samples/s=107.72
[step 9040/20000] loss=0.9804 lr=1.751e-04 grad_norm=1.433 samples/s=107.72
[step 9050/20000] loss=1.0923 lr=1.749e-04 grad_norm=1.386 samples/s=107.70
[step 9060/20000] loss=1.1198 lr=1.746e-04 grad_norm=1.312 samples/s=107.71
[step 9070/20000] loss=1.1034 lr=1.744e-04 grad_norm=1.479 samples/s=107.71
[step 9080/20000] loss=1.2803 lr=1.742e-04 grad_norm=1.515 samples/s=107.71
[step 9090/20000] loss=0.9854 lr=1.739e-04 grad_norm=0.945 samples/s=107.70
[step 9100/20000] loss=1.8713 lr=1.737e-04 grad_norm=2.228 samples/s=107.69
[step 9110/20000] loss=0.9330 lr=1.735e-04 grad_norm=1.614 samples/s=107.70
[step 9120/20000] loss=1.1007 lr=1.732e-04 grad_norm=0.683 samples/s=107.67
[step 9130/20000] loss=1.5505 lr=1.730e-04 grad_norm=1.617 samples/s=107.68
[step 9140/20000] loss=0.8927 lr=1.728e-04 grad_norm=1.516 samples/s=107.67
[step 9150/20000] loss=1.1350 lr=1.726e-04 grad_norm=1.249 samples/s=107.68
[step 9160/20000] loss=0.7253 lr=1.723e-04 grad_norm=0.650 samples/s=107.66
[step 9170/20000] loss=0.6456 lr=1.721e-04 grad_norm=1.759 samples/s=107.68
[step 9180/20000] loss=1.5601 lr=1.719e-04 grad_norm=1.663 samples/s=107.66
[step 9190/20000] loss=0.8208 lr=1.716e-04 grad_norm=1.513 samples/s=107.67
[step 9200/20000] loss=0.9475 lr=1.714e-04 grad_norm=1.328 samples/s=107.65
[step 9210/20000] loss=1.7490 lr=1.712e-04 grad_norm=1.577 samples/s=107.66
[step 9220/20000] loss=1.1231 lr=1.709e-04 grad_norm=1.249 samples/s=107.63
[step 9230/20000] loss=1.2826 lr=1.707e-04 grad_norm=1.024 samples/s=107.65
[step 9240/20000] loss=1.1853 lr=1.705e-04 grad_norm=1.410 samples/s=107.63
[step 9250/20000] loss=0.6422 lr=1.702e-04 grad_norm=1.100 samples/s=107.65
[step 9260/20000] loss=0.8263 lr=1.700e-04 grad_norm=0.844 samples/s=107.62
[step 9270/20000] loss=0.7855 lr=1.698e-04 grad_norm=0.748 samples/s=107.63
[step 9280/20000] loss=0.8843 lr=1.695e-04 grad_norm=1.083 samples/s=107.61
[step 9290/20000] loss=1.3201 lr=1.693e-04 grad_norm=3.367 samples/s=107.62
[step 9300/20000] loss=1.8880 lr=1.691e-04 grad_norm=1.388 samples/s=107.59
[step 9310/20000] loss=0.5320 lr=1.688e-04 grad_norm=0.693 samples/s=107.61
[step 9320/20000] loss=0.7196 lr=1.686e-04 grad_norm=0.910 samples/s=107.60
[step 9330/20000] loss=1.0720 lr=1.684e-04 grad_norm=0.969 samples/s=107.60
[step 9340/20000] loss=1.1423 lr=1.681e-04 grad_norm=1.105 samples/s=107.59
[step 9350/20000] loss=1.4229 lr=1.679e-04 grad_norm=1.317 samples/s=107.61
[step 9360/20000] loss=0.9644 lr=1.677e-04 grad_norm=1.054 samples/s=107.58
[step 9370/20000] loss=1.4584 lr=1.674e-04 grad_norm=1.506 samples/s=107.60
[step 9380/20000] loss=1.1186 lr=1.672e-04 grad_norm=1.310 samples/s=107.58
[step 9390/20000] loss=1.4472 lr=1.670e-04 grad_norm=1.054 samples/s=107.59
[step 9400/20000] loss=0.7915 lr=1.667e-04 grad_norm=1.437 samples/s=107.58
[step 9410/20000] loss=0.9856 lr=1.665e-04 grad_norm=1.001 samples/s=107.58
[step 9420/20000] loss=0.8329 lr=1.663e-04 grad_norm=1.107 samples/s=107.55
[step 9430/20000] loss=1.4680 lr=1.660e-04 grad_norm=1.215 samples/s=107.56
[step 9440/20000] loss=1.2796 lr=1.658e-04 grad_norm=1.585 samples/s=107.53
[step 9450/20000] loss=1.2833 lr=1.656e-04 grad_norm=2.608 samples/s=107.55
[step 9460/20000] loss=1.2162 lr=1.653e-04 grad_norm=1.251 samples/s=107.54
[step 9470/20000] loss=0.7028 lr=1.651e-04 grad_norm=1.760 samples/s=107.56
[step 9480/20000] loss=0.8211 lr=1.649e-04 grad_norm=1.604 samples/s=107.54
[step 9490/20000] loss=1.3510 lr=1.646e-04 grad_norm=1.572 samples/s=107.55
[step 9500/20000] loss=0.7739 lr=1.644e-04 grad_norm=0.856 samples/s=107.54
[val step 9500] loss=1.1972856717109681 m01={'mean': 0.4079171673903055, 'median': 0.40845083704110524, 'p95': 0.6755576017512472, 'tail_frac_gt4px': 8.198065256599443e-05, 'n_matched': 12198} m02={'12-16': 0.9134948096885813, '16-32': 0.9521979341820802, '32-64': 0.9458902344756506, '64-128': 0.9415297092288243} m04={'accuracy': 0.9889326119035907, 'by_octave': {'12-16': 0.9532828282828283, '16-32': 0.9926841574167508, '32-64': 0.9964587305911196, '64-128': 0.9936220208123532}} diag={'gate3_alpha_mean': 0.24741171300411224, 'gate3_alpha_min': 0.010009765625, 'gate3_alpha_max': 0.985107421875, 'gate3_alpha_std': 0.15255576372146606, 'gate3_alpha_p10': 0.078765869140625, 'gate3_alpha_p50': 0.21826171875, 'gate3_alpha_p90': 0.4361572265625, 'block0_attn_entropy': 7.011382102966309, 'block1_attn_entropy': 6.54303503036499}
[step 9510/20000] loss=0.9779 lr=1.642e-04 grad_norm=1.115 samples/s=107.61
[step 9520/20000] loss=0.9114 lr=1.639e-04 grad_norm=1.263 samples/s=107.68
[step 9530/20000] loss=1.0411 lr=1.637e-04 grad_norm=1.380 samples/s=107.68
[step 9540/20000] loss=0.6944 lr=1.635e-04 grad_norm=0.637 samples/s=107.69
[step 9550/20000] loss=0.8958 lr=1.632e-04 grad_norm=0.751 samples/s=107.68
[step 9560/20000] loss=1.3918 lr=1.630e-04 grad_norm=1.780 samples/s=107.69
[step 9570/20000] loss=0.7436 lr=1.628e-04 grad_norm=1.520 samples/s=107.68
[step 9580/20000] loss=0.8046 lr=1.625e-04 grad_norm=1.331 samples/s=107.69
[step 9590/20000] loss=1.9486 lr=1.623e-04 grad_norm=3.098 samples/s=107.67
[step 9600/20000] loss=0.9907 lr=1.621e-04 grad_norm=1.235 samples/s=107.69
[step 9610/20000] loss=1.6759 lr=1.618e-04 grad_norm=1.489 samples/s=107.67
[step 9620/20000] loss=1.7698 lr=1.616e-04 grad_norm=2.783 samples/s=107.67
[step 9630/20000] loss=1.3149 lr=1.614e-04 grad_norm=0.890 samples/s=107.67
[step 9640/20000] loss=0.8692 lr=1.611e-04 grad_norm=0.769 samples/s=107.65
[step 9650/20000] loss=1.4075 lr=1.609e-04 grad_norm=1.523 samples/s=107.65
[step 9660/20000] loss=1.0185 lr=1.607e-04 grad_norm=1.602 samples/s=107.64
[step 9670/20000] loss=1.1959 lr=1.604e-04 grad_norm=1.286 samples/s=107.66
[step 9680/20000] loss=1.8894 lr=1.602e-04 grad_norm=1.587 samples/s=107.63
[step 9690/20000] loss=1.6252 lr=1.600e-04 grad_norm=1.189 samples/s=107.64
[step 9700/20000] loss=0.9322 lr=1.597e-04 grad_norm=1.394 samples/s=107.62
[step 9710/20000] loss=1.4394 lr=1.595e-04 grad_norm=1.315 samples/s=107.64
[step 9720/20000] loss=0.8948 lr=1.593e-04 grad_norm=1.100 samples/s=107.64
[step 9730/20000] loss=1.1438 lr=1.590e-04 grad_norm=1.158 samples/s=107.66
[step 9740/20000] loss=0.9496 lr=1.588e-04 grad_norm=1.364 samples/s=107.64
[step 9750/20000] loss=0.9348 lr=1.586e-04 grad_norm=1.025 samples/s=107.65
[step 9760/20000] loss=1.1240 lr=1.583e-04 grad_norm=1.377 samples/s=107.62
[step 9770/20000] loss=1.2918 lr=1.581e-04 grad_norm=1.281 samples/s=107.63
[step 9780/20000] loss=0.8917 lr=1.579e-04 grad_norm=0.914 samples/s=107.61
[step 9790/20000] loss=0.9126 lr=1.576e-04 grad_norm=1.352 samples/s=107.62
[step 9800/20000] loss=1.2853 lr=1.574e-04 grad_norm=1.332 samples/s=107.61
[step 9810/20000] loss=1.3734 lr=1.571e-04 grad_norm=1.551 samples/s=107.63
[step 9820/20000] loss=0.6849 lr=1.569e-04 grad_norm=0.877 samples/s=107.61
[step 9830/20000] loss=0.9834 lr=1.567e-04 grad_norm=1.213 samples/s=107.63
[step 9840/20000] loss=0.9080 lr=1.564e-04 grad_norm=0.929 samples/s=107.62
[step 9850/20000] loss=0.8864 lr=1.562e-04 grad_norm=0.905 samples/s=107.63
[step 9860/20000] loss=1.4168 lr=1.560e-04 grad_norm=1.077 samples/s=107.62
[step 9870/20000] loss=1.3220 lr=1.557e-04 grad_norm=1.076 samples/s=107.62
[step 9880/20000] loss=0.7627 lr=1.555e-04 grad_norm=1.090 samples/s=107.62
[step 9890/20000] loss=1.3332 lr=1.553e-04 grad_norm=1.565 samples/s=107.61
[step 9900/20000] loss=0.9935 lr=1.550e-04 grad_norm=0.949 samples/s=107.61
[step 9910/20000] loss=0.9040 lr=1.548e-04 grad_norm=0.929 samples/s=107.61
[step 9920/20000] loss=0.8126 lr=1.546e-04 grad_norm=1.411 samples/s=107.61
[step 9930/20000] loss=2.4354 lr=1.543e-04 grad_norm=2.382 samples/s=107.62
[step 9940/20000] loss=1.2541 lr=1.541e-04 grad_norm=1.234 samples/s=107.60
[step 9950/20000] loss=1.0593 lr=1.539e-04 grad_norm=1.165 samples/s=107.60
[step 9960/20000] loss=0.7229 lr=1.536e-04 grad_norm=2.288 samples/s=107.60
[step 9970/20000] loss=0.8227 lr=1.534e-04 grad_norm=0.759 samples/s=107.61
[step 9980/20000] loss=0.9897 lr=1.532e-04 grad_norm=1.016 samples/s=107.60
[step 9990/20000] loss=0.7793 lr=1.529e-04 grad_norm=0.855 samples/s=107.61
[step 10000/20000] loss=1.0897 lr=1.527e-04 grad_norm=1.000 samples/s=107.59
[val step 10000] loss=1.2042625617980958 m01={'mean': 0.4087283926609089, 'median': 0.40833138168318206, 'p95': 0.6769753772466898, 'tail_frac_gt4px': 8.196049504139005e-05, 'n_matched': 12201} m02={'12-16': 0.9123414071510957, '16-32': 0.9526783569541196, '32-64': 0.9456325689255347, '64-128': 0.9427939317319848} m04={'accuracy': 0.986968281288419, 'by_octave': {'12-16': 0.9494310998735778, '16-32': 0.9899142713061019, '32-64': 0.9950953678474115, '64-128': 0.9929601072745559}} diag={'gate3_alpha_mean': 0.2550129294395447, 'gate3_alpha_min': 0.012220382690429688, 'gate3_alpha_max': 0.97900390625, 'gate3_alpha_std': 0.15112081170082092, 'gate3_alpha_p10': 0.08447265625, 'gate3_alpha_p50': 0.22906494140625, 'gate3_alpha_p90': 0.439453125, 'block0_attn_entropy': 7.07301139831543, 'block1_attn_entropy': 6.663071632385254}
[step 10010/20000] loss=0.8171 lr=1.525e-04 grad_norm=0.853 samples/s=107.66
[step 10020/20000] loss=0.6161 lr=1.522e-04 grad_norm=0.813 samples/s=107.73
[step 10030/20000] loss=1.0488 lr=1.520e-04 grad_norm=1.524 samples/s=107.72
[step 10040/20000] loss=1.5789 lr=1.518e-04 grad_norm=1.075 samples/s=107.73
[step 10050/20000] loss=0.9197 lr=1.515e-04 grad_norm=1.720 samples/s=107.70
[step 10060/20000] loss=0.9780 lr=1.513e-04 grad_norm=1.243 samples/s=107.72
[step 10070/20000] loss=0.8903 lr=1.511e-04 grad_norm=0.627 samples/s=107.71
[step 10080/20000] loss=0.7498 lr=1.508e-04 grad_norm=1.090 samples/s=107.71
[step 10090/20000] loss=0.9358 lr=1.506e-04 grad_norm=1.235 samples/s=107.70
[step 10100/20000] loss=1.3987 lr=1.504e-04 grad_norm=1.392 samples/s=107.71
[step 10110/20000] loss=1.3414 lr=1.501e-04 grad_norm=1.608 samples/s=107.69
[step 10120/20000] loss=1.1002 lr=1.499e-04 grad_norm=1.107 samples/s=107.69
[step 10130/20000] loss=0.9926 lr=1.496e-04 grad_norm=2.020 samples/s=107.68
[step 10140/20000] loss=0.9139 lr=1.494e-04 grad_norm=1.073 samples/s=107.69
[step 10150/20000] loss=0.9075 lr=1.492e-04 grad_norm=0.778 samples/s=107.69
[step 10160/20000] loss=0.9913 lr=1.489e-04 grad_norm=1.397 samples/s=107.70
[step 10170/20000] loss=1.1637 lr=1.487e-04 grad_norm=0.950 samples/s=107.70
[step 10180/20000] loss=0.9704 lr=1.485e-04 grad_norm=1.319 samples/s=107.69
[step 10190/20000] loss=1.0636 lr=1.482e-04 grad_norm=1.008 samples/s=107.68
[step 10200/20000] loss=0.6388 lr=1.480e-04 grad_norm=0.858 samples/s=107.68
[step 10210/20000] loss=1.3656 lr=1.478e-04 grad_norm=1.083 samples/s=107.69
[step 10220/20000] loss=0.9157 lr=1.475e-04 grad_norm=0.747 samples/s=107.68
[step 10230/20000] loss=0.9119 lr=1.473e-04 grad_norm=0.757 samples/s=107.69
[step 10240/20000] loss=0.9359 lr=1.471e-04 grad_norm=0.819 samples/s=107.66
[step 10250/20000] loss=0.9768 lr=1.468e-04 grad_norm=1.055 samples/s=107.67
[step 10260/20000] loss=1.1717 lr=1.466e-04 grad_norm=1.088 samples/s=107.65
[step 10270/20000] loss=0.6707 lr=1.464e-04 grad_norm=1.143 samples/s=107.66
[step 10280/20000] loss=1.6101 lr=1.461e-04 grad_norm=1.048 samples/s=107.64
[step 10290/20000] loss=1.4401 lr=1.459e-04 grad_norm=1.293 samples/s=107.65
[step 10300/20000] loss=1.2291 lr=1.457e-04 grad_norm=1.106 samples/s=107.64
[step 10310/20000] loss=0.7050 lr=1.454e-04 grad_norm=0.910 samples/s=107.65
[step 10320/20000] loss=0.5640 lr=1.452e-04 grad_norm=0.734 samples/s=107.62
[step 10330/20000] loss=1.5508 lr=1.450e-04 grad_norm=1.292 samples/s=107.62
[step 10340/20000] loss=1.2096 lr=1.447e-04 grad_norm=1.220 samples/s=107.60
[step 10350/20000] loss=1.1354 lr=1.445e-04 grad_norm=1.091 samples/s=107.61
[step 10360/20000] loss=1.0662 lr=1.443e-04 grad_norm=1.435 samples/s=107.59
[step 10370/20000] loss=1.3631 lr=1.440e-04 grad_norm=1.499 samples/s=107.61
[step 10380/20000] loss=1.1909 lr=1.438e-04 grad_norm=1.380 samples/s=107.59
[step 10390/20000] loss=0.7419 lr=1.436e-04 grad_norm=0.662 samples/s=107.61
[step 10400/20000] loss=1.1381 lr=1.433e-04 grad_norm=1.392 samples/s=107.60
[step 10410/20000] loss=0.6605 lr=1.431e-04 grad_norm=1.021 samples/s=107.61
[step 10420/20000] loss=0.8727 lr=1.429e-04 grad_norm=1.032 samples/s=107.60
[step 10430/20000] loss=1.1211 lr=1.426e-04 grad_norm=1.704 samples/s=107.61
[step 10440/20000] loss=0.9548 lr=1.424e-04 grad_norm=1.329 samples/s=107.59
[step 10450/20000] loss=0.8806 lr=1.422e-04 grad_norm=0.791 samples/s=107.60
[step 10460/20000] loss=0.7370 lr=1.419e-04 grad_norm=1.437 samples/s=107.58
[step 10470/20000] loss=0.8489 lr=1.417e-04 grad_norm=1.001 samples/s=107.58
[step 10480/20000] loss=0.9456 lr=1.415e-04 grad_norm=1.112 samples/s=107.55
[step 10490/20000] loss=1.2382 lr=1.412e-04 grad_norm=1.452 samples/s=107.57
[step 10500/20000] loss=1.6804 lr=1.410e-04 grad_norm=1.557 samples/s=107.55
[val step 10500] loss=1.202418869972229 m01={'mean': 0.40798174485848565, 'median': 0.4081299124150894, 'p95': 0.6755355272200299, 'tail_frac_gt4px': 0.0001638672675133142, 'n_matched': 12205} m02={'12-16': 0.9134948096885813, '16-32': 0.9533989911121787, '32-64': 0.9464055655758825, '64-128': 0.9415297092288243} m04={'accuracy': 0.9868906185989349, 'by_octave': {'12-16': 0.9425505050505051, '16-32': 0.9919375157470396, '32-64': 0.9948271167982575, '64-128': 0.9939577039274925}} diag={'gate3_alpha_mean': 0.27120620012283325, 'gate3_alpha_min': 0.011903762817382812, 'gate3_alpha_max': 0.980712890625, 'gate3_alpha_std': 0.15795360505580902, 'gate3_alpha_p10': 0.087799072265625, 'gate3_alpha_p50': 0.24676513671875, 'gate3_alpha_p90': 0.47021484375, 'block0_attn_entropy': 7.036335468292236, 'block1_attn_entropy': 6.4848432540893555}
[step 10510/20000] loss=0.6356 lr=1.407e-04 grad_norm=0.725 samples/s=107.61
[step 10520/20000] loss=0.9695 lr=1.405e-04 grad_norm=1.190 samples/s=107.68
[step 10530/20000] loss=1.0062 lr=1.403e-04 grad_norm=1.095 samples/s=107.68
[step 10540/20000] loss=0.8785 lr=1.400e-04 grad_norm=1.631 samples/s=107.69
[step 10550/20000] loss=0.9650 lr=1.398e-04 grad_norm=0.793 samples/s=107.67
[step 10560/20000] loss=1.0125 lr=1.396e-04 grad_norm=1.520 samples/s=107.67
[step 10570/20000] loss=1.0299 lr=1.393e-04 grad_norm=1.011 samples/s=107.66
[step 10580/20000] loss=1.5842 lr=1.391e-04 grad_norm=1.623 samples/s=107.67
[step 10590/20000] loss=1.0730 lr=1.389e-04 grad_norm=1.981 samples/s=107.65
[step 10600/20000] loss=1.6045 lr=1.386e-04 grad_norm=3.522 samples/s=107.65
[step 10610/20000] loss=0.7183 lr=1.384e-04 grad_norm=1.216 samples/s=107.64
[step 10620/20000] loss=0.9383 lr=1.382e-04 grad_norm=1.187 samples/s=107.64
[step 10630/20000] loss=0.7692 lr=1.379e-04 grad_norm=0.801 samples/s=107.65
[step 10640/20000] loss=0.7227 lr=1.377e-04 grad_norm=1.028 samples/s=107.63
[step 10650/20000] loss=0.8897 lr=1.375e-04 grad_norm=1.381 samples/s=107.64
[step 10660/20000] loss=0.9559 lr=1.372e-04 grad_norm=1.225 samples/s=107.63
[step 10670/20000] loss=1.0212 lr=1.370e-04 grad_norm=2.497 samples/s=107.63
[step 10680/20000] loss=0.6973 lr=1.368e-04 grad_norm=0.987 samples/s=107.62
[step 10690/20000] loss=1.8166 lr=1.365e-04 grad_norm=2.093 samples/s=107.63
[step 10700/20000] loss=2.0936 lr=1.363e-04 grad_norm=4.108 samples/s=107.62
[step 10710/20000] loss=0.8741 lr=1.361e-04 grad_norm=1.891 samples/s=107.63
[step 10720/20000] loss=1.2543 lr=1.358e-04 grad_norm=1.365 samples/s=107.62
[step 10730/20000] loss=0.7092 lr=1.356e-04 grad_norm=0.658 samples/s=107.62
[step 10740/20000] loss=1.1663 lr=1.354e-04 grad_norm=1.604 samples/s=107.61
[step 10750/20000] loss=1.4089 lr=1.351e-04 grad_norm=1.190 samples/s=107.63
[step 10760/20000] loss=0.9032 lr=1.349e-04 grad_norm=1.043 samples/s=107.60
[step 10770/20000] loss=0.6154 lr=1.347e-04 grad_norm=0.571 samples/s=107.61
[step 10780/20000] loss=0.7328 lr=1.344e-04 grad_norm=0.672 samples/s=107.59
[step 10790/20000] loss=1.2925 lr=1.342e-04 grad_norm=1.657 samples/s=107.59
[step 10800/20000] loss=0.9921 lr=1.340e-04 grad_norm=1.819 samples/s=107.59
[step 10810/20000] loss=1.1161 lr=1.337e-04 grad_norm=2.961 samples/s=107.59
[step 10820/20000] loss=0.8249 lr=1.335e-04 grad_norm=0.888 samples/s=107.59
[step 10830/20000] loss=1.1905 lr=1.333e-04 grad_norm=0.974 samples/s=107.60
[step 10840/20000] loss=0.6316 lr=1.331e-04 grad_norm=0.724 samples/s=107.59
[step 10850/20000] loss=1.1953 lr=1.328e-04 grad_norm=1.364 samples/s=107.60
[step 10860/20000] loss=0.6372 lr=1.326e-04 grad_norm=0.731 samples/s=107.59
[step 10870/20000] loss=1.2336 lr=1.324e-04 grad_norm=1.148 samples/s=107.59
[step 10880/20000] loss=1.0010 lr=1.321e-04 grad_norm=1.092 samples/s=107.58
[step 10890/20000] loss=0.5939 lr=1.319e-04 grad_norm=0.731 samples/s=107.59
[step 10900/20000] loss=0.8269 lr=1.317e-04 grad_norm=0.926 samples/s=107.57
[step 10910/20000] loss=1.6236 lr=1.314e-04 grad_norm=4.728 samples/s=107.59
[step 10920/20000] loss=0.7069 lr=1.312e-04 grad_norm=0.895 samples/s=107.56
[step 10930/20000] loss=0.9857 lr=1.310e-04 grad_norm=1.196 samples/s=107.56
[step 10940/20000] loss=0.9419 lr=1.307e-04 grad_norm=1.404 samples/s=107.55
[step 10950/20000] loss=1.0639 lr=1.305e-04 grad_norm=1.349 samples/s=107.56
[step 10960/20000] loss=1.6734 lr=1.303e-04 grad_norm=1.417 samples/s=107.54
[step 10970/20000] loss=0.9611 lr=1.300e-04 grad_norm=1.010 samples/s=107.56
[step 10980/20000] loss=0.5651 lr=1.298e-04 grad_norm=1.040 samples/s=107.56
[step 10990/20000] loss=0.8298 lr=1.296e-04 grad_norm=1.237 samples/s=107.57
[step 11000/20000] loss=0.7494 lr=1.293e-04 grad_norm=1.215 samples/s=107.55
[val step 11000] loss=1.1986234817504884 m01={'mean': 0.4082713831390564, 'median': 0.4080875341558601, 'p95': 0.6759991488906392, 'tail_frac_gt4px': 0.00016389412439564042, 'n_matched': 12203} m02={'12-16': 0.9140715109573241, '16-32': 0.953158779726159, '32-64': 0.9466632311259985, '64-128': 0.9405815423514539} m04={'accuracy': 0.9881996230435139, 'by_octave': {'12-16': 0.9514195583596214, '16-32': 0.9926915322580645, '32-64': 0.9948285247686446, '64-128': 0.9936155913978495}} diag={'gate3_alpha_mean': 0.2510104775428772, 'gate3_alpha_min': 0.009351730346679688, 'gate3_alpha_max': 0.980712890625, 'gate3_alpha_std': 0.15824730694293976, 'gate3_alpha_p10': 0.074371337890625, 'gate3_alpha_p50': 0.2210693359375, 'gate3_alpha_p90': 0.45361328125, 'block0_attn_entropy': 7.007280349731445, 'block1_attn_entropy': 6.59589147567749}
[step 11010/20000] loss=0.9156 lr=1.291e-04 grad_norm=1.779 samples/s=107.61
[step 11020/20000] loss=1.0237 lr=1.289e-04 grad_norm=1.983 samples/s=107.68
[step 11030/20000] loss=1.7478 lr=1.286e-04 grad_norm=1.256 samples/s=107.67
[step 11040/20000] loss=1.0063 lr=1.284e-04 grad_norm=1.005 samples/s=107.68
[step 11050/20000] loss=1.4230 lr=1.282e-04 grad_norm=1.196 samples/s=107.67
[step 11060/20000] loss=0.9341 lr=1.279e-04 grad_norm=1.239 samples/s=107.65
[step 11070/20000] loss=0.8434 lr=1.277e-04 grad_norm=1.053 samples/s=107.67
[step 11080/20000] loss=0.8351 lr=1.275e-04 grad_norm=1.543 samples/s=107.66
[step 11090/20000] loss=1.3717 lr=1.273e-04 grad_norm=1.446 samples/s=107.67
[step 11100/20000] loss=0.9792 lr=1.270e-04 grad_norm=1.129 samples/s=107.65
[step 11110/20000] loss=1.0380 lr=1.268e-04 grad_norm=1.499 samples/s=107.67
[step 11120/20000] loss=0.8235 lr=1.266e-04 grad_norm=1.197 samples/s=107.65
[step 11130/20000] loss=0.9013 lr=1.263e-04 grad_norm=2.412 samples/s=107.67
[step 11140/20000] loss=1.2120 lr=1.261e-04 grad_norm=1.991 samples/s=107.66
[step 11150/20000] loss=0.5897 lr=1.259e-04 grad_norm=0.914 samples/s=107.66
[step 11160/20000] loss=1.2258 lr=1.256e-04 grad_norm=1.710 samples/s=107.64
[step 11170/20000] loss=1.2278 lr=1.254e-04 grad_norm=1.000 samples/s=107.66
[step 11180/20000] loss=0.7173 lr=1.252e-04 grad_norm=1.006 samples/s=107.65
[step 11190/20000] loss=0.9939 lr=1.249e-04 grad_norm=1.211 samples/s=107.66
[step 11200/20000] loss=0.6104 lr=1.247e-04 grad_norm=1.548 samples/s=107.64
[step 11210/20000] loss=0.5818 lr=1.245e-04 grad_norm=0.706 samples/s=107.66
[step 11220/20000] loss=0.8189 lr=1.242e-04 grad_norm=0.918 samples/s=107.64
[step 11230/20000] loss=1.6672 lr=1.240e-04 grad_norm=1.728 samples/s=107.65
[step 11240/20000] loss=1.6484 lr=1.238e-04 grad_norm=1.057 samples/s=107.64
[step 11250/20000] loss=0.9199 lr=1.236e-04 grad_norm=0.996 samples/s=107.65
[step 11260/20000] loss=0.6983 lr=1.233e-04 grad_norm=1.312 samples/s=107.63
[step 11270/20000] loss=1.4755 lr=1.231e-04 grad_norm=1.442 samples/s=107.63
[step 11280/20000] loss=0.7247 lr=1.229e-04 grad_norm=0.899 samples/s=107.61
[step 11290/20000] loss=1.4633 lr=1.226e-04 grad_norm=1.621 samples/s=107.62
[step 11300/20000] loss=1.0484 lr=1.224e-04 grad_norm=1.095 samples/s=107.61
[step 11310/20000] loss=0.5290 lr=1.222e-04 grad_norm=0.596 samples/s=107.62
[step 11320/20000] loss=1.2472 lr=1.219e-04 grad_norm=1.482 samples/s=107.60
[step 11330/20000] loss=1.4739 lr=1.217e-04 grad_norm=1.365 samples/s=107.61
[step 11340/20000] loss=1.3912 lr=1.215e-04 grad_norm=1.852 samples/s=107.60
[step 11350/20000] loss=0.8934 lr=1.213e-04 grad_norm=2.074 samples/s=107.62
[step 11360/20000] loss=0.6734 lr=1.210e-04 grad_norm=0.688 samples/s=107.59
[step 11370/20000] loss=0.9470 lr=1.208e-04 grad_norm=0.930 samples/s=107.62
[step 11380/20000] loss=0.8978 lr=1.206e-04 grad_norm=0.835 samples/s=107.60
[step 11390/20000] loss=0.5858 lr=1.203e-04 grad_norm=0.633 samples/s=107.61
[step 11400/20000] loss=0.7739 lr=1.201e-04 grad_norm=0.645 samples/s=107.60
[step 11410/20000] loss=1.0533 lr=1.199e-04 grad_norm=0.835 samples/s=107.61
[step 11420/20000] loss=1.3889 lr=1.197e-04 grad_norm=1.467 samples/s=107.59
[step 11430/20000] loss=1.2169 lr=1.194e-04 grad_norm=1.379 samples/s=107.60
[step 11440/20000] loss=1.3529 lr=1.192e-04 grad_norm=1.335 samples/s=107.59
[step 11450/20000] loss=0.7184 lr=1.190e-04 grad_norm=1.164 samples/s=107.60
[step 11460/20000] loss=1.7647 lr=1.187e-04 grad_norm=1.595 samples/s=107.58
[step 11470/20000] loss=1.1138 lr=1.185e-04 grad_norm=1.560 samples/s=107.58
[step 11480/20000] loss=1.0340 lr=1.183e-04 grad_norm=1.226 samples/s=107.57
[step 11490/20000] loss=0.9993 lr=1.181e-04 grad_norm=1.601 samples/s=107.58
[step 11500/20000] loss=0.8046 lr=1.178e-04 grad_norm=0.655 samples/s=107.57
[val step 11500] loss=1.1966357793807982 m01={'mean': 0.4083484520058179, 'median': 0.4081043168082604, 'p95': 0.6764756782130175, 'tail_frac_gt4px': 8.197393228953193e-05, 'n_matched': 12199} m02={'12-16': 0.9152249134948097, '16-32': 0.953158779726159, '32-64': 0.9453749033754187, '64-128': 0.9402654867256637} m04={'accuracy': 0.9869661447659644, 'by_octave': {'12-16': 0.9420289855072463, '16-32': 0.9919354838709677, '32-64': 0.9940038157536113, '64-128': 0.9956302521008403}} diag={'gate3_alpha_mean': 0.27747705578804016, 'gate3_alpha_min': 0.012149810791015625, 'gate3_alpha_max': 0.98779296875, 'gate3_alpha_std': 0.16773207485675812, 'gate3_alpha_p10': 0.083831787109375, 'gate3_alpha_p50': 0.2484130859375, 'gate3_alpha_p90': 0.499267578125, 'block0_attn_entropy': 7.015000343322754, 'block1_attn_entropy': 6.299745559692383}
[step 11510/20000] loss=0.7625 lr=1.176e-04 grad_norm=1.068 samples/s=107.63
[step 11520/20000] loss=1.6920 lr=1.174e-04 grad_norm=3.084 samples/s=107.69
[step 11530/20000] loss=0.7447 lr=1.171e-04 grad_norm=1.388 samples/s=107.68
[step 11540/20000] loss=1.0661 lr=1.169e-04 grad_norm=1.219 samples/s=107.69
[step 11550/20000] loss=0.6159 lr=1.167e-04 grad_norm=0.642 samples/s=107.69
[step 11560/20000] loss=0.9105 lr=1.165e-04 grad_norm=1.390 samples/s=107.69
[step 11570/20000] loss=0.7053 lr=1.162e-04 grad_norm=1.572 samples/s=107.68
[step 11580/20000] loss=0.8791 lr=1.160e-04 grad_norm=1.197 samples/s=107.68
[step 11590/20000] loss=1.0220 lr=1.158e-04 grad_norm=1.052 samples/s=107.68
[step 11600/20000] loss=1.3596 lr=1.155e-04 grad_norm=1.630 samples/s=107.67
[step 11610/20000] loss=1.4187 lr=1.153e-04 grad_norm=2.307 samples/s=107.67
[step 11620/20000] loss=2.0082 lr=1.151e-04 grad_norm=1.691 samples/s=107.67
[step 11630/20000] loss=1.2139 lr=1.149e-04 grad_norm=1.468 samples/s=107.68
[step 11640/20000] loss=0.9134 lr=1.146e-04 grad_norm=1.230 samples/s=107.67
[step 11650/20000] loss=0.8039 lr=1.144e-04 grad_norm=0.983 samples/s=107.67
[step 11660/20000] loss=0.9644 lr=1.142e-04 grad_norm=1.366 samples/s=107.67
[step 11670/20000] loss=0.9375 lr=1.140e-04 grad_norm=0.988 samples/s=107.65
[step 11680/20000] loss=0.9861 lr=1.137e-04 grad_norm=1.122 samples/s=107.66
[step 11690/20000] loss=1.1722 lr=1.135e-04 grad_norm=1.664 samples/s=107.65
[step 11700/20000] loss=0.7673 lr=1.133e-04 grad_norm=0.953 samples/s=107.66
[step 11710/20000] loss=0.8427 lr=1.131e-04 grad_norm=0.754 samples/s=107.65
[step 11720/20000] loss=1.8989 lr=1.128e-04 grad_norm=1.942 samples/s=107.66
[step 11730/20000] loss=1.4208 lr=1.126e-04 grad_norm=1.482 samples/s=107.64
[step 11740/20000] loss=1.0461 lr=1.124e-04 grad_norm=1.112 samples/s=107.64
[step 11750/20000] loss=1.3990 lr=1.121e-04 grad_norm=1.091 samples/s=107.62
[step 11760/20000] loss=0.8844 lr=1.119e-04 grad_norm=1.084 samples/s=107.64
[step 11770/20000] loss=1.4871 lr=1.117e-04 grad_norm=2.021 samples/s=107.63
[step 11780/20000] loss=0.9255 lr=1.115e-04 grad_norm=1.727 samples/s=107.64
[step 11790/20000] loss=1.3562 lr=1.112e-04 grad_norm=1.372 samples/s=107.64
[step 11800/20000] loss=1.0706 lr=1.110e-04 grad_norm=1.129 samples/s=107.65
[step 11810/20000] loss=0.8710 lr=1.108e-04 grad_norm=0.858 samples/s=107.64
[step 11820/20000] loss=0.7252 lr=1.106e-04 grad_norm=0.603 samples/s=107.65
[step 11830/20000] loss=1.3513 lr=1.103e-04 grad_norm=1.660 samples/s=107.64
[step 11840/20000] loss=1.2928 lr=1.101e-04 grad_norm=1.100 samples/s=107.64
[step 11850/20000] loss=1.2420 lr=1.099e-04 grad_norm=1.497 samples/s=107.64
[step 11860/20000] loss=0.9893 lr=1.097e-04 grad_norm=1.188 samples/s=107.64
[step 11870/20000] loss=1.5667 lr=1.094e-04 grad_norm=1.566 samples/s=107.63
[step 11880/20000] loss=1.2160 lr=1.092e-04 grad_norm=1.121 samples/s=107.64
[step 11890/20000] loss=0.9785 lr=1.090e-04 grad_norm=1.945 samples/s=107.63
[step 11900/20000] loss=0.8494 lr=1.088e-04 grad_norm=1.029 samples/s=107.64
[step 11910/20000] loss=1.2459 lr=1.085e-04 grad_norm=2.603 samples/s=107.63
[step 11920/20000] loss=0.8713 lr=1.083e-04 grad_norm=1.332 samples/s=107.64
[step 11930/20000] loss=1.5672 lr=1.081e-04 grad_norm=1.881 samples/s=107.64
[step 11940/20000] loss=0.9486 lr=1.079e-04 grad_norm=1.456 samples/s=107.63
[step 11950/20000] loss=1.4598 lr=1.076e-04 grad_norm=2.535 samples/s=107.63
[step 11960/20000] loss=1.3347 lr=1.074e-04 grad_norm=1.443 samples/s=107.63
[step 11970/20000] loss=2.0563 lr=1.072e-04 grad_norm=1.455 samples/s=107.62
[step 11980/20000] loss=0.8159 lr=1.070e-04 grad_norm=0.945 samples/s=107.63
[step 11990/20000] loss=1.0090 lr=1.067e-04 grad_norm=1.143 samples/s=107.62
[step 12000/20000] loss=0.7068 lr=1.065e-04 grad_norm=0.755 samples/s=107.63
[val step 12000] loss=1.1959256019592286 m01={'mean': 0.40810321340290134, 'median': 0.40824163836074884, 'p95': 0.6756126162945554, 'tail_frac_gt4px': 8.19672131147541e-05, 'n_matched': 12200} m02={'12-16': 0.9163783160322952, '16-32': 0.9533989911121787, '32-64': 0.9456325689255347, '64-128': 0.9393173198482933} m04={'accuracy': 0.9868032786885246, 'by_octave': {'12-16': 0.9402139710509755, '16-32': 0.9909297052154195, '32-64': 0.9940054495912807, '64-128': 0.9973082099596231}} diag={'gate3_alpha_mean': 0.2644977271556854, 'gate3_alpha_min': 0.013118743896484375, 'gate3_alpha_max': 0.9794921875, 'gate3_alpha_std': 0.15794040262699127, 'gate3_alpha_p10': 0.08497543632984161, 'gate3_alpha_p50': 0.23736572265625, 'gate3_alpha_p90': 0.467041015625, 'block0_attn_entropy': 7.00659704208374, 'block1_attn_entropy': 6.407143592834473}
[step 12010/20000] loss=1.2848 lr=1.063e-04 grad_norm=1.644 samples/s=107.69
[step 12020/20000] loss=0.9042 lr=1.061e-04 grad_norm=0.884 samples/s=107.74
[step 12030/20000] loss=1.7386 lr=1.059e-04 grad_norm=1.866 samples/s=107.74
[step 12040/20000] loss=1.4946 lr=1.056e-04 grad_norm=1.517 samples/s=107.75
[step 12050/20000] loss=0.7183 lr=1.054e-04 grad_norm=1.029 samples/s=107.74
[step 12060/20000] loss=0.8371 lr=1.052e-04 grad_norm=1.022 samples/s=107.74
[step 12070/20000] loss=1.3684 lr=1.050e-04 grad_norm=1.324 samples/s=107.74
[step 12080/20000] loss=0.9881 lr=1.047e-04 grad_norm=0.863 samples/s=107.74
[step 12090/20000] loss=0.7003 lr=1.045e-04 grad_norm=0.875 samples/s=107.75
[step 12100/20000] loss=0.6459 lr=1.043e-04 grad_norm=1.032 samples/s=107.74
[step 12110/20000] loss=0.9905 lr=1.041e-04 grad_norm=1.088 samples/s=107.75
[step 12120/20000] loss=1.1903 lr=1.039e-04 grad_norm=1.257 samples/s=107.74
[step 12130/20000] loss=0.9048 lr=1.036e-04 grad_norm=0.859 samples/s=107.74
[step 12140/20000] loss=1.4096 lr=1.034e-04 grad_norm=1.151 samples/s=107.72
[step 12150/20000] loss=1.5160 lr=1.032e-04 grad_norm=1.293 samples/s=107.73
[step 12160/20000] loss=1.0150 lr=1.030e-04 grad_norm=1.105 samples/s=107.71
[step 12170/20000] loss=0.9670 lr=1.027e-04 grad_norm=1.590 samples/s=107.73
[step 12180/20000] loss=1.1051 lr=1.025e-04 grad_norm=1.232 samples/s=107.72
[step 12190/20000] loss=1.0787 lr=1.023e-04 grad_norm=1.440 samples/s=107.73
[step 12200/20000] loss=1.8082 lr=1.021e-04 grad_norm=1.892 samples/s=107.72
[step 12210/20000] loss=0.9174 lr=1.019e-04 grad_norm=0.870 samples/s=107.73
[step 12220/20000] loss=1.2121 lr=1.016e-04 grad_norm=1.030 samples/s=107.72
[step 12230/20000] loss=0.9660 lr=1.014e-04 grad_norm=0.994 samples/s=107.73
[step 12240/20000] loss=1.1234 lr=1.012e-04 grad_norm=1.630 samples/s=107.71
[step 12250/20000] loss=0.9423 lr=1.010e-04 grad_norm=1.168 samples/s=107.72
[step 12260/20000] loss=0.8698 lr=1.008e-04 grad_norm=1.132 samples/s=107.72
[step 12270/20000] loss=0.9486 lr=1.005e-04 grad_norm=0.821 samples/s=107.72
[step 12280/20000] loss=0.7328 lr=1.003e-04 grad_norm=0.934 samples/s=107.72
[step 12290/20000] loss=1.0697 lr=1.001e-04 grad_norm=1.258 samples/s=107.72
[step 12300/20000] loss=0.6025 lr=9.988e-05 grad_norm=1.077 samples/s=107.71
[step 12310/20000] loss=0.6622 lr=9.966e-05 grad_norm=1.112 samples/s=107.71
[step 12320/20000] loss=0.9728 lr=9.944e-05 grad_norm=0.872 samples/s=107.71
[step 12330/20000] loss=1.7159 lr=9.922e-05 grad_norm=1.488 samples/s=107.71
[step 12340/20000] loss=1.2214 lr=9.900e-05 grad_norm=1.048 samples/s=107.69
[step 12350/20000] loss=2.0044 lr=9.878e-05 grad_norm=1.957 samples/s=107.70
[step 12360/20000] loss=1.2664 lr=9.856e-05 grad_norm=1.720 samples/s=107.69
[step 12370/20000] loss=0.7604 lr=9.834e-05 grad_norm=0.891 samples/s=107.70
[step 12380/20000] loss=0.7249 lr=9.812e-05 grad_norm=1.151 samples/s=107.69
[step 12390/20000] loss=1.6809 lr=9.790e-05 grad_norm=1.538 samples/s=107.70
[step 12400/20000] loss=1.1806 lr=9.768e-05 grad_norm=1.249 samples/s=107.70
[step 12410/20000] loss=1.0385 lr=9.747e-05 grad_norm=1.018 samples/s=107.70
[step 12420/20000] loss=1.1518 lr=9.725e-05 grad_norm=1.420 samples/s=107.69
[step 12430/20000] loss=0.7072 lr=9.703e-05 grad_norm=0.642 samples/s=107.70
[step 12440/20000] loss=1.1602 lr=9.681e-05 grad_norm=0.905 samples/s=107.69
[step 12450/20000] loss=0.7808 lr=9.659e-05 grad_norm=0.938 samples/s=107.70
[step 12460/20000] loss=0.9775 lr=9.638e-05 grad_norm=1.071 samples/s=107.69
[step 12470/20000] loss=0.9174 lr=9.616e-05 grad_norm=2.385 samples/s=107.70
[step 12480/20000] loss=0.5758 lr=9.594e-05 grad_norm=1.580 samples/s=107.69
[step 12490/20000] loss=1.4677 lr=9.572e-05 grad_norm=1.183 samples/s=107.70
[step 12500/20000] loss=1.2142 lr=9.551e-05 grad_norm=1.387 samples/s=107.69
[val step 12500] loss=1.1987504272460938 m01={'mean': 0.40821286683758706, 'median': 0.4083102032602793, 'p95': 0.6753759659074936, 'tail_frac_gt4px': 0.00016398819285011479, 'n_matched': 12196} m02={'12-16': 0.9106113033448674, '16-32': 0.9533989911121787, '32-64': 0.9464055655758825, '64-128': 0.9402654867256637} m04={'accuracy': 0.9864709740898655, 'by_octave': {'12-16': 0.9417352754908169, '16-32': 0.9909297052154195, '32-64': 0.9948271167982575, '64-128': 0.9939495798319328}} diag={'gate3_alpha_mean': 0.27786511182785034, 'gate3_alpha_min': 0.013195037841796875, 'gate3_alpha_max': 0.9912109375, 'gate3_alpha_std': 0.1656903475522995, 'gate3_alpha_p10': 0.0890045166015625, 'gate3_alpha_p50': 0.24853515625, 'gate3_alpha_p90': 0.4932861328125, 'block0_attn_entropy': 6.987038612365723, 'block1_attn_entropy': 6.445231914520264}
[step 12510/20000] loss=0.9175 lr=9.529e-05 grad_norm=1.509 samples/s=107.74
[step 12520/20000] loss=1.2259 lr=9.507e-05 grad_norm=1.547 samples/s=107.80
[step 12530/20000] loss=1.3238 lr=9.486e-05 grad_norm=1.413 samples/s=107.80
[step 12540/20000] loss=0.9141 lr=9.464e-05 grad_norm=0.779 samples/s=107.81
[step 12550/20000] loss=1.8483 lr=9.442e-05 grad_norm=1.606 samples/s=107.80
[step 12560/20000] loss=1.1009 lr=9.421e-05 grad_norm=1.737 samples/s=107.81
[step 12570/20000] loss=0.9784 lr=9.399e-05 grad_norm=0.923 samples/s=107.80
[step 12580/20000] loss=1.4189 lr=9.377e-05 grad_norm=2.126 samples/s=107.81
[step 12590/20000] loss=1.2725 lr=9.356e-05 grad_norm=1.464 samples/s=107.79
[step 12600/20000] loss=1.6547 lr=9.334e-05 grad_norm=1.117 samples/s=107.80
[step 12610/20000] loss=1.0875 lr=9.313e-05 grad_norm=1.025 samples/s=107.78
[step 12620/20000] loss=0.9007 lr=9.291e-05 grad_norm=0.940 samples/s=107.80
[step 12630/20000] loss=1.1492 lr=9.270e-05 grad_norm=2.752 samples/s=107.78
[step 12640/20000] loss=0.8340 lr=9.248e-05 grad_norm=1.397 samples/s=107.78
[step 12650/20000] loss=1.1121 lr=9.227e-05 grad_norm=1.833 samples/s=107.78
[step 12660/20000] loss=0.9550 lr=9.205e-05 grad_norm=1.667 samples/s=107.78
[step 12670/20000] loss=0.7401 lr=9.184e-05 grad_norm=0.827 samples/s=107.77
[step 12680/20000] loss=0.6533 lr=9.162e-05 grad_norm=1.168 samples/s=107.76
[step 12690/20000] loss=1.0459 lr=9.141e-05 grad_norm=0.911 samples/s=107.77
[step 12700/20000] loss=0.7339 lr=9.119e-05 grad_norm=1.556 samples/s=107.77
[step 12710/20000] loss=0.8459 lr=9.098e-05 grad_norm=1.384 samples/s=107.76
[step 12720/20000] loss=1.5355 lr=9.076e-05 grad_norm=1.335 samples/s=107.76
[step 12730/20000] loss=1.4057 lr=9.055e-05 grad_norm=1.382 samples/s=107.76
[step 12740/20000] loss=1.0415 lr=9.034e-05 grad_norm=1.029 samples/s=107.76
[step 12750/20000] loss=1.1983 lr=9.012e-05 grad_norm=4.306 samples/s=107.77
[step 12760/20000] loss=0.6468 lr=8.991e-05 grad_norm=0.827 samples/s=107.76
[step 12770/20000] loss=0.7024 lr=8.970e-05 grad_norm=1.028 samples/s=107.76
[step 12780/20000] loss=0.9720 lr=8.948e-05 grad_norm=0.656 samples/s=107.75
[step 12790/20000] loss=1.2988 lr=8.927e-05 grad_norm=1.461 samples/s=107.76
[step 12800/20000] loss=0.6101 lr=8.906e-05 grad_norm=0.612 samples/s=107.76
[step 12810/20000] loss=0.7221 lr=8.885e-05 grad_norm=0.870 samples/s=107.75
[step 12820/20000] loss=0.4313 lr=8.863e-05 grad_norm=0.671 samples/s=107.76
[step 12830/20000] loss=0.9686 lr=8.842e-05 grad_norm=0.940 samples/s=107.75
[step 12840/20000] loss=1.3469 lr=8.821e-05 grad_norm=0.768 samples/s=107.74
[step 12850/20000] loss=1.1888 lr=8.800e-05 grad_norm=1.662 samples/s=107.74
[step 12860/20000] loss=0.6807 lr=8.778e-05 grad_norm=1.697 samples/s=107.73
[step 12870/20000] loss=0.7980 lr=8.757e-05 grad_norm=0.880 samples/s=107.73
[step 12880/20000] loss=1.0585 lr=8.736e-05 grad_norm=1.000 samples/s=107.72
[step 12890/20000] loss=1.5877 lr=8.715e-05 grad_norm=1.197 samples/s=107.72
[step 12900/20000] loss=1.3543 lr=8.694e-05 grad_norm=0.877 samples/s=107.72
[step 12910/20000] loss=1.0918 lr=8.673e-05 grad_norm=0.998 samples/s=107.71
[step 12920/20000] loss=1.0058 lr=8.652e-05 grad_norm=1.302 samples/s=107.71
[step 12930/20000] loss=0.6900 lr=8.631e-05 grad_norm=0.791 samples/s=107.71
[step 12940/20000] loss=0.7387 lr=8.610e-05 grad_norm=0.994 samples/s=107.72
[step 12950/20000] loss=1.0808 lr=8.588e-05 grad_norm=1.518 samples/s=107.72
[step 12960/20000] loss=0.9964 lr=8.567e-05 grad_norm=1.255 samples/s=107.71
[step 12970/20000] loss=0.8988 lr=8.546e-05 grad_norm=0.810 samples/s=107.71
[step 12980/20000] loss=1.1349 lr=8.525e-05 grad_norm=1.297 samples/s=107.71
[step 12990/20000] loss=1.9402 lr=8.505e-05 grad_norm=1.683 samples/s=107.71
[step 13000/20000] loss=0.7417 lr=8.484e-05 grad_norm=0.931 samples/s=107.71
[val step 13000] loss=1.1921136331558229 m01={'mean': 0.4081899859926962, 'median': 0.40810428013733746, 'p95': 0.676426661341638, 'tail_frac_gt4px': 8.194034742707309e-05, 'n_matched': 12204} m02={'12-16': 0.9134948096885813, '16-32': 0.9533989911121787, '32-64': 0.9469208966761145, '64-128': 0.9405815423514539} m04={'accuracy': 0.9863159619796787, 'by_octave': {'12-16': 0.9400252525252525, '16-32': 0.9916855631141346, '32-64': 0.9948299319727891, '64-128': 0.9932795698924731}} diag={'gate3_alpha_mean': 0.264912486076355, 'gate3_alpha_min': 0.012393951416015625, 'gate3_alpha_max': 0.98193359375, 'gate3_alpha_std': 0.16045299172401428, 'gate3_alpha_p10': 0.08138962090015411, 'gate3_alpha_p50': 0.23699951171875, 'gate3_alpha_p90': 0.4716796875, 'block0_attn_entropy': 6.97888708114624, 'block1_attn_entropy': 6.297463417053223}
[step 13010/20000] loss=1.1519 lr=8.463e-05 grad_norm=1.497 samples/s=107.77
[step 13020/20000] loss=1.0976 lr=8.442e-05 grad_norm=1.160 samples/s=107.82
[step 13030/20000] loss=1.5458 lr=8.421e-05 grad_norm=1.329 samples/s=107.82
[step 13040/20000] loss=1.3491 lr=8.400e-05 grad_norm=1.427 samples/s=107.81
[step 13050/20000] loss=0.8697 lr=8.379e-05 grad_norm=1.175 samples/s=107.81
[step 13060/20000] loss=0.9299 lr=8.358e-05 grad_norm=1.492 samples/s=107.79
[step 13070/20000] loss=1.3451 lr=8.337e-05 grad_norm=1.510 samples/s=107.81
[step 13080/20000] loss=1.0200 lr=8.316e-05 grad_norm=1.736 samples/s=107.79
[step 13090/20000] loss=0.9231 lr=8.296e-05 grad_norm=0.772 samples/s=107.81
[step 13100/20000] loss=0.6338 lr=8.275e-05 grad_norm=0.753 samples/s=107.80
[step 13110/20000] loss=1.0787 lr=8.254e-05 grad_norm=1.073 samples/s=107.81
[step 13120/20000] loss=1.4243 lr=8.233e-05 grad_norm=1.282 samples/s=107.81
[step 13130/20000] loss=0.8407 lr=8.213e-05 grad_norm=1.061 samples/s=107.81
[step 13140/20000] loss=0.8409 lr=8.192e-05 grad_norm=0.960 samples/s=107.80
[step 13150/20000] loss=0.7049 lr=8.171e-05 grad_norm=0.561 samples/s=107.81
[step 13160/20000] loss=0.9307 lr=8.151e-05 grad_norm=1.084 samples/s=107.80
[step 13170/20000] loss=1.4908 lr=8.130e-05 grad_norm=1.267 samples/s=107.81
[step 13180/20000] loss=1.1813 lr=8.109e-05 grad_norm=1.120 samples/s=107.79
[step 13190/20000] loss=0.8867 lr=8.089e-05 grad_norm=1.431 samples/s=107.80
[step 13200/20000] loss=1.8726 lr=8.068e-05 grad_norm=1.148 samples/s=107.79
[step 13210/20000] loss=1.7211 lr=8.047e-05 grad_norm=2.480 samples/s=107.79
[step 13220/20000] loss=0.8216 lr=8.027e-05 grad_norm=0.983 samples/s=107.77
[step 13230/20000] loss=0.9538 lr=8.006e-05 grad_norm=1.243 samples/s=107.79
[step 13240/20000] loss=1.5141 lr=7.986e-05 grad_norm=1.836 samples/s=107.78
[step 13250/20000] loss=1.0636 lr=7.965e-05 grad_norm=0.763 samples/s=107.78
[step 13260/20000] loss=1.1355 lr=7.945e-05 grad_norm=1.316 samples/s=107.77
[step 13270/20000] loss=1.0677 lr=7.924e-05 grad_norm=1.233 samples/s=107.78
[step 13280/20000] loss=0.8708 lr=7.904e-05 grad_norm=1.230 samples/s=107.78
[step 13290/20000] loss=1.3790 lr=7.883e-05 grad_norm=1.291 samples/s=107.79
[step 13300/20000] loss=1.3582 lr=7.863e-05 grad_norm=0.965 samples/s=107.77
[step 13310/20000] loss=1.5183 lr=7.842e-05 grad_norm=1.018 samples/s=107.78
[step 13320/20000] loss=0.9410 lr=7.822e-05 grad_norm=0.848 samples/s=107.77
[step 13330/20000] loss=1.4020 lr=7.802e-05 grad_norm=1.522 samples/s=107.79
[step 13340/20000] loss=1.0319 lr=7.781e-05 grad_norm=1.892 samples/s=107.77
[step 13350/20000] loss=1.2882 lr=7.761e-05 grad_norm=1.837 samples/s=107.78
[step 13360/20000] loss=1.3810 lr=7.741e-05 grad_norm=0.936 samples/s=107.77
[step 13370/20000] loss=0.7612 lr=7.720e-05 grad_norm=0.847 samples/s=107.78
[step 13380/20000] loss=0.8950 lr=7.700e-05 grad_norm=1.177 samples/s=107.77
[step 13390/20000] loss=0.7181 lr=7.680e-05 grad_norm=0.787 samples/s=107.77
[step 13400/20000] loss=1.0676 lr=7.659e-05 grad_norm=1.082 samples/s=107.76
[step 13410/20000] loss=0.8654 lr=7.639e-05 grad_norm=1.385 samples/s=107.77
[step 13420/20000] loss=1.1163 lr=7.619e-05 grad_norm=1.265 samples/s=107.76
[step 13430/20000] loss=0.7017 lr=7.599e-05 grad_norm=0.614 samples/s=107.77
[step 13440/20000] loss=1.3460 lr=7.579e-05 grad_norm=1.561 samples/s=107.76
[step 13450/20000] loss=1.1472 lr=7.558e-05 grad_norm=1.075 samples/s=107.76
[step 13460/20000] loss=0.7173 lr=7.538e-05 grad_norm=0.589 samples/s=107.75
[step 13470/20000] loss=0.7965 lr=7.518e-05 grad_norm=1.026 samples/s=107.76
[step 13480/20000] loss=0.8983 lr=7.498e-05 grad_norm=0.997 samples/s=107.74
[step 13490/20000] loss=0.7797 lr=7.478e-05 grad_norm=0.956 samples/s=107.74
[step 13500/20000] loss=2.0145 lr=7.458e-05 grad_norm=1.651 samples/s=107.73
[val step 13500] loss=1.1902627835273742 m01={'mean': 0.407607573066536, 'median': 0.40815492001003423, 'p95': 0.6753219958872724, 'tail_frac_gt4px': 0.0, 'n_matched': 12208} m02={'12-16': 0.9140715109573241, '16-32': 0.9541196252702379, '32-64': 0.9456325689255347, '64-128': 0.9421618204804045} m04={'accuracy': 0.9856651376146789, 'by_octave': {'12-16': 0.9375394321766561, '16-32': 0.9899295065458208, '32-64': 0.9940054495912807, '64-128': 0.9953035893995303}} diag={'gate3_alpha_mean': 0.2617223262786865, 'gate3_alpha_min': 0.011541366577148438, 'gate3_alpha_max': 0.984375, 'gate3_alpha_std': 0.16152310371398926, 'gate3_alpha_p10': 0.0811309814453125, 'gate3_alpha_p50': 0.23088836669921875, 'gate3_alpha_p90': 0.469970703125, 'block0_attn_entropy': 6.976320266723633, 'block1_attn_entropy': 6.404760837554932}
[step 13510/20000] loss=0.6400 lr=7.438e-05 grad_norm=0.711 samples/s=107.78
[step 13520/20000] loss=1.0119 lr=7.418e-05 grad_norm=0.942 samples/s=107.84
[step 13530/20000] loss=0.8686 lr=7.398e-05 grad_norm=1.195 samples/s=107.83
[step 13540/20000] loss=0.6625 lr=7.378e-05 grad_norm=0.925 samples/s=107.83
[step 13550/20000] loss=1.0951 lr=7.358e-05 grad_norm=1.093 samples/s=107.82
[step 13560/20000] loss=1.0427 lr=7.338e-05 grad_norm=1.892 samples/s=107.83
[step 13570/20000] loss=1.6656 lr=7.318e-05 grad_norm=1.074 samples/s=107.82
[step 13580/20000] loss=1.1580 lr=7.298e-05 grad_norm=0.825 samples/s=107.83
[step 13590/20000] loss=1.3215 lr=7.278e-05 grad_norm=1.022 samples/s=107.82
[step 13600/20000] loss=0.8909 lr=7.258e-05 grad_norm=1.041 samples/s=107.83
[step 13610/20000] loss=1.2010 lr=7.239e-05 grad_norm=1.447 samples/s=107.81
[step 13620/20000] loss=0.6121 lr=7.219e-05 grad_norm=0.975 samples/s=107.82
[step 13630/20000] loss=0.7866 lr=7.199e-05 grad_norm=1.182 samples/s=107.82
[step 13640/20000] loss=0.6837 lr=7.179e-05 grad_norm=0.933 samples/s=107.82
[step 13650/20000] loss=1.1642 lr=7.159e-05 grad_norm=1.332 samples/s=107.82
[step 13660/20000] loss=0.6643 lr=7.140e-05 grad_norm=0.817 samples/s=107.82
[step 13670/20000] loss=1.8437 lr=7.120e-05 grad_norm=1.803 samples/s=107.82
[step 13680/20000] loss=2.0769 lr=7.100e-05 grad_norm=2.229 samples/s=107.80
[step 13690/20000] loss=0.8287 lr=7.080e-05 grad_norm=0.676 samples/s=107.81
[step 13700/20000] loss=0.6331 lr=7.061e-05 grad_norm=0.676 samples/s=107.80
[step 13710/20000] loss=0.7138 lr=7.041e-05 grad_norm=0.834 samples/s=107.81
[step 13720/20000] loss=1.2067 lr=7.022e-05 grad_norm=1.496 samples/s=107.80
[step 13730/20000] loss=1.2970 lr=7.002e-05 grad_norm=1.877 samples/s=107.81
[step 13740/20000] loss=0.7640 lr=6.982e-05 grad_norm=0.916 samples/s=107.81
[step 13750/20000] loss=1.0109 lr=6.963e-05 grad_norm=1.170 samples/s=107.80
[step 13760/20000] loss=1.5735 lr=6.943e-05 grad_norm=1.506 samples/s=107.80
[step 13770/20000] loss=1.4065 lr=6.924e-05 grad_norm=1.639 samples/s=107.80
[step 13780/20000] loss=2.0113 lr=6.904e-05 grad_norm=1.690 samples/s=107.81
[step 13790/20000] loss=1.0471 lr=6.885e-05 grad_norm=1.007 samples/s=107.80
[step 13800/20000] loss=1.9269 lr=6.865e-05 grad_norm=3.016 samples/s=107.81
[step 13810/20000] loss=0.7058 lr=6.846e-05 grad_norm=0.809 samples/s=107.80
[step 13820/20000] loss=1.6084 lr=6.826e-05 grad_norm=1.658 samples/s=107.81
[step 13830/20000] loss=0.6715 lr=6.807e-05 grad_norm=0.836 samples/s=107.80
[step 13840/20000] loss=1.5058 lr=6.788e-05 grad_norm=0.887 samples/s=107.81
[step 13850/20000] loss=1.3203 lr=6.768e-05 grad_norm=1.416 samples/s=107.79
[step 13860/20000] loss=0.9827 lr=6.749e-05 grad_norm=1.751 samples/s=107.81
[step 13870/20000] loss=0.6459 lr=6.730e-05 grad_norm=0.849 samples/s=107.80
[step 13880/20000] loss=0.7204 lr=6.710e-05 grad_norm=0.778 samples/s=107.81
[step 13890/20000] loss=1.6603 lr=6.691e-05 grad_norm=1.978 samples/s=107.80
[step 13900/20000] loss=1.1219 lr=6.672e-05 grad_norm=1.263 samples/s=107.81
[step 13910/20000] loss=1.2455 lr=6.652e-05 grad_norm=1.416 samples/s=107.80
[step 13920/20000] loss=1.2760 lr=6.633e-05 grad_norm=1.238 samples/s=107.80
[step 13930/20000] loss=0.8789 lr=6.614e-05 grad_norm=1.026 samples/s=107.79
[step 13940/20000] loss=1.1191 lr=6.595e-05 grad_norm=0.997 samples/s=107.80
[step 13950/20000] loss=1.1679 lr=6.576e-05 grad_norm=1.271 samples/s=107.79
[step 13960/20000] loss=1.1190 lr=6.557e-05 grad_norm=1.365 samples/s=107.79
[step 13970/20000] loss=0.8419 lr=6.537e-05 grad_norm=0.686 samples/s=107.79
[step 13980/20000] loss=1.3101 lr=6.518e-05 grad_norm=0.916 samples/s=107.78
[step 13990/20000] loss=0.7537 lr=6.499e-05 grad_norm=0.732 samples/s=107.79
[step 14000/20000] loss=1.4529 lr=6.480e-05 grad_norm=1.905 samples/s=107.78
[val step 14000] loss=1.1845757217407227 m01={'mean': 0.40872331744810253, 'median': 0.4083102032602793, 'p95': 0.6751394664547697, 'tail_frac_gt4px': 0.0001638001638001638, 'n_matched': 12210} m02={'12-16': 0.9175317185697809, '16-32': 0.9536392024981984, '32-64': 0.9461479000257665, '64-128': 0.940897597977244} m04={'accuracy': 0.986977886977887, 'by_octave': {'12-16': 0.9384035197988686, '16-32': 0.9909319899244332, '32-64': 0.9953703703703703, '64-128': 0.9973127309371851}} diag={'gate3_alpha_mean': 0.25810542702674866, 'gate3_alpha_min': 0.009305953979492188, 'gate3_alpha_max': 0.9892578125, 'gate3_alpha_std': 0.16363626718521118, 'gate3_alpha_p10': 0.075439453125, 'gate3_alpha_p50': 0.225860595703125, 'gate3_alpha_p90': 0.473876953125, 'block0_attn_entropy': 6.978572845458984, 'block1_attn_entropy': 6.31633186340332}
[step 14010/20000] loss=1.9942 lr=6.461e-05 grad_norm=1.497 samples/s=107.83
[step 14020/20000] loss=1.1730 lr=6.442e-05 grad_norm=0.963 samples/s=107.88
[step 14030/20000] loss=0.7979 lr=6.423e-05 grad_norm=0.807 samples/s=107.87
[step 14040/20000] loss=1.0818 lr=6.404e-05 grad_norm=1.402 samples/s=107.88
[step 14050/20000] loss=0.7441 lr=6.385e-05 grad_norm=0.762 samples/s=107.87
[step 14060/20000] loss=1.5436 lr=6.366e-05 grad_norm=1.527 samples/s=107.88
[step 14070/20000] loss=1.2138 lr=6.348e-05 grad_norm=1.597 samples/s=107.87
[step 14080/20000] loss=1.2079 lr=6.329e-05 grad_norm=1.600 samples/s=107.88
[step 14090/20000] loss=1.1416 lr=6.310e-05 grad_norm=0.981 samples/s=107.87
[step 14100/20000] loss=1.1544 lr=6.291e-05 grad_norm=0.853 samples/s=107.88
[step 14110/20000] loss=1.5041 lr=6.272e-05 grad_norm=0.993 samples/s=107.87
[step 14120/20000] loss=1.0916 lr=6.253e-05 grad_norm=1.096 samples/s=107.88
[step 14130/20000] loss=0.9778 lr=6.235e-05 grad_norm=1.325 samples/s=107.86
[step 14140/20000] loss=0.6988 lr=6.216e-05 grad_norm=0.815 samples/s=107.86
[step 14150/20000] loss=1.3361 lr=6.197e-05 grad_norm=1.538 samples/s=107.85
[step 14160/20000] loss=1.3816 lr=6.179e-05 grad_norm=1.706 samples/s=107.86
[step 14170/20000] loss=0.8043 lr=6.160e-05 grad_norm=0.950 samples/s=107.85
[step 14180/20000] loss=1.5478 lr=6.141e-05 grad_norm=1.637 samples/s=107.85
[step 14190/20000] loss=1.2846 lr=6.123e-05 grad_norm=1.300 samples/s=107.84
[step 14200/20000] loss=0.8274 lr=6.104e-05 grad_norm=1.089 samples/s=107.85
[step 14210/20000] loss=0.6500 lr=6.085e-05 grad_norm=0.564 samples/s=107.84
[step 14220/20000] loss=1.2788 lr=6.067e-05 grad_norm=1.476 samples/s=107.85
[step 14230/20000] loss=0.9258 lr=6.048e-05 grad_norm=2.317 samples/s=107.84
[step 14240/20000] loss=1.0528 lr=6.030e-05 grad_norm=1.157 samples/s=107.85
[step 14250/20000] loss=0.6664 lr=6.011e-05 grad_norm=0.868 samples/s=107.84
[step 14260/20000] loss=0.8114 lr=5.993e-05 grad_norm=2.090 samples/s=107.85
[step 14270/20000] loss=0.8806 lr=5.974e-05 grad_norm=1.450 samples/s=107.84
[step 14280/20000] loss=0.9076 lr=5.956e-05 grad_norm=1.620 samples/s=107.85
[step 14290/20000] loss=0.6968 lr=5.938e-05 grad_norm=1.083 samples/s=107.83
[step 14300/20000] loss=0.9026 lr=5.919e-05 grad_norm=1.035 samples/s=107.84
[step 14310/20000] loss=1.3609 lr=5.901e-05 grad_norm=1.365 samples/s=107.83
[step 14320/20000] loss=1.2993 lr=5.883e-05 grad_norm=1.433 samples/s=107.84
[step 14330/20000] loss=0.8657 lr=5.864e-05 grad_norm=1.113 samples/s=107.83
[step 14340/20000] loss=1.5240 lr=5.846e-05 grad_norm=1.691 samples/s=107.84
[step 14350/20000] loss=1.2014 lr=5.828e-05 grad_norm=0.993 samples/s=107.82
[step 14360/20000] loss=0.6792 lr=5.809e-05 grad_norm=0.929 samples/s=107.83
[step 14370/20000] loss=0.8977 lr=5.791e-05 grad_norm=0.941 samples/s=107.82
[step 14380/20000] loss=0.9472 lr=5.773e-05 grad_norm=1.040 samples/s=107.83
[step 14390/20000] loss=0.9507 lr=5.755e-05 grad_norm=1.905 samples/s=107.82
[step 14400/20000] loss=1.3659 lr=5.737e-05 grad_norm=1.963 samples/s=107.83
[step 14410/20000] loss=0.7901 lr=5.719e-05 grad_norm=1.001 samples/s=107.82
[step 14420/20000] loss=1.5542 lr=5.701e-05 grad_norm=1.653 samples/s=107.83
[step 14430/20000] loss=1.5377 lr=5.682e-05 grad_norm=1.321 samples/s=107.82
[step 14440/20000] loss=1.0599 lr=5.664e-05 grad_norm=0.894 samples/s=107.82
[step 14450/20000] loss=1.0564 lr=5.646e-05 grad_norm=1.524 samples/s=107.80
[step 14460/20000] loss=1.4369 lr=5.628e-05 grad_norm=2.881 samples/s=107.80
[step 14470/20000] loss=0.9769 lr=5.610e-05 grad_norm=1.057 samples/s=107.79
[step 14480/20000] loss=0.8547 lr=5.592e-05 grad_norm=1.097 samples/s=107.80
[step 14490/20000] loss=1.2592 lr=5.575e-05 grad_norm=1.355 samples/s=107.79
[step 14500/20000] loss=1.0211 lr=5.557e-05 grad_norm=1.070 samples/s=107.80
[val step 14500] loss=1.1825395531654357 m01={'mean': 0.40832095773457805, 'median': 0.40853668612566707, 'p95': 0.6753081656746887, 'tail_frac_gt4px': 8.188666885031116e-05, 'n_matched': 12212} m02={'12-16': 0.9152249134948097, '16-32': 0.9541196252702379, '32-64': 0.9461479000257665, '64-128': 0.9421618204804045} m04={'accuracy': 0.987389452997052, 'by_octave': {'12-16': 0.9458097038437303, '16-32': 0.9906847935548841, '32-64': 0.9945533769063181, '64-128': 0.996309963099631}} diag={'gate3_alpha_mean': 0.27067872881889343, 'gate3_alpha_min': 0.011371612548828125, 'gate3_alpha_max': 0.9921875, 'gate3_alpha_std': 0.16891661286354065, 'gate3_alpha_p10': 0.081298828125, 'gate3_alpha_p50': 0.236572265625, 'gate3_alpha_p90': 0.4954833984375, 'block0_attn_entropy': 6.994809627532959, 'block1_attn_entropy': 6.412735939025879}
[step 14510/20000] loss=1.3673 lr=5.539e-05 grad_norm=1.204 samples/s=107.85
[step 14520/20000] loss=0.8851 lr=5.521e-05 grad_norm=0.824 samples/s=107.90
[step 14530/20000] loss=0.6287 lr=5.503e-05 grad_norm=1.807 samples/s=107.90
[step 14540/20000] loss=1.4651 lr=5.485e-05 grad_norm=1.244 samples/s=107.90
[step 14550/20000] loss=2.3803 lr=5.467e-05 grad_norm=1.144 samples/s=107.89
[step 14560/20000] loss=0.6794 lr=5.450e-05 grad_norm=1.262 samples/s=107.90
[step 14570/20000] loss=1.3227 lr=5.432e-05 grad_norm=1.975 samples/s=107.90
[step 14580/20000] loss=1.0862 lr=5.414e-05 grad_norm=1.373 samples/s=107.89
[step 14590/20000] loss=1.0460 lr=5.397e-05 grad_norm=1.438 samples/s=107.89
[step 14600/20000] loss=0.9501 lr=5.379e-05 grad_norm=0.875 samples/s=107.89
[step 14610/20000] loss=0.7932 lr=5.361e-05 grad_norm=0.919 samples/s=107.88
[step 14620/20000] loss=0.8297 lr=5.344e-05 grad_norm=1.111 samples/s=107.89
[step 14630/20000] loss=1.4065 lr=5.326e-05 grad_norm=0.883 samples/s=107.88
[step 14640/20000] loss=1.1131 lr=5.308e-05 grad_norm=1.237 samples/s=107.88
[step 14650/20000] loss=1.7763 lr=5.291e-05 grad_norm=1.321 samples/s=107.87
[step 14660/20000] loss=0.7795 lr=5.273e-05 grad_norm=1.111 samples/s=107.87
[step 14670/20000] loss=1.1119 lr=5.256e-05 grad_norm=1.505 samples/s=107.87
[step 14680/20000] loss=1.4898 lr=5.238e-05 grad_norm=1.226 samples/s=107.87
[step 14690/20000] loss=0.7428 lr=5.221e-05 grad_norm=0.900 samples/s=107.87
[step 14700/20000] loss=1.5275 lr=5.204e-05 grad_norm=1.226 samples/s=107.87
[step 14710/20000] loss=0.8806 lr=5.186e-05 grad_norm=0.811 samples/s=107.87
[step 14720/20000] loss=0.8944 lr=5.169e-05 grad_norm=1.368 samples/s=107.86
[step 14730/20000] loss=1.5825 lr=5.151e-05 grad_norm=1.751 samples/s=107.87
[step 14740/20000] loss=0.9624 lr=5.134e-05 grad_norm=1.140 samples/s=107.85
[step 14750/20000] loss=0.9285 lr=5.117e-05 grad_norm=1.090 samples/s=107.86
[step 14760/20000] loss=1.4612 lr=5.100e-05 grad_norm=1.270 samples/s=107.86
[step 14770/20000] loss=0.9769 lr=5.082e-05 grad_norm=0.939 samples/s=107.84
[step 14780/20000] loss=0.6457 lr=5.065e-05 grad_norm=0.683 samples/s=107.85
[step 14790/20000] loss=1.2203 lr=5.048e-05 grad_norm=1.733 samples/s=107.84
[step 14800/20000] loss=1.1951 lr=5.031e-05 grad_norm=1.010 samples/s=107.85
[step 14810/20000] loss=1.2559 lr=5.014e-05 grad_norm=1.642 samples/s=107.84
[step 14820/20000] loss=1.0932 lr=4.996e-05 grad_norm=1.194 samples/s=107.84
[step 14830/20000] loss=0.8383 lr=4.979e-05 grad_norm=1.308 samples/s=107.84
[step 14840/20000] loss=0.8640 lr=4.962e-05 grad_norm=0.818 samples/s=107.84
[step 14850/20000] loss=2.6718 lr=4.945e-05 grad_norm=2.352 samples/s=107.83
[step 14860/20000] loss=0.8594 lr=4.928e-05 grad_norm=0.801 samples/s=107.84
[step 14870/20000] loss=1.4886 lr=4.911e-05 grad_norm=0.995 samples/s=107.83
[step 14880/20000] loss=1.4800 lr=4.894e-05 grad_norm=2.489 samples/s=107.84
[step 14890/20000] loss=0.7634 lr=4.877e-05 grad_norm=1.366 samples/s=107.82
[step 14900/20000] loss=1.2109 lr=4.860e-05 grad_norm=1.354 samples/s=107.83
[step 14910/20000] loss=1.1406 lr=4.844e-05 grad_norm=1.243 samples/s=107.81
[step 14920/20000] loss=1.0583 lr=4.827e-05 grad_norm=1.077 samples/s=107.82
[step 14930/20000] loss=0.5565 lr=4.810e-05 grad_norm=0.780 samples/s=107.82
[step 14940/20000] loss=1.0749 lr=4.793e-05 grad_norm=1.116 samples/s=107.82
[step 14950/20000] loss=1.3368 lr=4.776e-05 grad_norm=1.014 samples/s=107.82
[step 14960/20000] loss=1.1761 lr=4.759e-05 grad_norm=1.097 samples/s=107.83
[step 14970/20000] loss=0.6124 lr=4.743e-05 grad_norm=0.736 samples/s=107.82
[step 14980/20000] loss=0.7979 lr=4.726e-05 grad_norm=0.840 samples/s=107.83
[step 14990/20000] loss=0.6789 lr=4.709e-05 grad_norm=0.749 samples/s=107.82
[step 15000/20000] loss=0.6141 lr=4.693e-05 grad_norm=0.653 samples/s=107.82
[val step 15000] loss=1.1830333428382873 m01={'mean': 0.4082593770603963, 'median': 0.4082890248373765, 'p95': 0.6754533604928135, 'tail_frac_gt4px': 8.194706219782021e-05, 'n_matched': 12203} m02={'12-16': 0.9186851211072664, '16-32': 0.953158779726159, '32-64': 0.9451172378253028, '64-128': 0.9399494310998736} m04={'accuracy': 0.9869704171105466, 'by_octave': {'12-16': 0.9447583176396736, '16-32': 0.9906754032258065, '32-64': 0.9953653217011995, '64-128': 0.9942837928715534}} diag={'gate3_alpha_mean': 0.2630082666873932, 'gate3_alpha_min': 0.01169586181640625, 'gate3_alpha_max': 0.987060546875, 'gate3_alpha_std': 0.1618672013282776, 'gate3_alpha_p10': 0.08233642578125, 'gate3_alpha_p50': 0.2305908203125, 'gate3_alpha_p90': 0.47509765625, 'block0_attn_entropy': 7.01502799987793, 'block1_attn_entropy': 6.523637771606445}
[step 15010/20000] loss=1.1233 lr=4.676e-05 grad_norm=0.972 samples/s=107.87
[step 15020/20000] loss=0.9515 lr=4.659e-05 grad_norm=1.351 samples/s=107.91
[step 15030/20000] loss=0.9317 lr=4.643e-05 grad_norm=1.252 samples/s=107.91
[step 15040/20000] loss=0.9565 lr=4.626e-05 grad_norm=0.859 samples/s=107.92
[step 15050/20000] loss=1.1645 lr=4.610e-05 grad_norm=1.662 samples/s=107.91
[step 15060/20000] loss=0.8194 lr=4.593e-05 grad_norm=1.017 samples/s=107.91
[step 15070/20000] loss=1.4898 lr=4.577e-05 grad_norm=2.044 samples/s=107.89
[step 15080/20000] loss=0.9442 lr=4.560e-05 grad_norm=0.846 samples/s=107.90
[step 15090/20000] loss=1.7264 lr=4.544e-05 grad_norm=1.371 samples/s=107.89
[step 15100/20000] loss=1.1755 lr=4.528e-05 grad_norm=1.391 samples/s=107.90
[step 15110/20000] loss=1.3283 lr=4.511e-05 grad_norm=1.765 samples/s=107.89
[step 15120/20000] loss=1.0528 lr=4.495e-05 grad_norm=1.129 samples/s=107.88
[step 15130/20000] loss=0.8900 lr=4.478e-05 grad_norm=1.259 samples/s=107.88
[step 15140/20000] loss=0.9365 lr=4.462e-05 grad_norm=1.287 samples/s=107.87
[step 15150/20000] loss=0.9161 lr=4.446e-05 grad_norm=1.329 samples/s=107.88
[step 15160/20000] loss=0.7710 lr=4.430e-05 grad_norm=0.949 samples/s=107.87
[step 15170/20000] loss=0.6544 lr=4.413e-05 grad_norm=0.855 samples/s=107.87
[step 15180/20000] loss=0.7516 lr=4.397e-05 grad_norm=0.840 samples/s=107.86
[step 15190/20000] loss=0.8662 lr=4.381e-05 grad_norm=0.647 samples/s=107.87
[step 15200/20000] loss=0.7924 lr=4.365e-05 grad_norm=1.265 samples/s=107.84
[step 15210/20000] loss=0.7530 lr=4.349e-05 grad_norm=0.778 samples/s=107.86
[step 15220/20000] loss=1.4702 lr=4.333e-05 grad_norm=1.226 samples/s=107.85
[step 15230/20000] loss=0.9114 lr=4.317e-05 grad_norm=0.771 samples/s=107.86
[step 15240/20000] loss=1.4524 lr=4.301e-05 grad_norm=3.171 samples/s=107.85
[step 15250/20000] loss=0.6812 lr=4.285e-05 grad_norm=0.821 samples/s=107.86
[step 15260/20000] loss=1.2991 lr=4.269e-05 grad_norm=1.178 samples/s=107.84
[step 15270/20000] loss=1.4791 lr=4.253e-05 grad_norm=1.654 samples/s=107.85
[step 15280/20000] loss=0.5723 lr=4.237e-05 grad_norm=0.528 samples/s=107.85
[step 15290/20000] loss=2.0255 lr=4.221e-05 grad_norm=2.013 samples/s=107.85
[step 15300/20000] loss=1.1051 lr=4.205e-05 grad_norm=1.716 samples/s=107.85
[step 15310/20000] loss=0.6621 lr=4.189e-05 grad_norm=0.590 samples/s=107.84
[step 15320/20000] loss=1.0115 lr=4.174e-05 grad_norm=0.891 samples/s=107.84
[step 15330/20000] loss=1.0633 lr=4.158e-05 grad_norm=1.488 samples/s=107.84
[step 15340/20000] loss=0.4895 lr=4.142e-05 grad_norm=0.699 samples/s=107.84
[step 15350/20000] loss=0.9672 lr=4.126e-05 grad_norm=0.954 samples/s=107.83
[step 15360/20000] loss=1.2153 lr=4.111e-05 grad_norm=1.584 samples/s=107.83
[step 15370/20000] loss=1.0567 lr=4.095e-05 grad_norm=1.262 samples/s=107.83
[step 15380/20000] loss=1.8808 lr=4.079e-05 grad_norm=1.191 samples/s=107.83
[step 15390/20000] loss=0.7410 lr=4.064e-05 grad_norm=0.981 samples/s=107.82
[step 15400/20000] loss=1.0308 lr=4.048e-05 grad_norm=1.579 samples/s=107.83
[step 15410/20000] loss=1.0319 lr=4.033e-05 grad_norm=1.211 samples/s=107.83
[step 15420/20000] loss=1.0338 lr=4.017e-05 grad_norm=1.059 samples/s=107.83
[step 15430/20000] loss=0.9731 lr=4.002e-05 grad_norm=1.051 samples/s=107.83
[step 15440/20000] loss=1.6286 lr=3.986e-05 grad_norm=1.649 samples/s=107.84
[step 15450/20000] loss=1.5385 lr=3.971e-05 grad_norm=1.029 samples/s=107.82
[step 15460/20000] loss=1.6715 lr=3.955e-05 grad_norm=2.115 samples/s=107.83
[step 15470/20000] loss=1.7776 lr=3.940e-05 grad_norm=1.598 samples/s=107.81
[step 15480/20000] loss=1.2711 lr=3.924e-05 grad_norm=1.169 samples/s=107.82
[step 15490/20000] loss=1.1753 lr=3.909e-05 grad_norm=0.983 samples/s=107.81
[step 15500/20000] loss=1.1679 lr=3.894e-05 grad_norm=1.224 samples/s=107.83
[val step 15500] loss=1.1763931655883788 m01={'mean': 0.40864142451333685, 'median': 0.40823263027438117, 'p95': 0.6755311359782838, 'tail_frac_gt4px': 0.00016385384237260363, 'n_matched': 12206} m02={'12-16': 0.9163783160322952, '16-32': 0.9541196252702379, '32-64': 0.9453749033754187, '64-128': 0.9405815423514539} m04={'accuracy': 0.9883663771915452, 'by_octave': {'12-16': 0.9515418502202643, '16-32': 0.9909365558912386, '32-64': 0.9950940310711366, '64-128': 0.9963037634408602}} diag={'gate3_alpha_mean': 0.2715684175491333, 'gate3_alpha_min': 0.012071609497070312, 'gate3_alpha_max': 0.9873046875, 'gate3_alpha_std': 0.16355814039707184, 'gate3_alpha_p10': 0.086181640625, 'gate3_alpha_p50': 0.24072265625, 'gate3_alpha_p90': 0.486572265625, 'block0_attn_entropy': 7.0276994705200195, 'block1_attn_entropy': 6.447795391082764}
[step 15510/20000] loss=1.0044 lr=3.879e-05 grad_norm=1.721 samples/s=107.87
[step 15520/20000] loss=1.0569 lr=3.863e-05 grad_norm=0.957 samples/s=107.92
[step 15530/20000] loss=1.2808 lr=3.848e-05 grad_norm=1.634 samples/s=107.91
[step 15540/20000] loss=0.9223 lr=3.833e-05 grad_norm=0.918 samples/s=107.92
[step 15550/20000] loss=0.8635 lr=3.818e-05 grad_norm=1.313 samples/s=107.91
[step 15560/20000] loss=1.4904 lr=3.803e-05 grad_norm=2.591 samples/s=107.91
[step 15570/20000] loss=1.1984 lr=3.787e-05 grad_norm=1.400 samples/s=107.91
[step 15580/20000] loss=1.2772 lr=3.772e-05 grad_norm=1.033 samples/s=107.90
[step 15590/20000] loss=0.7144 lr=3.757e-05 grad_norm=1.448 samples/s=107.89
[step 15600/20000] loss=1.0336 lr=3.742e-05 grad_norm=1.057 samples/s=107.89
[step 15610/20000] loss=0.6963 lr=3.727e-05 grad_norm=0.801 samples/s=107.89
[step 15620/20000] loss=0.8142 lr=3.712e-05 grad_norm=0.776 samples/s=107.90
[step 15630/20000] loss=1.0652 lr=3.697e-05 grad_norm=2.509 samples/s=107.90
[step 15640/20000] loss=1.8851 lr=3.683e-05 grad_norm=1.963 samples/s=107.90
[step 15650/20000] loss=1.2104 lr=3.668e-05 grad_norm=1.406 samples/s=107.89
[step 15660/20000] loss=0.6981 lr=3.653e-05 grad_norm=0.904 samples/s=107.90
[step 15670/20000] loss=0.8340 lr=3.638e-05 grad_norm=0.944 samples/s=107.89
[step 15680/20000] loss=1.3551 lr=3.623e-05 grad_norm=0.997 samples/s=107.90
[step 15690/20000] loss=1.1029 lr=3.608e-05 grad_norm=1.186 samples/s=107.89
[step 15700/20000] loss=1.0544 lr=3.594e-05 grad_norm=1.006 samples/s=107.90
[step 15710/20000] loss=0.7729 lr=3.579e-05 grad_norm=0.781 samples/s=107.88
[step 15720/20000] loss=1.0027 lr=3.564e-05 grad_norm=0.760 samples/s=107.89
[step 15730/20000] loss=0.6619 lr=3.550e-05 grad_norm=0.575 samples/s=107.88
[step 15740/20000] loss=1.6818 lr=3.535e-05 grad_norm=1.441 samples/s=107.88
[step 15750/20000] loss=1.3589 lr=3.520e-05 grad_norm=1.121 samples/s=107.87
[step 15760/20000] loss=1.6408 lr=3.506e-05 grad_norm=2.055 samples/s=107.88
[step 15770/20000] loss=0.7516 lr=3.491e-05 grad_norm=0.963 samples/s=107.86
[step 15780/20000] loss=1.3719 lr=3.477e-05 grad_norm=0.998 samples/s=107.87
[step 15790/20000] loss=0.8503 lr=3.462e-05 grad_norm=2.150 samples/s=107.86
[step 15800/20000] loss=1.0574 lr=3.448e-05 grad_norm=1.290 samples/s=107.86
[step 15810/20000] loss=1.3329 lr=3.433e-05 grad_norm=1.787 samples/s=107.86
[step 15820/20000] loss=1.3858 lr=3.419e-05 grad_norm=1.465 samples/s=107.86
[step 15830/20000] loss=1.1758 lr=3.405e-05 grad_norm=1.916 samples/s=107.85
[step 15840/20000] loss=0.9889 lr=3.390e-05 grad_norm=1.548 samples/s=107.86
[step 15850/20000] loss=1.0997 lr=3.376e-05 grad_norm=1.139 samples/s=107.85
[step 15860/20000] loss=0.9521 lr=3.362e-05 grad_norm=0.957 samples/s=107.86
[step 15870/20000] loss=1.7385 lr=3.348e-05 grad_norm=1.640 samples/s=107.84
[step 15880/20000] loss=1.2455 lr=3.333e-05 grad_norm=2.189 samples/s=107.85
[step 15890/20000] loss=1.2624 lr=3.319e-05 grad_norm=1.257 samples/s=107.84
[step 15900/20000] loss=0.8900 lr=3.305e-05 grad_norm=1.036 samples/s=107.85
[step 15910/20000] loss=1.0289 lr=3.291e-05 grad_norm=0.974 samples/s=107.84
[step 15920/20000] loss=1.3115 lr=3.277e-05 grad_norm=1.429 samples/s=107.85
[step 15930/20000] loss=1.0454 lr=3.263e-05 grad_norm=1.195 samples/s=107.83
[step 15940/20000] loss=0.5561 lr=3.249e-05 grad_norm=0.720 samples/s=107.84
[step 15950/20000] loss=1.6024 lr=3.235e-05 grad_norm=1.161 samples/s=107.83
[step 15960/20000] loss=0.7208 lr=3.221e-05 grad_norm=0.892 samples/s=107.83
[step 15970/20000] loss=0.7109 lr=3.207e-05 grad_norm=0.812 samples/s=107.83
[step 15980/20000] loss=0.9889 lr=3.193e-05 grad_norm=1.161 samples/s=107.83
[step 15990/20000] loss=1.2358 lr=3.179e-05 grad_norm=1.079 samples/s=107.82
[step 16000/20000] loss=0.5881 lr=3.165e-05 grad_norm=1.142 samples/s=107.83
[val step 16000] loss=1.1740833559036254 m01={'mean': 0.40895125096243545, 'median': 0.40837723366577183, 'p95': 0.6755741368201026, 'tail_frac_gt4px': 0.00016384041943147374, 'n_matched': 12207} m02={'12-16': 0.9146482122260668, '16-32': 0.9541196252702379, '32-64': 0.9456325689255347, '64-128': 0.9415297092288243} m04={'accuracy': 0.9886950110592283, 'by_octave': {'12-16': 0.9464060529634301, '16-32': 0.9934541792547835, '32-64': 0.9953678474114441, '64-128': 0.9966431688486069}} diag={'gate3_alpha_mean': 0.2646012306213379, 'gate3_alpha_min': 0.011505126953125, 'gate3_alpha_max': 0.9912109375, 'gate3_alpha_std': 0.16233313083648682, 'gate3_alpha_p10': 0.0821533203125, 'gate3_alpha_p50': 0.23309326171875, 'gate3_alpha_p90': 0.4765625, 'block0_attn_entropy': 7.0226521492004395, 'block1_attn_entropy': 6.490988731384277}
[step 16010/20000] loss=0.6739 lr=3.151e-05 grad_norm=0.912 samples/s=107.87
[step 16020/20000] loss=0.5269 lr=3.137e-05 grad_norm=0.734 samples/s=107.92
[step 16030/20000] loss=0.9019 lr=3.124e-05 grad_norm=0.745 samples/s=107.90
[step 16040/20000] loss=0.9772 lr=3.110e-05 grad_norm=1.099 samples/s=107.92
[step 16050/20000] loss=0.9566 lr=3.096e-05 grad_norm=1.101 samples/s=107.91
[step 16060/20000] loss=1.0541 lr=3.083e-05 grad_norm=0.963 samples/s=107.92
[step 16070/20000] loss=1.2955 lr=3.069e-05 grad_norm=1.959 samples/s=107.91
[step 16080/20000] loss=1.1505 lr=3.055e-05 grad_norm=1.200 samples/s=107.92
[step 16090/20000] loss=0.8789 lr=3.042e-05 grad_norm=1.323 samples/s=107.91
[step 16100/20000] loss=1.3784 lr=3.028e-05 grad_norm=1.085 samples/s=107.91
[step 16110/20000] loss=1.4821 lr=3.015e-05 grad_norm=1.763 samples/s=107.91
[step 16120/20000] loss=1.2174 lr=3.001e-05 grad_norm=1.369 samples/s=107.91
[step 16130/20000] loss=0.5905 lr=2.988e-05 grad_norm=0.799 samples/s=107.90
[step 16140/20000] loss=1.0836 lr=2.974e-05 grad_norm=0.938 samples/s=107.91
[step 16150/20000] loss=1.1756 lr=2.961e-05 grad_norm=1.321 samples/s=107.89
[step 16160/20000] loss=0.9070 lr=2.947e-05 grad_norm=0.885 samples/s=107.90
[step 16170/20000] loss=1.1825 lr=2.934e-05 grad_norm=1.554 samples/s=107.89
[step 16180/20000] loss=1.7076 lr=2.921e-05 grad_norm=1.271 samples/s=107.90
[step 16190/20000] loss=1.1148 lr=2.908e-05 grad_norm=1.151 samples/s=107.89
[step 16200/20000] loss=1.5375 lr=2.894e-05 grad_norm=1.458 samples/s=107.89
[step 16210/20000] loss=0.6486 lr=2.881e-05 grad_norm=0.949 samples/s=107.87
[step 16220/20000] loss=0.8738 lr=2.868e-05 grad_norm=1.091 samples/s=107.88
[step 16230/20000] loss=0.5598 lr=2.855e-05 grad_norm=0.723 samples/s=107.87
[step 16240/20000] loss=1.2274 lr=2.842e-05 grad_norm=1.149 samples/s=107.88
[step 16250/20000] loss=0.6504 lr=2.828e-05 grad_norm=1.157 samples/s=107.87
[step 16260/20000] loss=1.2618 lr=2.815e-05 grad_norm=0.841 samples/s=107.87
[step 16270/20000] loss=0.5649 lr=2.802e-05 grad_norm=0.984 samples/s=107.87
[step 16280/20000] loss=1.7369 lr=2.789e-05 grad_norm=1.605 samples/s=107.86
[step 16290/20000] loss=0.5876 lr=2.776e-05 grad_norm=0.595 samples/s=107.86
[step 16300/20000] loss=0.8733 lr=2.763e-05 grad_norm=1.187 samples/s=107.86
[step 16310/20000] loss=0.8156 lr=2.751e-05 grad_norm=0.993 samples/s=107.86
[step 16320/20000] loss=1.0548 lr=2.738e-05 grad_norm=1.462 samples/s=107.85
[step 16330/20000] loss=1.3587 lr=2.725e-05 grad_norm=2.036 samples/s=107.86
[step 16340/20000] loss=0.7291 lr=2.712e-05 grad_norm=0.963 samples/s=107.85
[step 16350/20000] loss=0.8675 lr=2.699e-05 grad_norm=1.129 samples/s=107.86
[step 16360/20000] loss=0.5868 lr=2.686e-05 grad_norm=0.863 samples/s=107.86
[step 16370/20000] loss=1.4920 lr=2.674e-05 grad_norm=1.372 samples/s=107.85
[step 16380/20000] loss=0.6579 lr=2.661e-05 grad_norm=0.922 samples/s=107.85
[step 16390/20000] loss=0.9683 lr=2.648e-05 grad_norm=1.821 samples/s=107.85
[step 16400/20000] loss=1.0103 lr=2.636e-05 grad_norm=1.122 samples/s=107.85
[step 16410/20000] loss=1.0491 lr=2.623e-05 grad_norm=1.071 samples/s=107.85
[step 16420/20000] loss=1.9042 lr=2.610e-05 grad_norm=1.958 samples/s=107.85
[step 16430/20000] loss=0.6051 lr=2.598e-05 grad_norm=0.503 samples/s=107.85
[step 16440/20000] loss=1.3295 lr=2.585e-05 grad_norm=1.315 samples/s=107.84
[step 16450/20000] loss=0.7015 lr=2.573e-05 grad_norm=1.048 samples/s=107.85
[step 16460/20000] loss=1.1550 lr=2.560e-05 grad_norm=2.063 samples/s=107.83
[step 16470/20000] loss=1.0315 lr=2.548e-05 grad_norm=1.556 samples/s=107.84
[step 16480/20000] loss=0.9881 lr=2.536e-05 grad_norm=0.972 samples/s=107.83
[step 16490/20000] loss=0.9661 lr=2.523e-05 grad_norm=0.953 samples/s=107.84
[step 16500/20000] loss=0.7209 lr=2.511e-05 grad_norm=0.887 samples/s=107.83
[val step 16500] loss=1.1761889224052429 m01={'mean': 0.40867455702153926, 'median': 0.4081171146116749, 'p95': 0.6755816527604913, 'tail_frac_gt4px': 0.00016390755613833797, 'n_matched': 12202} m02={'12-16': 0.9140715109573241, '16-32': 0.953158779726159, '32-64': 0.9464055655758825, '64-128': 0.9405815423514539} m04={'accuracy': 0.9895918701852155, 'by_octave': {'12-16': 0.9533123028391167, '16-32': 0.9936995967741935, '32-64': 0.9953716308194936, '64-128': 0.9963037634408602}} diag={'gate3_alpha_mean': 0.26531651616096497, 'gate3_alpha_min': 0.01224517822265625, 'gate3_alpha_max': 0.9912109375, 'gate3_alpha_std': 0.16094082593917847, 'gate3_alpha_p10': 0.0833740234375, 'gate3_alpha_p50': 0.23529052734375, 'gate3_alpha_p90': 0.4739990234375, 'block0_attn_entropy': 7.031125068664551, 'block1_attn_entropy': 6.4929585456848145}
[step 16510/20000] loss=1.0446 lr=2.499e-05 grad_norm=1.273 samples/s=107.87
[step 16520/20000] loss=1.0245 lr=2.486e-05 grad_norm=1.276 samples/s=107.91
[step 16530/20000] loss=0.9321 lr=2.474e-05 grad_norm=1.014 samples/s=107.91
[step 16540/20000] loss=0.9820 lr=2.462e-05 grad_norm=1.140 samples/s=107.91
[step 16550/20000] loss=1.0673 lr=2.450e-05 grad_norm=1.014 samples/s=107.91
[step 16560/20000] loss=0.6591 lr=2.438e-05 grad_norm=1.093 samples/s=107.91
[step 16570/20000] loss=0.9707 lr=2.426e-05 grad_norm=0.885 samples/s=107.91
[step 16580/20000] loss=0.7355 lr=2.414e-05 grad_norm=0.772 samples/s=107.90
[step 16590/20000] loss=0.7753 lr=2.402e-05 grad_norm=0.936 samples/s=107.91
[step 16600/20000] loss=0.7864 lr=2.390e-05 grad_norm=0.727 samples/s=107.90
[step 16610/20000] loss=0.9362 lr=2.378e-05 grad_norm=1.317 samples/s=107.90
[step 16620/20000] loss=0.6741 lr=2.366e-05 grad_norm=0.716 samples/s=107.89
[step 16630/20000] loss=0.8433 lr=2.354e-05 grad_norm=1.088 samples/s=107.90
[step 16640/20000] loss=1.1707 lr=2.342e-05 grad_norm=1.017 samples/s=107.89
[step 16650/20000] loss=1.3135 lr=2.330e-05 grad_norm=1.361 samples/s=107.90
[step 16660/20000] loss=1.1733 lr=2.318e-05 grad_norm=1.238 samples/s=107.89
[step 16670/20000] loss=0.8121 lr=2.306e-05 grad_norm=1.299 samples/s=107.89
[step 16680/20000] loss=0.7312 lr=2.295e-05 grad_norm=1.127 samples/s=107.89
[step 16690/20000] loss=1.1493 lr=2.283e-05 grad_norm=1.302 samples/s=107.88
[step 16700/20000] loss=1.5168 lr=2.271e-05 grad_norm=0.916 samples/s=107.88
[step 16710/20000] loss=1.4171 lr=2.260e-05 grad_norm=1.626 samples/s=107.88
[step 16720/20000] loss=1.0472 lr=2.248e-05 grad_norm=1.053 samples/s=107.88
[step 16730/20000] loss=0.9640 lr=2.236e-05 grad_norm=1.035 samples/s=107.87
[step 16740/20000] loss=1.0559 lr=2.225e-05 grad_norm=0.876 samples/s=107.88
[step 16750/20000] loss=0.6928 lr=2.213e-05 grad_norm=0.773 samples/s=107.86
[step 16760/20000] loss=1.0520 lr=2.202e-05 grad_norm=1.700 samples/s=107.87
[step 16770/20000] loss=0.7694 lr=2.190e-05 grad_norm=0.961 samples/s=107.86
[step 16780/20000] loss=1.7107 lr=2.179e-05 grad_norm=2.222 samples/s=107.86
[step 16790/20000] loss=0.9107 lr=2.167e-05 grad_norm=1.312 samples/s=107.87
[step 16800/20000] loss=0.8965 lr=2.156e-05 grad_norm=0.920 samples/s=107.86
[step 16810/20000] loss=0.7562 lr=2.145e-05 grad_norm=1.167 samples/s=107.86
[step 16820/20000] loss=0.7650 lr=2.133e-05 grad_norm=1.569 samples/s=107.86
[step 16830/20000] loss=0.7956 lr=2.122e-05 grad_norm=1.091 samples/s=107.85
[step 16840/20000] loss=0.7880 lr=2.111e-05 grad_norm=1.077 samples/s=107.85
[step 16850/20000] loss=1.0260 lr=2.100e-05 grad_norm=1.214 samples/s=107.85
[step 16860/20000] loss=1.7380 lr=2.089e-05 grad_norm=2.299 samples/s=107.85
[step 16870/20000] loss=0.6699 lr=2.077e-05 grad_norm=0.621 samples/s=107.85
[step 16880/20000] loss=1.1880 lr=2.066e-05 grad_norm=1.187 samples/s=107.84
[step 16890/20000] loss=1.3040 lr=2.055e-05 grad_norm=0.909 samples/s=107.85
[step 16900/20000] loss=1.3469 lr=2.044e-05 grad_norm=1.647 samples/s=107.83
[step 16910/20000] loss=0.8975 lr=2.033e-05 grad_norm=1.961 samples/s=107.84
[step 16920/20000] loss=1.2954 lr=2.022e-05 grad_norm=1.143 samples/s=107.83
[step 16930/20000] loss=1.5455 lr=2.011e-05 grad_norm=4.388 samples/s=107.84
[step 16940/20000] loss=0.8409 lr=2.000e-05 grad_norm=0.857 samples/s=107.83
[step 16950/20000] loss=0.6033 lr=1.990e-05 grad_norm=0.899 samples/s=107.84
[step 16960/20000] loss=0.7880 lr=1.979e-05 grad_norm=1.112 samples/s=107.83
[step 16970/20000] loss=0.8661 lr=1.968e-05 grad_norm=0.680 samples/s=107.83
[step 16980/20000] loss=0.8617 lr=1.957e-05 grad_norm=0.985 samples/s=107.82
[step 16990/20000] loss=0.7665 lr=1.946e-05 grad_norm=0.838 samples/s=107.84
[step 17000/20000] loss=0.9336 lr=1.936e-05 grad_norm=0.766 samples/s=107.83
[val step 17000] loss=1.175826750278473 m01={'mean': 0.4088827539499583, 'median': 0.40816137896222543, 'p95': 0.6755560985631694, 'tail_frac_gt4px': 0.00024592179686859576, 'n_matched': 12199} m02={'12-16': 0.9152249134948097, '16-32': 0.9526783569541196, '32-64': 0.9458902344756506, '64-128': 0.9402654867256637} m04={'accuracy': 0.9886875973440445, 'by_octave': {'12-16': 0.9439193446754883, '16-32': 0.9947049924357034, '32-64': 0.9950967038953964, '64-128': 0.9966386554621849}} diag={'gate3_alpha_mean': 0.25641459226608276, 'gate3_alpha_min': 0.01224517822265625, 'gate3_alpha_max': 0.990234375, 'gate3_alpha_std': 0.15690067410469055, 'gate3_alpha_p10': 0.08058014512062073, 'gate3_alpha_p50': 0.2264404296875, 'gate3_alpha_p90': 0.458740234375, 'block0_attn_entropy': 7.023229122161865, 'block1_attn_entropy': 6.539966106414795}
[step 17010/20000] loss=0.9133 lr=1.925e-05 grad_norm=1.694 samples/s=107.87
[step 17020/20000] loss=0.6750 lr=1.914e-05 grad_norm=0.896 samples/s=107.91
[step 17030/20000] loss=0.6353 lr=1.904e-05 grad_norm=1.019 samples/s=107.90
[step 17040/20000] loss=0.6623 lr=1.893e-05 grad_norm=0.858 samples/s=107.91
[step 17050/20000] loss=0.6912 lr=1.883e-05 grad_norm=1.123 samples/s=107.90
[step 17060/20000] loss=1.0088 lr=1.872e-05 grad_norm=1.485 samples/s=107.90
[step 17070/20000] loss=1.1410 lr=1.862e-05 grad_norm=1.235 samples/s=107.90
[step 17080/20000] loss=1.0794 lr=1.851e-05 grad_norm=1.313 samples/s=107.89
[step 17090/20000] loss=1.2786 lr=1.841e-05 grad_norm=1.091 samples/s=107.90
[step 17100/20000] loss=2.0329 lr=1.830e-05 grad_norm=2.196 samples/s=107.89
[step 17110/20000] loss=1.2525 lr=1.820e-05 grad_norm=1.032 samples/s=107.89
[step 17120/20000] loss=1.4445 lr=1.810e-05 grad_norm=4.339 samples/s=107.88
[step 17130/20000] loss=1.1480 lr=1.799e-05 grad_norm=1.843 samples/s=107.89
[step 17140/20000] loss=1.0510 lr=1.789e-05 grad_norm=1.101 samples/s=107.88
[step 17150/20000] loss=0.7170 lr=1.779e-05 grad_norm=0.649 samples/s=107.88
[step 17160/20000] loss=0.8797 lr=1.769e-05 grad_norm=1.079 samples/s=107.88
[step 17170/20000] loss=0.5350 lr=1.759e-05 grad_norm=0.524 samples/s=107.88
[step 17180/20000] loss=1.1049 lr=1.748e-05 grad_norm=1.598 samples/s=107.87
[step 17190/20000] loss=1.5701 lr=1.738e-05 grad_norm=1.409 samples/s=107.87
[step 17200/20000] loss=1.0375 lr=1.728e-05 grad_norm=1.414 samples/s=107.87
[step 17210/20000] loss=1.4916 lr=1.718e-05 grad_norm=1.542 samples/s=107.87
[step 17220/20000] loss=1.4434 lr=1.708e-05 grad_norm=2.850 samples/s=107.86
[step 17230/20000] loss=0.8908 lr=1.698e-05 grad_norm=0.939 samples/s=107.87
[step 17240/20000] loss=0.8046 lr=1.688e-05 grad_norm=0.687 samples/s=107.86
[step 17250/20000] loss=0.7820 lr=1.679e-05 grad_norm=1.347 samples/s=107.87
[step 17260/20000] loss=0.8267 lr=1.669e-05 grad_norm=1.338 samples/s=107.86
[step 17270/20000] loss=1.7633 lr=1.659e-05 grad_norm=1.549 samples/s=107.87
[step 17280/20000] loss=1.1385 lr=1.649e-05 grad_norm=1.575 samples/s=107.85
[step 17290/20000] loss=1.7813 lr=1.639e-05 grad_norm=1.524 samples/s=107.86
[step 17300/20000] loss=0.9235 lr=1.630e-05 grad_norm=1.274 samples/s=107.85
[step 17310/20000] loss=1.0090 lr=1.620e-05 grad_norm=0.934 samples/s=107.85
[step 17320/20000] loss=0.8110 lr=1.610e-05 grad_norm=0.856 samples/s=107.84
[step 17330/20000] loss=0.8877 lr=1.601e-05 grad_norm=0.742 samples/s=107.85
[step 17340/20000] loss=1.5371 lr=1.591e-05 grad_norm=1.733 samples/s=107.84
[step 17350/20000] loss=1.3086 lr=1.582e-05 grad_norm=1.909 samples/s=107.85
[step 17360/20000] loss=1.2202 lr=1.572e-05 grad_norm=1.686 samples/s=107.84
[step 17370/20000] loss=0.7166 lr=1.563e-05 grad_norm=0.718 samples/s=107.85
[step 17380/20000] loss=0.8315 lr=1.553e-05 grad_norm=0.939 samples/s=107.84
[step 17390/20000] loss=1.0416 lr=1.544e-05 grad_norm=1.531 samples/s=107.84
[step 17400/20000] loss=1.0346 lr=1.534e-05 grad_norm=0.787 samples/s=107.84
[step 17410/20000] loss=0.7757 lr=1.525e-05 grad_norm=0.826 samples/s=107.85
[step 17420/20000] loss=0.7594 lr=1.516e-05 grad_norm=0.765 samples/s=107.84
[step 17430/20000] loss=1.0759 lr=1.506e-05 grad_norm=1.251 samples/s=107.85
[step 17440/20000] loss=0.9706 lr=1.497e-05 grad_norm=1.028 samples/s=107.83
[step 17450/20000] loss=1.1671 lr=1.488e-05 grad_norm=0.908 samples/s=107.84
[step 17460/20000] loss=1.1411 lr=1.479e-05 grad_norm=1.123 samples/s=107.83
[step 17470/20000] loss=0.9173 lr=1.470e-05 grad_norm=0.770 samples/s=107.84
[step 17480/20000] loss=0.8442 lr=1.461e-05 grad_norm=1.614 samples/s=107.83
[step 17490/20000] loss=1.5709 lr=1.452e-05 grad_norm=1.730 samples/s=107.83
[step 17500/20000] loss=1.3602 lr=1.443e-05 grad_norm=2.742 samples/s=107.82
[val step 17500] loss=1.1696459102630614 m01={'mean': 0.40821480089524226, 'median': 0.408148461057843, 'p95': 0.6764650132431391, 'tail_frac_gt4px': 8.19336337566571e-05, 'n_matched': 12205} m02={'12-16': 0.9163783160322952, '16-32': 0.9536392024981984, '32-64': 0.9461479000257665, '64-128': 0.9399494310998736} m04={'accuracy': 0.9901679639492011, 'by_octave': {'12-16': 0.9540591567023285, '16-32': 0.9939546599496222, '32-64': 0.9961873638344226, '64-128': 0.9969737726967047}} diag={'gate3_alpha_mean': 0.26133009791374207, 'gate3_alpha_min': 0.01224517822265625, 'gate3_alpha_max': 0.9912109375, 'gate3_alpha_std': 0.15853197872638702, 'gate3_alpha_p10': 0.0825653076171875, 'gate3_alpha_p50': 0.231964111328125, 'gate3_alpha_p90': 0.46533203125, 'block0_attn_entropy': 7.0370192527771, 'block1_attn_entropy': 6.481906890869141}
[step 17510/20000] loss=1.3037 lr=1.434e-05 grad_norm=0.917 samples/s=107.86
[step 17520/20000] loss=1.1302 lr=1.425e-05 grad_norm=1.262 samples/s=107.90
[step 17530/20000] loss=0.7093 lr=1.416e-05 grad_norm=0.676 samples/s=107.90
[step 17540/20000] loss=1.5485 lr=1.407e-05 grad_norm=1.326 samples/s=107.90
[step 17550/20000] loss=0.9537 lr=1.398e-05 grad_norm=1.167 samples/s=107.89
[step 17560/20000] loss=1.1932 lr=1.389e-05 grad_norm=0.928 samples/s=107.90
[step 17570/20000] loss=0.6166 lr=1.380e-05 grad_norm=0.952 samples/s=107.88
[step 17580/20000] loss=0.9272 lr=1.371e-05 grad_norm=0.822 samples/s=107.88
[step 17590/20000] loss=1.6964 lr=1.363e-05 grad_norm=2.157 samples/s=107.87
[step 17600/20000] loss=1.0493 lr=1.354e-05 grad_norm=1.172 samples/s=107.88
[step 17610/20000] loss=0.9479 lr=1.345e-05 grad_norm=1.865 samples/s=107.88
[step 17620/20000] loss=0.8604 lr=1.337e-05 grad_norm=0.756 samples/s=107.88
[step 17630/20000] loss=0.9539 lr=1.328e-05 grad_norm=1.183 samples/s=107.87
[step 17640/20000] loss=1.0539 lr=1.320e-05 grad_norm=0.926 samples/s=107.88
[step 17650/20000] loss=1.4831 lr=1.311e-05 grad_norm=1.805 samples/s=107.87
[step 17660/20000] loss=1.7662 lr=1.303e-05 grad_norm=2.117 samples/s=107.87
[step 17670/20000] loss=0.6152 lr=1.294e-05 grad_norm=0.835 samples/s=107.87
[step 17680/20000] loss=1.8386 lr=1.286e-05 grad_norm=3.256 samples/s=107.88
[step 17690/20000] loss=1.5771 lr=1.277e-05 grad_norm=1.591 samples/s=107.87
[step 17700/20000] loss=1.0091 lr=1.269e-05 grad_norm=0.889 samples/s=107.88
[step 17710/20000] loss=1.8304 lr=1.261e-05 grad_norm=3.392 samples/s=107.86
[step 17720/20000] loss=0.6165 lr=1.252e-05 grad_norm=0.939 samples/s=107.87
[step 17730/20000] loss=1.5148 lr=1.244e-05 grad_norm=1.523 samples/s=107.86
[step 17740/20000] loss=0.6482 lr=1.236e-05 grad_norm=0.791 samples/s=107.86
[step 17750/20000] loss=0.7864 lr=1.228e-05 grad_norm=1.260 samples/s=107.85
[step 17760/20000] loss=1.0488 lr=1.220e-05 grad_norm=0.916 samples/s=107.86
[step 17770/20000] loss=1.0469 lr=1.212e-05 grad_norm=1.468 samples/s=107.85
[step 17780/20000] loss=1.2788 lr=1.204e-05 grad_norm=2.039 samples/s=107.86
[step 17790/20000] loss=0.8274 lr=1.195e-05 grad_norm=1.098 samples/s=107.85
[step 17800/20000] loss=1.2493 lr=1.187e-05 grad_norm=1.448 samples/s=107.85
[step 17810/20000] loss=0.6568 lr=1.180e-05 grad_norm=1.813 samples/s=107.84
[step 17820/20000] loss=0.8561 lr=1.172e-05 grad_norm=0.874 samples/s=107.85
[step 17830/20000] loss=0.6516 lr=1.164e-05 grad_norm=0.975 samples/s=107.84
[step 17840/20000] loss=1.2714 lr=1.156e-05 grad_norm=1.635 samples/s=107.85
[step 17850/20000] loss=0.7145 lr=1.148e-05 grad_norm=0.929 samples/s=107.84
[step 17860/20000] loss=0.8832 lr=1.140e-05 grad_norm=1.199 samples/s=107.84
[step 17870/20000] loss=1.7059 lr=1.132e-05 grad_norm=1.280 samples/s=107.83
[step 17880/20000] loss=1.4511 lr=1.125e-05 grad_norm=1.239 samples/s=107.84
[step 17890/20000] loss=0.9427 lr=1.117e-05 grad_norm=1.204 samples/s=107.83
[step 17900/20000] loss=0.6460 lr=1.109e-05 grad_norm=0.868 samples/s=107.84
[step 17910/20000] loss=0.6271 lr=1.102e-05 grad_norm=1.029 samples/s=107.83
[step 17920/20000] loss=0.8025 lr=1.094e-05 grad_norm=1.093 samples/s=107.84
[step 17930/20000] loss=1.6740 lr=1.087e-05 grad_norm=1.308 samples/s=107.83
[step 17940/20000] loss=1.2166 lr=1.079e-05 grad_norm=0.945 samples/s=107.83
[step 17950/20000] loss=0.9631 lr=1.072e-05 grad_norm=1.202 samples/s=107.83
[step 17960/20000] loss=1.2060 lr=1.064e-05 grad_norm=1.522 samples/s=107.83
[step 17970/20000] loss=1.1325 lr=1.057e-05 grad_norm=1.461 samples/s=107.82
[step 17980/20000] loss=0.7688 lr=1.049e-05 grad_norm=0.781 samples/s=107.83
[step 17990/20000] loss=1.4115 lr=1.042e-05 grad_norm=1.494 samples/s=107.82
[step 18000/20000] loss=1.3477 lr=1.035e-05 grad_norm=1.704 samples/s=107.83
[val step 18000] loss=1.171061514377594 m01={'mean': 0.4088759162910475, 'median': 0.4081171146116749, 'p95': 0.6755816527604913, 'tail_frac_gt4px': 0.000245861334207507, 'n_matched': 12202} m02={'12-16': 0.9158016147635525, '16-32': 0.953158779726159, '32-64': 0.9461479000257665, '64-128': 0.9399494310998736} m04={'accuracy': 0.9895099164071464, 'by_octave': {'12-16': 0.9527707808564232, '16-32': 0.9929435483870968, '32-64': 0.9959150326797386, '64-128': 0.9966375252185609}} diag={'gate3_alpha_mean': 0.268125057220459, 'gate3_alpha_min': 0.01279449462890625, 'gate3_alpha_max': 0.990234375, 'gate3_alpha_std': 0.15981440246105194, 'gate3_alpha_p10': 0.08589859306812286, 'gate3_alpha_p50': 0.239990234375, 'gate3_alpha_p90': 0.473876953125, 'block0_attn_entropy': 7.027894020080566, 'block1_attn_entropy': 6.547460079193115}
[step 18010/20000] loss=1.2721 lr=1.028e-05 grad_norm=1.654 samples/s=107.86
[step 18020/20000] loss=1.1588 lr=1.020e-05 grad_norm=3.017 samples/s=107.90
[step 18030/20000] loss=0.8635 lr=1.013e-05 grad_norm=0.865 samples/s=107.90
[step 18040/20000] loss=0.9688 lr=1.006e-05 grad_norm=1.064 samples/s=107.90
[step 18050/20000] loss=1.5853 lr=9.988e-06 grad_norm=1.330 samples/s=107.90
[step 18060/20000] loss=1.0359 lr=9.917e-06 grad_norm=1.566 samples/s=107.89
[step 18070/20000] loss=1.4506 lr=9.847e-06 grad_norm=1.666 samples/s=107.89
[step 18080/20000] loss=1.2355 lr=9.777e-06 grad_norm=1.060 samples/s=107.89
[step 18090/20000] loss=1.1069 lr=9.707e-06 grad_norm=0.888 samples/s=107.90
[step 18100/20000] loss=1.2775 lr=9.637e-06 grad_norm=1.386 samples/s=107.89
[step 18110/20000] loss=0.8147 lr=9.568e-06 grad_norm=2.120 samples/s=107.90
[step 18120/20000] loss=1.0798 lr=9.499e-06 grad_norm=0.833 samples/s=107.89
[step 18130/20000] loss=1.1809 lr=9.431e-06 grad_norm=1.189 samples/s=107.90
[step 18140/20000] loss=0.5025 lr=9.363e-06 grad_norm=0.606 samples/s=107.89
[step 18150/20000] loss=1.0039 lr=9.295e-06 grad_norm=0.931 samples/s=107.89
[step 18160/20000] loss=1.5221 lr=9.228e-06 grad_norm=1.880 samples/s=107.89
[step 18170/20000] loss=0.7553 lr=9.161e-06 grad_norm=1.107 samples/s=107.90
[step 18180/20000] loss=0.8779 lr=9.094e-06 grad_norm=1.742 samples/s=107.88
[step 18190/20000] loss=0.5758 lr=9.028e-06 grad_norm=0.796 samples/s=107.89
[step 18200/20000] loss=1.0304 lr=8.962e-06 grad_norm=1.191 samples/s=107.88
[step 18210/20000] loss=1.0183 lr=8.896e-06 grad_norm=1.062 samples/s=107.89
[step 18220/20000] loss=0.9399 lr=8.831e-06 grad_norm=1.141 samples/s=107.88
[step 18230/20000] loss=0.6597 lr=8.766e-06 grad_norm=0.895 samples/s=107.89
[step 18240/20000] loss=2.1446 lr=8.702e-06 grad_norm=1.553 samples/s=107.88
[step 18250/20000] loss=0.6407 lr=8.638e-06 grad_norm=1.162 samples/s=107.89
[step 18260/20000] loss=0.9257 lr=8.574e-06 grad_norm=1.211 samples/s=107.88
[step 18270/20000] loss=1.0551 lr=8.510e-06 grad_norm=0.992 samples/s=107.88
[step 18280/20000] loss=1.0574 lr=8.447e-06 grad_norm=0.993 samples/s=107.88
[step 18290/20000] loss=0.7825 lr=8.385e-06 grad_norm=0.824 samples/s=107.88
[step 18300/20000] loss=1.3883 lr=8.322e-06 grad_norm=1.119 samples/s=107.88
[step 18310/20000] loss=0.5961 lr=8.260e-06 grad_norm=0.825 samples/s=107.88
[step 18320/20000] loss=0.8917 lr=8.198e-06 grad_norm=0.835 samples/s=107.87
[step 18330/20000] loss=1.6305 lr=8.137e-06 grad_norm=1.343 samples/s=107.88
[step 18340/20000] loss=1.0813 lr=8.076e-06 grad_norm=0.854 samples/s=107.88
[step 18350/20000] loss=0.9703 lr=8.016e-06 grad_norm=1.271 samples/s=107.89
[step 18360/20000] loss=1.5705 lr=7.955e-06 grad_norm=1.616 samples/s=107.88
[step 18370/20000] loss=0.6804 lr=7.896e-06 grad_norm=0.593 samples/s=107.88
[step 18380/20000] loss=1.4533 lr=7.836e-06 grad_norm=1.085 samples/s=107.87
[step 18390/20000] loss=0.7616 lr=7.777e-06 grad_norm=1.015 samples/s=107.88
[step 18400/20000] loss=1.6255 lr=7.718e-06 grad_norm=1.528 samples/s=107.87
[step 18410/20000] loss=1.2312 lr=7.660e-06 grad_norm=0.906 samples/s=107.87
[step 18420/20000] loss=0.9410 lr=7.601e-06 grad_norm=0.955 samples/s=107.87
[step 18430/20000] loss=0.9038 lr=7.544e-06 grad_norm=1.500 samples/s=107.87
[step 18440/20000] loss=0.7894 lr=7.486e-06 grad_norm=0.834 samples/s=107.86
[step 18450/20000] loss=1.0877 lr=7.429e-06 grad_norm=2.102 samples/s=107.87
[step 18460/20000] loss=0.7630 lr=7.373e-06 grad_norm=0.750 samples/s=107.85
[step 18470/20000] loss=1.0859 lr=7.316e-06 grad_norm=1.107 samples/s=107.86
[step 18480/20000] loss=1.3905 lr=7.261e-06 grad_norm=1.001 samples/s=107.86
[step 18490/20000] loss=0.8317 lr=7.205e-06 grad_norm=1.358 samples/s=107.86
[step 18500/20000] loss=0.8603 lr=7.150e-06 grad_norm=1.014 samples/s=107.85
[val step 18500] loss=1.1699162721633911 m01={'mean': 0.40871508394817707, 'median': 0.4080960042959424, 'p95': 0.6754652673520934, 'tail_frac_gt4px': 0.00024588148512417015, 'n_matched': 12201} m02={'12-16': 0.9152249134948097, '16-32': 0.9529185683401393, '32-64': 0.9461479000257665, '64-128': 0.9402654867256637} m04={'accuracy': 0.9888533726743709, 'by_octave': {'12-16': 0.9508506616257089, '16-32': 0.9926896899420217, '32-64': 0.9950980392156863, '64-128': 0.9963025210084033}} diag={'gate3_alpha_mean': 0.26327452063560486, 'gate3_alpha_min': 0.012451171875, 'gate3_alpha_max': 0.990234375, 'gate3_alpha_std': 0.15883195400238037, 'gate3_alpha_p10': 0.08369293808937073, 'gate3_alpha_p50': 0.23419189453125, 'gate3_alpha_p90': 0.467529296875, 'block0_attn_entropy': 7.029102325439453, 'block1_attn_entropy': 6.563997268676758}
[step 18510/20000] loss=0.5261 lr=7.095e-06 grad_norm=0.732 samples/s=107.89
[step 18520/20000] loss=1.2428 lr=7.040e-06 grad_norm=1.119 samples/s=107.93
[step 18530/20000] loss=1.2823 lr=6.986e-06 grad_norm=1.509 samples/s=107.93
[step 18540/20000] loss=1.2645 lr=6.932e-06 grad_norm=1.569 samples/s=107.93
[step 18550/20000] loss=1.4090 lr=6.879e-06 grad_norm=1.241 samples/s=107.93
[step 18560/20000] loss=0.7077 lr=6.826e-06 grad_norm=1.059 samples/s=107.92
[step 18570/20000] loss=1.0566 lr=6.773e-06 grad_norm=1.512 samples/s=107.92
[step 18580/20000] loss=0.5947 lr=6.721e-06 grad_norm=1.077 samples/s=107.93
[step 18590/20000] loss=0.9398 lr=6.669e-06 grad_norm=0.881 samples/s=107.93
[step 18600/20000] loss=1.2918 lr=6.617e-06 grad_norm=1.060 samples/s=107.93
[step 18610/20000] loss=0.9527 lr=6.566e-06 grad_norm=1.358 samples/s=107.92
[step 18620/20000] loss=1.4101 lr=6.515e-06 grad_norm=1.356 samples/s=107.93
[step 18630/20000] loss=1.2461 lr=6.465e-06 grad_norm=2.237 samples/s=107.91
[step 18640/20000] loss=0.7532 lr=6.415e-06 grad_norm=0.919 samples/s=107.92
[step 18650/20000] loss=1.1406 lr=6.365e-06 grad_norm=1.515 samples/s=107.91
[step 18660/20000] loss=1.4224 lr=6.315e-06 grad_norm=1.454 samples/s=107.92
[step 18670/20000] loss=0.5546 lr=6.266e-06 grad_norm=0.862 samples/s=107.91
[step 18680/20000] loss=0.8539 lr=6.218e-06 grad_norm=1.334 samples/s=107.91
[step 18690/20000] loss=0.9734 lr=6.169e-06 grad_norm=1.298 samples/s=107.91
[step 18700/20000] loss=1.3456 lr=6.121e-06 grad_norm=3.256 samples/s=107.91
[step 18710/20000] loss=1.7127 lr=6.074e-06 grad_norm=2.535 samples/s=107.90
[step 18720/20000] loss=1.9380 lr=6.026e-06 grad_norm=1.342 samples/s=107.90
[step 18730/20000] loss=0.8575 lr=5.979e-06 grad_norm=0.955 samples/s=107.91
[step 18740/20000] loss=0.8613 lr=5.933e-06 grad_norm=1.362 samples/s=107.90
[step 18750/20000] loss=1.1184 lr=5.887e-06 grad_norm=1.009 samples/s=107.90
[step 18760/20000] loss=1.2544 lr=5.841e-06 grad_norm=1.364 samples/s=107.90
[step 18770/20000] loss=0.9979 lr=5.795e-06 grad_norm=0.903 samples/s=107.90
[step 18780/20000] loss=0.7931 lr=5.750e-06 grad_norm=1.061 samples/s=107.90
[step 18790/20000] loss=0.5739 lr=5.706e-06 grad_norm=0.719 samples/s=107.90
[step 18800/20000] loss=0.9961 lr=5.661e-06 grad_norm=0.772 samples/s=107.89
[step 18810/20000] loss=0.9659 lr=5.617e-06 grad_norm=1.042 samples/s=107.90
[step 18820/20000] loss=0.7170 lr=5.574e-06 grad_norm=0.988 samples/s=107.89
[step 18830/20000] loss=0.7533 lr=5.530e-06 grad_norm=0.830 samples/s=107.90
[step 18840/20000] loss=1.5165 lr=5.487e-06 grad_norm=1.598 samples/s=107.90
[step 18850/20000] loss=0.7581 lr=5.445e-06 grad_norm=0.771 samples/s=107.90
[step 18860/20000] loss=1.1137 lr=5.403e-06 grad_norm=0.784 samples/s=107.89
[step 18870/20000] loss=1.0018 lr=5.361e-06 grad_norm=0.982 samples/s=107.90
[step 18880/20000] loss=1.6602 lr=5.319e-06 grad_norm=1.557 samples/s=107.89
[step 18890/20000] loss=1.5128 lr=5.278e-06 grad_norm=1.844 samples/s=107.90
[step 18900/20000] loss=0.9278 lr=5.238e-06 grad_norm=2.081 samples/s=107.89
[step 18910/20000] loss=0.6766 lr=5.197e-06 grad_norm=0.684 samples/s=107.89
[step 18920/20000] loss=1.3192 lr=5.157e-06 grad_norm=1.023 samples/s=107.88
[step 18930/20000] loss=0.6012 lr=5.118e-06 grad_norm=0.801 samples/s=107.89
[step 18940/20000] loss=1.3286 lr=5.078e-06 grad_norm=1.738 samples/s=107.87
[step 18950/20000] loss=1.2088 lr=5.039e-06 grad_norm=0.754 samples/s=107.88
[step 18960/20000] loss=0.6075 lr=5.001e-06 grad_norm=1.108 samples/s=107.87
[step 18970/20000] loss=1.1824 lr=4.963e-06 grad_norm=1.058 samples/s=107.88
[step 18980/20000] loss=1.2593 lr=4.925e-06 grad_norm=0.864 samples/s=107.87
[step 18990/20000] loss=0.7807 lr=4.887e-06 grad_norm=2.078 samples/s=107.88
[step 19000/20000] loss=0.8752 lr=4.850e-06 grad_norm=1.152 samples/s=107.86
[val step 19000] loss=1.1692383370399475 m01={'mean': 0.408835027953634, 'median': 0.4081299124150894, 'p95': 0.6754414536335334, 'tail_frac_gt4px': 0.0002458009012699713, 'n_matched': 12205} m02={'12-16': 0.916955017301038, '16-32': 0.9533989911121787, '32-64': 0.9461479000257665, '64-128': 0.9399494310998736} m04={'accuracy': 0.9891028267103646, 'by_octave': {'12-16': 0.949685534591195, '16-32': 0.9929453262786596, '32-64': 0.9953703703703703, '64-128': 0.9973100201748487}} diag={'gate3_alpha_mean': 0.2626875340938568, 'gate3_alpha_min': 0.012451171875, 'gate3_alpha_max': 0.9912109375, 'gate3_alpha_std': 0.15916019678115845, 'gate3_alpha_p10': 0.08334312587976456, 'gate3_alpha_p50': 0.2330322265625, 'gate3_alpha_p90': 0.46728515625, 'block0_attn_entropy': 7.0326008796691895, 'block1_attn_entropy': 6.534078121185303}
[step 19010/20000] loss=1.0982 lr=4.814e-06 grad_norm=1.697 samples/s=107.90
[step 19020/20000] loss=0.8153 lr=4.777e-06 grad_norm=0.837 samples/s=107.94
[step 19030/20000] loss=1.0161 lr=4.741e-06 grad_norm=1.571 samples/s=107.93
[step 19040/20000] loss=0.7794 lr=4.706e-06 grad_norm=0.941 samples/s=107.93
[step 19050/20000] loss=1.0825 lr=4.670e-06 grad_norm=1.366 samples/s=107.93
[step 19060/20000] loss=0.4640 lr=4.636e-06 grad_norm=0.745 samples/s=107.94
[step 19070/20000] loss=0.6498 lr=4.601e-06 grad_norm=0.709 samples/s=107.93
[step 19080/20000] loss=0.8448 lr=4.567e-06 grad_norm=0.890 samples/s=107.93
[step 19090/20000] loss=1.2975 lr=4.533e-06 grad_norm=0.953 samples/s=107.93
[step 19100/20000] loss=1.9642 lr=4.500e-06 grad_norm=2.275 samples/s=107.94
[step 19110/20000] loss=0.6166 lr=4.467e-06 grad_norm=0.699 samples/s=107.93
[step 19120/20000] loss=1.4605 lr=4.434e-06 grad_norm=1.421 samples/s=107.93
[step 19130/20000] loss=0.8048 lr=4.402e-06 grad_norm=0.964 samples/s=107.93
[step 19140/20000] loss=1.0516 lr=4.370e-06 grad_norm=1.246 samples/s=107.93
[step 19150/20000] loss=0.9692 lr=4.338e-06 grad_norm=1.031 samples/s=107.93
[step 19160/20000] loss=0.9378 lr=4.307e-06 grad_norm=0.821 samples/s=107.93
[step 19170/20000] loss=0.8642 lr=4.276e-06 grad_norm=0.954 samples/s=107.92
[step 19180/20000] loss=0.8374 lr=4.246e-06 grad_norm=0.969 samples/s=107.92
[step 19190/20000] loss=1.3843 lr=4.215e-06 grad_norm=1.027 samples/s=107.91
[step 19200/20000] loss=1.0620 lr=4.186e-06 grad_norm=0.740 samples/s=107.92
[step 19210/20000] loss=0.8821 lr=4.156e-06 grad_norm=0.926 samples/s=107.91
[step 19220/20000] loss=1.7178 lr=4.127e-06 grad_norm=3.205 samples/s=107.91
[step 19230/20000] loss=0.7017 lr=4.099e-06 grad_norm=1.207 samples/s=107.90
[step 19240/20000] loss=1.0181 lr=4.070e-06 grad_norm=0.865 samples/s=107.91
[step 19250/20000] loss=1.3383 lr=4.042e-06 grad_norm=1.358 samples/s=107.90
[step 19260/20000] loss=0.6965 lr=4.015e-06 grad_norm=0.699 samples/s=107.91
[step 19270/20000] loss=1.1824 lr=3.988e-06 grad_norm=1.336 samples/s=107.90
[step 19280/20000] loss=1.0466 lr=3.961e-06 grad_norm=1.219 samples/s=107.90
[step 19290/20000] loss=1.3682 lr=3.934e-06 grad_norm=1.305 samples/s=107.89
[step 19300/20000] loss=0.7282 lr=3.908e-06 grad_norm=0.863 samples/s=107.90
[step 19310/20000] loss=1.1070 lr=3.883e-06 grad_norm=0.867 samples/s=107.89
[step 19320/20000] loss=0.8514 lr=3.857e-06 grad_norm=1.026 samples/s=107.89
[step 19330/20000] loss=0.9612 lr=3.832e-06 grad_norm=1.184 samples/s=107.89
[step 19340/20000] loss=0.7286 lr=3.808e-06 grad_norm=0.859 samples/s=107.89
[step 19350/20000] loss=1.9353 lr=3.784e-06 grad_norm=1.488 samples/s=107.88
[step 19360/20000] loss=0.6797 lr=3.760e-06 grad_norm=0.673 samples/s=107.89
[step 19370/20000] loss=1.0394 lr=3.736e-06 grad_norm=0.896 samples/s=107.89
[step 19380/20000] loss=1.2495 lr=3.713e-06 grad_norm=1.148 samples/s=107.89
[step 19390/20000] loss=0.8677 lr=3.690e-06 grad_norm=0.962 samples/s=107.89
[step 19400/20000] loss=0.6632 lr=3.668e-06 grad_norm=1.046 samples/s=107.89
[step 19410/20000] loss=1.3643 lr=3.646e-06 grad_norm=1.193 samples/s=107.89
[step 19420/20000] loss=1.0774 lr=3.624e-06 grad_norm=1.244 samples/s=107.88
[step 19430/20000] loss=1.9511 lr=3.603e-06 grad_norm=1.250 samples/s=107.89
[step 19440/20000] loss=1.4023 lr=3.582e-06 grad_norm=1.394 samples/s=107.88
[step 19450/20000] loss=0.8296 lr=3.561e-06 grad_norm=0.806 samples/s=107.88
[step 19460/20000] loss=1.6659 lr=3.541e-06 grad_norm=2.016 samples/s=107.88
[step 19470/20000] loss=1.4789 lr=3.521e-06 grad_norm=1.903 samples/s=107.88
[step 19480/20000] loss=1.1457 lr=3.502e-06 grad_norm=1.069 samples/s=107.87
[step 19490/20000] loss=0.6428 lr=3.483e-06 grad_norm=0.750 samples/s=107.88
[step 19500/20000] loss=1.1791 lr=3.464e-06 grad_norm=1.119 samples/s=107.87
[val step 19500] loss=1.1702623839378357 m01={'mean': 0.4087219888538015, 'median': 0.4081299124150894, 'p95': 0.6751801512196471, 'tail_frac_gt4px': 0.0002458009012699713, 'n_matched': 12205} m02={'12-16': 0.916955017301038, '16-32': 0.953158779726159, '32-64': 0.9461479000257665, '64-128': 0.9402654867256637} m04={'accuracy': 0.9886931585415814, 'by_octave': {'12-16': 0.9465408805031447, '16-32': 0.993195564516129, '32-64': 0.9953703703703703, '64-128': 0.9969747899159664}} diag={'gate3_alpha_mean': 0.26132404804229736, 'gate3_alpha_min': 0.012622833251953125, 'gate3_alpha_max': 0.9892578125, 'gate3_alpha_std': 0.15727132558822632, 'gate3_alpha_p10': 0.083648681640625, 'gate3_alpha_p50': 0.23272705078125, 'gate3_alpha_p90': 0.462158203125, 'block0_attn_entropy': 7.035219669342041, 'block1_attn_entropy': 6.532856464385986}
[step 19510/20000] loss=0.6285 lr=3.446e-06 grad_norm=0.923 samples/s=107.91
[step 19520/20000] loss=0.8083 lr=3.428e-06 grad_norm=1.315 samples/s=107.94
[step 19530/20000] loss=0.4511 lr=3.410e-06 grad_norm=0.530 samples/s=107.94
[step 19540/20000] loss=1.0226 lr=3.393e-06 grad_norm=1.009 samples/s=107.94
[step 19550/20000] loss=1.3260 lr=3.376e-06 grad_norm=1.349 samples/s=107.93
[step 19560/20000] loss=1.4340 lr=3.360e-06 grad_norm=1.573 samples/s=107.93
[step 19570/20000] loss=0.8125 lr=3.344e-06 grad_norm=0.814 samples/s=107.93
[step 19580/20000] loss=0.7292 lr=3.328e-06 grad_norm=0.980 samples/s=107.93
[step 19590/20000] loss=1.3278 lr=3.312e-06 grad_norm=1.355 samples/s=107.93
[step 19600/20000] loss=0.6617 lr=3.297e-06 grad_norm=1.196 samples/s=107.93
[step 19610/20000] loss=1.0176 lr=3.283e-06 grad_norm=0.898 samples/s=107.93
[step 19620/20000] loss=1.1929 lr=3.269e-06 grad_norm=1.297 samples/s=107.93
[step 19630/20000] loss=1.6560 lr=3.255e-06 grad_norm=1.549 samples/s=107.92
[step 19640/20000] loss=0.8909 lr=3.241e-06 grad_norm=0.809 samples/s=107.92
[step 19650/20000] loss=1.4300 lr=3.228e-06 grad_norm=1.716 samples/s=107.92
[step 19660/20000] loss=1.1563 lr=3.215e-06 grad_norm=2.475 samples/s=107.92
[step 19670/20000] loss=1.6107 lr=3.203e-06 grad_norm=1.343 samples/s=107.93
[step 19680/20000] loss=0.7390 lr=3.191e-06 grad_norm=0.713 samples/s=107.93
[step 19690/20000] loss=0.9277 lr=3.179e-06 grad_norm=1.088 samples/s=107.93
[step 19700/20000] loss=1.2675 lr=3.168e-06 grad_norm=1.080 samples/s=107.92
[step 19710/20000] loss=0.8501 lr=3.157e-06 grad_norm=0.905 samples/s=107.93
[step 19720/20000] loss=0.9227 lr=3.146e-06 grad_norm=1.105 samples/s=107.91
[step 19730/20000] loss=0.9685 lr=3.136e-06 grad_norm=0.861 samples/s=107.91
[step 19740/20000] loss=0.8045 lr=3.126e-06 grad_norm=1.178 samples/s=107.90
[step 19750/20000] loss=0.8140 lr=3.117e-06 grad_norm=1.122 samples/s=107.91
[step 19760/20000] loss=1.6500 lr=3.107e-06 grad_norm=1.866 samples/s=107.90
[step 19770/20000] loss=0.8180 lr=3.099e-06 grad_norm=0.840 samples/s=107.91
[step 19780/20000] loss=1.7464 lr=3.090e-06 grad_norm=1.952 samples/s=107.90
[step 19790/20000] loss=0.8901 lr=3.082e-06 grad_norm=1.333 samples/s=107.91
[step 19800/20000] loss=1.0598 lr=3.075e-06 grad_norm=1.112 samples/s=107.90
[step 19810/20000] loss=0.9933 lr=3.068e-06 grad_norm=1.306 samples/s=107.91
[step 19820/20000] loss=1.1754 lr=3.061e-06 grad_norm=1.261 samples/s=107.90
[step 19830/20000] loss=1.1036 lr=3.054e-06 grad_norm=1.176 samples/s=107.90
[step 19840/20000] loss=0.6387 lr=3.048e-06 grad_norm=1.144 samples/s=107.90
[step 19850/20000] loss=1.4564 lr=3.042e-06 grad_norm=1.880 samples/s=107.91
[step 19860/20000] loss=0.4954 lr=3.037e-06 grad_norm=0.726 samples/s=107.90
[step 19870/20000] loss=1.9148 lr=3.032e-06 grad_norm=1.844 samples/s=107.91
[step 19880/20000] loss=0.5340 lr=3.027e-06 grad_norm=0.629 samples/s=107.90
[step 19890/20000] loss=1.9967 lr=3.023e-06 grad_norm=1.656 samples/s=107.91
[step 19900/20000] loss=1.9432 lr=3.019e-06 grad_norm=1.835 samples/s=107.90
[step 19910/20000] loss=1.7312 lr=3.015e-06 grad_norm=1.727 samples/s=107.90
[step 19920/20000] loss=1.1663 lr=3.012e-06 grad_norm=1.631 samples/s=107.90
[step 19930/20000] loss=1.2208 lr=3.009e-06 grad_norm=1.376 samples/s=107.90
[step 19940/20000] loss=0.7502 lr=3.007e-06 grad_norm=0.599 samples/s=107.90
[step 19950/20000] loss=0.9630 lr=3.005e-06 grad_norm=0.803 samples/s=107.90
[step 19960/20000] loss=2.0637 lr=3.003e-06 grad_norm=1.856 samples/s=107.89
[step 19970/20000] loss=1.5215 lr=3.002e-06 grad_norm=2.400 samples/s=107.90
[step 19980/20000] loss=0.7793 lr=3.001e-06 grad_norm=1.083 samples/s=107.89
[step 19990/20000] loss=1.0977 lr=3.000e-06 grad_norm=1.800 samples/s=107.89
[step 20000/20000] loss=0.8074 lr=3.000e-06 grad_norm=0.868 samples/s=107.89
[val step 20000] loss=1.1692748966217041 m01={'mean': 0.4083705200883651, 'median': 0.4081171146116749, 'p95': 0.675539918461776, 'tail_frac_gt4px': 0.00016388069485414618, 'n_matched': 12204} m02={'12-16': 0.9163783160322952, '16-32': 0.9536392024981984, '32-64': 0.9458902344756506, '64-128': 0.9399494310998736} m04={'accuracy': 0.9885283513602098, 'by_octave': {'12-16': 0.9477658904971681, '16-32': 0.9924433249370277, '32-64': 0.9959139199128303, '64-128': 0.995965030262273}} diag={'gate3_alpha_mean': 0.2628856897354126, 'gate3_alpha_min': 0.012622833251953125, 'gate3_alpha_max': 0.9892578125, 'gate3_alpha_std': 0.15769536793231964, 'gate3_alpha_p10': 0.08428955078125, 'gate3_alpha_p50': 0.2344970703125, 'gate3_alpha_p90': 0.46435546875, 'block0_attn_entropy': 7.033466815948486, 'block1_attn_entropy': 6.533216953277588}
[FULL val step 20000] loss=1.0818000799655914 m01={'mean': 0.4056069482097744, 'median': 0.4057984820920063, 'p95': 0.6718680124431542, 'tail_frac_gt4px': 4.8432795460232636e-05, 'n_matched': 123883} m02={'12-16': 0.919491048305371, '16-32': 0.9390177450306807, '32-64': 0.9540895355628348, '64-128': 0.9561066296949836} m04={'accuracy': 0.9905959655481381, 'by_octave': {'12-16': 0.9620989468528043, '16-32': 0.9926075438375174, '32-64': 0.996992521225348, '64-128': 0.9953860857528919}}
[train_detector] wrote checkpoint runs/ft21_head_bneck_lr3x_hm_lr0p1_20k/ckpt_0020000.pt
[train_detector] done: step=20000 train_elapsed=5931.9s val_elapsed=519.2s samples/s=107.89
