[train_detector] finetune from runs/rel_w882_c2_100k_rev6/ckpt_0100000.pt (step 100000): 437,105 of 882,402 params trainable, lr_mult={'cls.*': 1.0, 'blocks.*': 0.1, 'norm.*': 0.1, 'hm.*': 0.1}, reinit=[]
[train_detector] stream_seed=2100000 resume_count=0 start_step=0
[step 1/20000] loss=5.9405 lr=0.000e+00 grad_norm=25.954 samples/s=7.16
[step 2/20000] loss=6.1353 lr=3.000e-06 grad_norm=23.750 samples/s=13.98
[step 3/20000] loss=6.5171 lr=6.000e-06 grad_norm=21.119 samples/s=20.47
[step 4/20000] loss=6.2539 lr=9.000e-06 grad_norm=28.052 samples/s=26.66
[step 5/20000] loss=5.7511 lr=1.200e-05 grad_norm=21.182 samples/s=31.01
[step 6/20000] loss=5.1718 lr=1.500e-05 grad_norm=25.437 samples/s=36.43
[step 7/20000] loss=6.6291 lr=1.800e-05 grad_norm=23.297 samples/s=41.63
[step 8/20000] loss=5.8486 lr=2.100e-05 grad_norm=24.272 samples/s=46.63
[step 9/20000] loss=7.1756 lr=2.400e-05 grad_norm=25.826 samples/s=41.61
[step 10/20000] loss=6.4579 lr=2.700e-05 grad_norm=21.331 samples/s=45.51
[step 20/20000] loss=5.5675 lr=5.700e-05 grad_norm=19.271 samples/s=58.80
[step 30/20000] loss=4.7841 lr=8.700e-05 grad_norm=17.726 samples/s=60.76
[step 40/20000] loss=4.2482 lr=1.170e-04 grad_norm=14.350 samples/s=65.94
[step 50/20000] loss=3.8157 lr=1.470e-04 grad_norm=9.595 samples/s=67.67
[step 60/20000] loss=3.8253 lr=1.770e-04 grad_norm=9.830 samples/s=68.98
[step 70/20000] loss=2.8302 lr=2.070e-04 grad_norm=6.682 samples/s=69.17
[step 80/20000] loss=2.3811 lr=2.370e-04 grad_norm=3.427 samples/s=70.27
[step 90/20000] loss=2.7528 lr=2.670e-04 grad_norm=2.604 samples/s=70.81
[step 100/20000] loss=2.3741 lr=2.970e-04 grad_norm=1.646 samples/s=71.99
[step 110/20000] loss=2.1275 lr=3.000e-04 grad_norm=1.589 samples/s=71.59
[step 120/20000] loss=2.2628 lr=3.000e-04 grad_norm=1.504 samples/s=71.82
[step 130/20000] loss=2.1216 lr=3.000e-04 grad_norm=1.414 samples/s=71.73
[step 140/20000] loss=2.6073 lr=3.000e-04 grad_norm=1.847 samples/s=71.61
[step 150/20000] loss=2.2924 lr=3.000e-04 grad_norm=2.138 samples/s=72.17
[step 160/20000] loss=2.3791 lr=3.000e-04 grad_norm=1.679 samples/s=72.88
[step 170/20000] loss=2.4658 lr=3.000e-04 grad_norm=1.288 samples/s=72.60
[step 180/20000] loss=2.2668 lr=3.000e-04 grad_norm=1.204 samples/s=73.06
[step 190/20000] loss=2.1323 lr=3.000e-04 grad_norm=1.335 samples/s=73.53
[step 200/20000] loss=2.9475 lr=3.000e-04 grad_norm=1.435 samples/s=73.24
[step 210/20000] loss=2.7156 lr=3.000e-04 grad_norm=1.455 samples/s=73.18
[step 220/20000] loss=1.9665 lr=3.000e-04 grad_norm=1.167 samples/s=73.09
[step 230/20000] loss=2.5422 lr=3.000e-04 grad_norm=1.980 samples/s=73.36
[step 240/20000] loss=1.8758 lr=3.000e-04 grad_norm=1.246 samples/s=73.17
[step 250/20000] loss=2.2115 lr=3.000e-04 grad_norm=2.051 samples/s=73.70
[step 260/20000] loss=2.4188 lr=3.000e-04 grad_norm=1.674 samples/s=73.53
[step 270/20000] loss=2.4870 lr=2.999e-04 grad_norm=1.873 samples/s=73.65
[step 280/20000] loss=2.7028 lr=2.999e-04 grad_norm=1.505 samples/s=72.75
[step 290/20000] loss=2.0425 lr=2.999e-04 grad_norm=1.487 samples/s=73.50
[step 300/20000] loss=2.4893 lr=2.999e-04 grad_norm=1.801 samples/s=73.62
[step 310/20000] loss=2.2702 lr=2.999e-04 grad_norm=1.419 samples/s=73.62
[step 320/20000] loss=1.8703 lr=2.999e-04 grad_norm=1.179 samples/s=73.53
[step 330/20000] loss=2.4739 lr=2.999e-04 grad_norm=2.262 samples/s=74.05
[step 340/20000] loss=2.2084 lr=2.999e-04 grad_norm=1.441 samples/s=74.21
[step 350/20000] loss=2.4828 lr=2.999e-04 grad_norm=1.593 samples/s=74.67
[step 360/20000] loss=1.7818 lr=2.999e-04 grad_norm=1.098 samples/s=73.95
[step 370/20000] loss=1.9536 lr=2.999e-04 grad_norm=1.050 samples/s=74.51
[step 380/20000] loss=2.0405 lr=2.999e-04 grad_norm=0.988 samples/s=74.38
[step 390/20000] loss=2.2063 lr=2.998e-04 grad_norm=1.435 samples/s=74.55
[step 400/20000] loss=1.9236 lr=2.998e-04 grad_norm=1.170 samples/s=74.26
[step 410/20000] loss=2.3561 lr=2.998e-04 grad_norm=1.594 samples/s=74.82
[step 420/20000] loss=1.9534 lr=2.998e-04 grad_norm=1.320 samples/s=74.46
[step 430/20000] loss=2.0802 lr=2.998e-04 grad_norm=1.689 samples/s=74.83
[step 440/20000] loss=2.7615 lr=2.998e-04 grad_norm=1.926 samples/s=74.60
[step 450/20000] loss=2.5407 lr=2.998e-04 grad_norm=1.688 samples/s=74.91
[step 460/20000] loss=2.2878 lr=2.998e-04 grad_norm=1.375 samples/s=74.70
[step 470/20000] loss=2.8639 lr=2.997e-04 grad_norm=1.667 samples/s=74.83
[step 480/20000] loss=1.7225 lr=2.997e-04 grad_norm=1.384 samples/s=74.91
[step 490/20000] loss=1.8644 lr=2.997e-04 grad_norm=1.358 samples/s=75.09
[step 500/20000] loss=1.9334 lr=2.997e-04 grad_norm=1.246 samples/s=75.02
[val step 500] loss=2.3079884815216065 m01={'mean': 0.40764762350703004, 'median': 0.40819326125584876, 'p95': 0.6759903130024756, 'tail_frac_gt4px': 0.0, 'n_matched': 12198} m02={'12-16': 0.9146482122260668, '16-32': 0.9529185683401393, '32-64': 0.9435712445246071, '64-128': 0.9427939317319848} m04={'accuracy': 0.3690768978521069, 'by_octave': {'12-16': 0.35119798234552335, '16-32': 0.4159314343332493, '32-64': 0.3937738940469689, '64-128': 0.2859537378478042}} diag={'gate3_alpha_mean': 0.2808348834514618, 'gate3_alpha_min': 0.01827239990234375, 'gate3_alpha_max': 0.972900390625, 'gate3_alpha_std': 0.1510927975177765, 'gate3_alpha_p10': 0.1023406982421875, 'gate3_alpha_p50': 0.2603759765625, 'gate3_alpha_p90': 0.48876953125, 'block0_attn_entropy': 7.191474914550781, 'block1_attn_entropy': 7.466981887817383}
[step 510/20000] loss=2.2038 lr=2.997e-04 grad_norm=1.631 samples/s=75.94
[step 520/20000] loss=1.9325 lr=2.997e-04 grad_norm=1.247 samples/s=76.81
[step 530/20000] loss=2.0879 lr=2.997e-04 grad_norm=1.398 samples/s=76.74
[step 540/20000] loss=2.4696 lr=2.996e-04 grad_norm=1.543 samples/s=76.82
[step 550/20000] loss=2.3318 lr=2.996e-04 grad_norm=1.437 samples/s=76.56
[step 560/20000] loss=1.8544 lr=2.996e-04 grad_norm=1.413 samples/s=76.69
[step 570/20000] loss=2.0402 lr=2.996e-04 grad_norm=1.423 samples/s=76.61
[step 580/20000] loss=1.8328 lr=2.996e-04 grad_norm=1.590 samples/s=76.77
[step 590/20000] loss=1.7265 lr=2.996e-04 grad_norm=1.584 samples/s=76.64
[step 600/20000] loss=1.9443 lr=2.995e-04 grad_norm=1.526 samples/s=76.78
[step 610/20000] loss=2.1609 lr=2.995e-04 grad_norm=1.705 samples/s=76.61
[step 620/20000] loss=2.5782 lr=2.995e-04 grad_norm=1.967 samples/s=76.59
[step 630/20000] loss=1.8580 lr=2.995e-04 grad_norm=1.512 samples/s=76.79
[step 640/20000] loss=2.1683 lr=2.995e-04 grad_norm=1.892 samples/s=76.65
[step 650/20000] loss=2.1419 lr=2.994e-04 grad_norm=1.333 samples/s=76.73
[step 660/20000] loss=2.0690 lr=2.994e-04 grad_norm=4.492 samples/s=76.78
[step 670/20000] loss=3.1184 lr=2.994e-04 grad_norm=6.004 samples/s=76.70
[step 680/20000] loss=2.0494 lr=2.994e-04 grad_norm=1.634 samples/s=76.65
[step 690/20000] loss=2.5049 lr=2.994e-04 grad_norm=2.151 samples/s=76.75
[step 700/20000] loss=1.9674 lr=2.993e-04 grad_norm=1.749 samples/s=76.70
[step 710/20000] loss=2.1304 lr=2.993e-04 grad_norm=2.567 samples/s=76.64
[step 720/20000] loss=2.0724 lr=2.993e-04 grad_norm=1.638 samples/s=76.58
[step 730/20000] loss=1.5599 lr=2.993e-04 grad_norm=1.467 samples/s=76.62
[step 740/20000] loss=1.5490 lr=2.992e-04 grad_norm=1.703 samples/s=76.24
[step 750/20000] loss=2.2387 lr=2.992e-04 grad_norm=2.218 samples/s=76.35
[step 760/20000] loss=1.9571 lr=2.992e-04 grad_norm=1.619 samples/s=76.36
[step 770/20000] loss=1.7749 lr=2.992e-04 grad_norm=1.580 samples/s=76.25
[step 780/20000] loss=1.9372 lr=2.991e-04 grad_norm=1.503 samples/s=76.34
[step 790/20000] loss=2.6546 lr=2.991e-04 grad_norm=3.682 samples/s=76.55
[step 800/20000] loss=2.0049 lr=2.991e-04 grad_norm=1.925 samples/s=76.40
[step 810/20000] loss=2.8098 lr=2.991e-04 grad_norm=2.133 samples/s=76.48
[step 820/20000] loss=1.6791 lr=2.990e-04 grad_norm=1.602 samples/s=76.50
[step 830/20000] loss=1.6772 lr=2.990e-04 grad_norm=2.691 samples/s=76.48
[step 840/20000] loss=1.5302 lr=2.990e-04 grad_norm=1.617 samples/s=76.39
[step 850/20000] loss=2.2849 lr=2.990e-04 grad_norm=2.176 samples/s=76.44
[step 860/20000] loss=1.8729 lr=2.989e-04 grad_norm=1.933 samples/s=76.11
[step 870/20000] loss=2.1961 lr=2.989e-04 grad_norm=2.069 samples/s=76.28
[step 880/20000] loss=2.2050 lr=2.989e-04 grad_norm=2.259 samples/s=76.08
[step 890/20000] loss=1.5786 lr=2.988e-04 grad_norm=1.853 samples/s=76.12
[step 900/20000] loss=1.6398 lr=2.988e-04 grad_norm=1.839 samples/s=76.05
[step 910/20000] loss=1.6142 lr=2.988e-04 grad_norm=2.456 samples/s=76.10
[step 920/20000] loss=2.0391 lr=2.988e-04 grad_norm=1.910 samples/s=76.17
[step 930/20000] loss=1.7764 lr=2.987e-04 grad_norm=2.755 samples/s=76.14
[step 940/20000] loss=1.5869 lr=2.987e-04 grad_norm=2.577 samples/s=76.19
[step 950/20000] loss=1.1915 lr=2.987e-04 grad_norm=1.647 samples/s=76.28
[step 960/20000] loss=2.8056 lr=2.986e-04 grad_norm=3.026 samples/s=76.12
[step 970/20000] loss=2.1127 lr=2.986e-04 grad_norm=3.168 samples/s=76.25
[step 980/20000] loss=1.9466 lr=2.986e-04 grad_norm=2.058 samples/s=76.01
[step 990/20000] loss=1.4262 lr=2.985e-04 grad_norm=2.196 samples/s=76.01
[step 1000/20000] loss=1.5961 lr=2.985e-04 grad_norm=2.613 samples/s=75.87
[val step 1000] loss=2.008111951828003 m01={'mean': 0.4090528329180398, 'median': 0.4087841254202532, 'p95': 0.6780581552355045, 'tail_frac_gt4px': 8.18732601932209e-05, 'n_matched': 12214} m02={'12-16': 0.9163783160322952, '16-32': 0.9543598366562575, '32-64': 0.9451172378253028, '64-128': 0.943109987357775} m04={'accuracy': 0.6460618961847061, 'by_octave': {'12-16': 0.5619886721208307, '16-32': 0.6876415806695193, '32-64': 0.6987459105779716, '64-128': 0.5707104557640751}} diag={'gate3_alpha_mean': 0.26573091745376587, 'gate3_alpha_min': 0.0166168212890625, 'gate3_alpha_max': 0.976318359375, 'gate3_alpha_std': 0.15471677482128143, 'gate3_alpha_p10': 0.0890350341796875, 'gate3_alpha_p50': 0.24065399169921875, 'gate3_alpha_p90': 0.4794921875, 'block0_attn_entropy': 7.186786651611328, 'block1_attn_entropy': 7.425897121429443}
[step 1010/20000] loss=2.0786 lr=2.985e-04 grad_norm=2.687 samples/s=76.32
[step 1020/20000] loss=2.1172 lr=2.984e-04 grad_norm=3.361 samples/s=76.78
[step 1030/20000] loss=2.2848 lr=2.984e-04 grad_norm=2.454 samples/s=76.80
[step 1040/20000] loss=1.7646 lr=2.984e-04 grad_norm=2.190 samples/s=76.82
[step 1050/20000] loss=1.8452 lr=2.983e-04 grad_norm=2.695 samples/s=76.85
[step 1060/20000] loss=1.6194 lr=2.983e-04 grad_norm=2.296 samples/s=76.80
[step 1070/20000] loss=1.5821 lr=2.983e-04 grad_norm=2.175 samples/s=76.77
[step 1080/20000] loss=1.3941 lr=2.982e-04 grad_norm=2.988 samples/s=76.63
[step 1090/20000] loss=1.3972 lr=2.982e-04 grad_norm=2.341 samples/s=76.71
[step 1100/20000] loss=1.9261 lr=2.982e-04 grad_norm=2.848 samples/s=76.52
[step 1110/20000] loss=2.4727 lr=2.981e-04 grad_norm=2.762 samples/s=76.60
[step 1120/20000] loss=1.1567 lr=2.981e-04 grad_norm=2.859 samples/s=76.49
[step 1130/20000] loss=1.3362 lr=2.980e-04 grad_norm=2.173 samples/s=76.55
[step 1140/20000] loss=1.3646 lr=2.980e-04 grad_norm=3.178 samples/s=76.52
[step 1150/20000] loss=1.5413 lr=2.980e-04 grad_norm=2.553 samples/s=76.62
[step 1160/20000] loss=0.9459 lr=2.979e-04 grad_norm=1.800 samples/s=76.56
[step 1170/20000] loss=2.1149 lr=2.979e-04 grad_norm=3.445 samples/s=76.62
[step 1180/20000] loss=1.6876 lr=2.979e-04 grad_norm=2.952 samples/s=76.63
[step 1190/20000] loss=1.3089 lr=2.978e-04 grad_norm=2.483 samples/s=76.68
[step 1200/20000] loss=2.3253 lr=2.978e-04 grad_norm=2.867 samples/s=76.52
[step 1210/20000] loss=1.5102 lr=2.977e-04 grad_norm=2.131 samples/s=76.56
[step 1220/20000] loss=1.1503 lr=2.977e-04 grad_norm=2.324 samples/s=76.41
[step 1230/20000] loss=1.1995 lr=2.976e-04 grad_norm=2.461 samples/s=76.47
[step 1240/20000] loss=1.7984 lr=2.976e-04 grad_norm=3.429 samples/s=76.51
[step 1250/20000] loss=1.6941 lr=2.976e-04 grad_norm=2.350 samples/s=76.38
[step 1260/20000] loss=1.2883 lr=2.975e-04 grad_norm=3.013 samples/s=76.44
[step 1270/20000] loss=1.1952 lr=2.975e-04 grad_norm=2.150 samples/s=76.43
[step 1280/20000] loss=1.3570 lr=2.974e-04 grad_norm=2.231 samples/s=76.49
[step 1290/20000] loss=1.3643 lr=2.974e-04 grad_norm=2.987 samples/s=76.44
[step 1300/20000] loss=1.7301 lr=2.973e-04 grad_norm=2.751 samples/s=76.45
[step 1310/20000] loss=2.0335 lr=2.973e-04 grad_norm=3.086 samples/s=76.49
[step 1320/20000] loss=1.2827 lr=2.973e-04 grad_norm=3.279 samples/s=76.36
[step 1330/20000] loss=1.1264 lr=2.972e-04 grad_norm=2.228 samples/s=76.39
[step 1340/20000] loss=1.1870 lr=2.972e-04 grad_norm=2.624 samples/s=76.41
[step 1350/20000] loss=1.4181 lr=2.971e-04 grad_norm=2.369 samples/s=76.44
[step 1360/20000] loss=1.4395 lr=2.971e-04 grad_norm=2.128 samples/s=76.37
[step 1370/20000] loss=1.4758 lr=2.970e-04 grad_norm=2.443 samples/s=76.38
[step 1380/20000] loss=1.6238 lr=2.970e-04 grad_norm=2.434 samples/s=76.40
[step 1390/20000] loss=1.6603 lr=2.969e-04 grad_norm=2.510 samples/s=76.26
[step 1400/20000] loss=1.7012 lr=2.969e-04 grad_norm=3.058 samples/s=76.40
[step 1410/20000] loss=1.9943 lr=2.968e-04 grad_norm=3.046 samples/s=76.27
[step 1420/20000] loss=1.0492 lr=2.968e-04 grad_norm=2.594 samples/s=76.27
[step 1430/20000] loss=0.9489 lr=2.967e-04 grad_norm=2.185 samples/s=76.20
[step 1440/20000] loss=1.2309 lr=2.967e-04 grad_norm=2.740 samples/s=76.30
[step 1450/20000] loss=1.3284 lr=2.966e-04 grad_norm=2.628 samples/s=76.24
[step 1460/20000] loss=1.5932 lr=2.966e-04 grad_norm=3.385 samples/s=76.26
[step 1470/20000] loss=2.0590 lr=2.965e-04 grad_norm=2.420 samples/s=76.24
[step 1480/20000] loss=2.4072 lr=2.965e-04 grad_norm=2.809 samples/s=76.21
[step 1490/20000] loss=1.4250 lr=2.964e-04 grad_norm=2.405 samples/s=76.25
[step 1500/20000] loss=1.1325 lr=2.964e-04 grad_norm=2.187 samples/s=76.21
[val step 1500] loss=1.666984577178955 m01={'mean': 0.41018310214451814, 'median': 0.40886697895715307, 'p95': 0.6779442291691734, 'tail_frac_gt4px': 0.0002457002457002457, 'n_matched': 12210} m02={'12-16': 0.9163783160322952, '16-32': 0.9533989911121787, '32-64': 0.9461479000257665, '64-128': 0.9418457648546145} m04={'accuracy': 0.8171171171171171, 'by_octave': {'12-16': 0.65764631843927, '16-32': 0.8473167044595616, '32-64': 0.8779956427015251, '64-128': 0.7869127516778524}} diag={'gate3_alpha_mean': 0.2608926594257355, 'gate3_alpha_min': 0.0163116455078125, 'gate3_alpha_max': 0.978271484375, 'gate3_alpha_std': 0.15435796976089478, 'gate3_alpha_p10': 0.085968017578125, 'gate3_alpha_p50': 0.23541259765625, 'gate3_alpha_p90': 0.47314453125, 'block0_attn_entropy': 7.177394390106201, 'block1_attn_entropy': 7.372772693634033}
[step 1510/20000] loss=1.3736 lr=2.963e-04 grad_norm=2.384 samples/s=76.52
[step 1520/20000] loss=1.0571 lr=2.963e-04 grad_norm=2.193 samples/s=76.83
[step 1530/20000] loss=2.0101 lr=2.962e-04 grad_norm=4.168 samples/s=76.84
[step 1540/20000] loss=1.7486 lr=2.962e-04 grad_norm=2.562 samples/s=76.85
[step 1550/20000] loss=1.4340 lr=2.961e-04 grad_norm=2.971 samples/s=76.77
[step 1560/20000] loss=2.2542 lr=2.961e-04 grad_norm=2.906 samples/s=76.80
[step 1570/20000] loss=1.6758 lr=2.960e-04 grad_norm=3.282 samples/s=76.71
[step 1580/20000] loss=1.2834 lr=2.960e-04 grad_norm=1.743 samples/s=76.76
[step 1590/20000] loss=1.8645 lr=2.959e-04 grad_norm=2.297 samples/s=76.68
[step 1600/20000] loss=1.0468 lr=2.959e-04 grad_norm=2.316 samples/s=76.75
[step 1610/20000] loss=1.9230 lr=2.958e-04 grad_norm=2.913 samples/s=76.65
[step 1620/20000] loss=1.1064 lr=2.958e-04 grad_norm=2.068 samples/s=76.70
[step 1630/20000] loss=1.7733 lr=2.957e-04 grad_norm=3.629 samples/s=76.59
[step 1640/20000] loss=1.7359 lr=2.956e-04 grad_norm=3.263 samples/s=76.63
[step 1650/20000] loss=1.1457 lr=2.956e-04 grad_norm=2.259 samples/s=76.59
[step 1660/20000] loss=1.1376 lr=2.955e-04 grad_norm=2.430 samples/s=76.64
[step 1670/20000] loss=1.8395 lr=2.955e-04 grad_norm=2.608 samples/s=76.50
[step 1680/20000] loss=1.3081 lr=2.954e-04 grad_norm=3.080 samples/s=76.47
[step 1690/20000] loss=0.9550 lr=2.954e-04 grad_norm=3.107 samples/s=76.47
[step 1700/20000] loss=1.6589 lr=2.953e-04 grad_norm=3.543 samples/s=76.53
[step 1710/20000] loss=1.7651 lr=2.952e-04 grad_norm=3.520 samples/s=76.42
[step 1720/20000] loss=1.5041 lr=2.952e-04 grad_norm=2.549 samples/s=76.48
[step 1730/20000] loss=0.8949 lr=2.951e-04 grad_norm=2.823 samples/s=76.41
[step 1740/20000] loss=1.3353 lr=2.951e-04 grad_norm=3.283 samples/s=76.47
[step 1750/20000] loss=1.2126 lr=2.950e-04 grad_norm=2.659 samples/s=76.39
[step 1760/20000] loss=1.0776 lr=2.949e-04 grad_norm=3.207 samples/s=76.48
[step 1770/20000] loss=1.3782 lr=2.949e-04 grad_norm=2.121 samples/s=76.40
[step 1780/20000] loss=1.1750 lr=2.948e-04 grad_norm=2.791 samples/s=76.47
[step 1790/20000] loss=1.4780 lr=2.948e-04 grad_norm=3.051 samples/s=76.44
[step 1800/20000] loss=1.5196 lr=2.947e-04 grad_norm=2.730 samples/s=76.47
[step 1810/20000] loss=1.7747 lr=2.946e-04 grad_norm=2.521 samples/s=76.48
[step 1820/20000] loss=1.7310 lr=2.946e-04 grad_norm=3.958 samples/s=76.47
[step 1830/20000] loss=1.3908 lr=2.945e-04 grad_norm=3.045 samples/s=76.49
[step 1840/20000] loss=1.3488 lr=2.944e-04 grad_norm=2.696 samples/s=76.40
[step 1850/20000] loss=1.6703 lr=2.944e-04 grad_norm=3.706 samples/s=76.46
[step 1860/20000] loss=1.2089 lr=2.943e-04 grad_norm=2.239 samples/s=76.40
[step 1870/20000] loss=0.9352 lr=2.942e-04 grad_norm=2.618 samples/s=76.41
[step 1880/20000] loss=1.3206 lr=2.942e-04 grad_norm=3.231 samples/s=76.42
[step 1890/20000] loss=2.5532 lr=2.941e-04 grad_norm=5.134 samples/s=76.40
[step 1900/20000] loss=2.0515 lr=2.941e-04 grad_norm=3.194 samples/s=76.37
[step 1910/20000] loss=0.9294 lr=2.940e-04 grad_norm=2.463 samples/s=76.39
[step 1920/20000] loss=1.4301 lr=2.939e-04 grad_norm=3.444 samples/s=76.32
[step 1930/20000] loss=1.4013 lr=2.939e-04 grad_norm=2.876 samples/s=76.44
[step 1940/20000] loss=1.5591 lr=2.938e-04 grad_norm=4.297 samples/s=76.36
[step 1950/20000] loss=1.4008 lr=2.937e-04 grad_norm=3.249 samples/s=76.37
[step 1960/20000] loss=1.5785 lr=2.937e-04 grad_norm=3.719 samples/s=76.32
[step 1970/20000] loss=1.3014 lr=2.936e-04 grad_norm=2.362 samples/s=76.36
[step 1980/20000] loss=1.4478 lr=2.935e-04 grad_norm=1.978 samples/s=76.31
[step 1990/20000] loss=1.3731 lr=2.934e-04 grad_norm=2.561 samples/s=76.33
[step 2000/20000] loss=1.2606 lr=2.934e-04 grad_norm=2.224 samples/s=76.24
[val step 2000] loss=1.5480480756759643 m01={'mean': 0.4096790519827571, 'median': 0.40869065728572457, 'p95': 0.6777229704216083, 'tail_frac_gt4px': 0.000163826998689384, 'n_matched': 12208} m02={'12-16': 0.9146482122260668, '16-32': 0.9536392024981984, '32-64': 0.9464055655758825, '64-128': 0.9415297092288243} m04={'accuracy': 0.8625491480996068, 'by_octave': {'12-16': 0.6986128625472888, '16-32': 0.8884130982367758, '32-64': 0.9175061257827389, '64-128': 0.8475998657267539}} diag={'gate3_alpha_mean': 0.2652645409107208, 'gate3_alpha_min': 0.0166168212890625, 'gate3_alpha_max': 0.983154296875, 'gate3_alpha_std': 0.15668712556362152, 'gate3_alpha_p10': 0.0875244140625, 'gate3_alpha_p50': 0.2386474609375, 'gate3_alpha_p90': 0.48236656188964844, 'block0_attn_entropy': 7.166153430938721, 'block1_attn_entropy': 7.375927925109863}
[step 2010/20000] loss=1.6077 lr=2.933e-04 grad_norm=3.688 samples/s=76.46
[step 2020/20000] loss=0.8552 lr=2.932e-04 grad_norm=2.892 samples/s=76.69
[step 2030/20000] loss=1.2327 lr=2.932e-04 grad_norm=2.965 samples/s=76.65
[step 2040/20000] loss=0.9203 lr=2.931e-04 grad_norm=3.159 samples/s=76.69
[step 2050/20000] loss=1.8278 lr=2.930e-04 grad_norm=2.238 samples/s=76.64
[step 2060/20000] loss=1.5831 lr=2.930e-04 grad_norm=2.400 samples/s=76.65
[step 2070/20000] loss=1.0408 lr=2.929e-04 grad_norm=2.740 samples/s=76.60
[step 2080/20000] loss=1.6870 lr=2.928e-04 grad_norm=2.656 samples/s=76.61
[step 2090/20000] loss=1.5476 lr=2.927e-04 grad_norm=2.691 samples/s=76.50
[step 2100/20000] loss=1.5376 lr=2.927e-04 grad_norm=3.338 samples/s=76.54
[step 2110/20000] loss=2.4417 lr=2.926e-04 grad_norm=3.563 samples/s=76.47
[step 2120/20000] loss=1.5563 lr=2.925e-04 grad_norm=3.745 samples/s=76.52
[step 2130/20000] loss=1.3252 lr=2.924e-04 grad_norm=2.058 samples/s=76.49
[step 2140/20000] loss=2.0147 lr=2.924e-04 grad_norm=2.591 samples/s=76.50
[step 2150/20000] loss=1.4460 lr=2.923e-04 grad_norm=2.718 samples/s=76.47
[step 2160/20000] loss=1.0088 lr=2.922e-04 grad_norm=2.819 samples/s=76.50
[step 2170/20000] loss=0.9184 lr=2.921e-04 grad_norm=2.271 samples/s=76.45
[step 2180/20000] loss=1.9445 lr=2.921e-04 grad_norm=4.004 samples/s=76.49
[step 2190/20000] loss=1.2088 lr=2.920e-04 grad_norm=2.721 samples/s=76.43
[step 2200/20000] loss=2.3188 lr=2.919e-04 grad_norm=2.512 samples/s=76.47
[step 2210/20000] loss=2.3167 lr=2.918e-04 grad_norm=3.743 samples/s=76.42
[step 2220/20000] loss=0.9204 lr=2.918e-04 grad_norm=2.005 samples/s=76.44
[step 2230/20000] loss=1.6010 lr=2.917e-04 grad_norm=2.356 samples/s=76.39
[step 2240/20000] loss=1.5980 lr=2.916e-04 grad_norm=3.942 samples/s=76.41
[step 2250/20000] loss=1.7716 lr=2.915e-04 grad_norm=2.737 samples/s=76.41
[step 2260/20000] loss=1.1088 lr=2.915e-04 grad_norm=1.931 samples/s=76.37
[step 2270/20000] loss=1.0788 lr=2.914e-04 grad_norm=2.378 samples/s=76.12
[step 2280/20000] loss=1.2049 lr=2.913e-04 grad_norm=2.365 samples/s=76.11
[step 2290/20000] loss=1.9210 lr=2.912e-04 grad_norm=3.123 samples/s=76.04
[step 2300/20000] loss=1.5998 lr=2.911e-04 grad_norm=2.191 samples/s=76.08
[step 2310/20000] loss=1.3144 lr=2.911e-04 grad_norm=2.631 samples/s=76.02
[step 2320/20000] loss=1.0588 lr=2.910e-04 grad_norm=2.843 samples/s=76.04
[step 2330/20000] loss=1.1675 lr=2.909e-04 grad_norm=3.053 samples/s=76.05
[step 2340/20000] loss=1.2515 lr=2.908e-04 grad_norm=2.560 samples/s=76.11
[step 2350/20000] loss=1.6915 lr=2.907e-04 grad_norm=3.458 samples/s=76.09
[step 2360/20000] loss=1.4532 lr=2.907e-04 grad_norm=2.456 samples/s=76.09
[step 2370/20000] loss=1.2839 lr=2.906e-04 grad_norm=2.047 samples/s=76.05
[step 2380/20000] loss=1.4891 lr=2.905e-04 grad_norm=2.375 samples/s=76.12
[step 2390/20000] loss=1.9325 lr=2.904e-04 grad_norm=2.612 samples/s=76.03
[step 2400/20000] loss=1.8610 lr=2.903e-04 grad_norm=4.083 samples/s=76.08
[step 2410/20000] loss=1.2844 lr=2.902e-04 grad_norm=2.397 samples/s=76.02
[step 2420/20000] loss=1.9942 lr=2.902e-04 grad_norm=4.094 samples/s=76.03
[step 2430/20000] loss=1.2709 lr=2.901e-04 grad_norm=4.457 samples/s=76.01
[step 2440/20000] loss=1.1376 lr=2.900e-04 grad_norm=2.726 samples/s=76.05
[step 2450/20000] loss=1.7397 lr=2.899e-04 grad_norm=2.930 samples/s=76.00
[step 2460/20000] loss=1.2848 lr=2.898e-04 grad_norm=3.636 samples/s=76.01
[step 2470/20000] loss=1.1622 lr=2.897e-04 grad_norm=2.358 samples/s=75.95
[step 2480/20000] loss=1.5160 lr=2.896e-04 grad_norm=3.852 samples/s=75.98
[step 2490/20000] loss=1.6697 lr=2.896e-04 grad_norm=2.847 samples/s=75.91
[step 2500/20000] loss=1.0405 lr=2.895e-04 grad_norm=2.842 samples/s=75.95
[val step 2500] loss=1.4883489007949828 m01={'mean': 0.40945542266962426, 'median': 0.40874247641102684, 'p95': 0.6774713624329055, 'tail_frac_gt4px': 0.000163826998689384, 'n_matched': 12208} m02={'12-16': 0.9158016147635525, '16-32': 0.9538794138842182, '32-64': 0.9461479000257665, '64-128': 0.940897597977244} m04={'accuracy': 0.8842562254259502, 'by_octave': {'12-16': 0.7216624685138538, '16-32': 0.9100982120372703, '32-64': 0.9316448801742919, '64-128': 0.8780651662747733}} diag={'gate3_alpha_mean': 0.25961101055145264, 'gate3_alpha_min': 0.01656341552734375, 'gate3_alpha_max': 0.976806640625, 'gate3_alpha_std': 0.1533920168876648, 'gate3_alpha_p10': 0.08527985215187073, 'gate3_alpha_p50': 0.23366546630859375, 'gate3_alpha_p90': 0.47216796875, 'block0_attn_entropy': 7.15381383895874, 'block1_attn_entropy': 7.435828685760498}
[step 2510/20000] loss=1.0794 lr=2.894e-04 grad_norm=2.971 samples/s=76.15
[step 2520/20000] loss=0.9869 lr=2.893e-04 grad_norm=3.327 samples/s=76.34
[step 2530/20000] loss=1.3054 lr=2.892e-04 grad_norm=4.114 samples/s=76.33
[step 2540/20000] loss=1.8098 lr=2.891e-04 grad_norm=3.334 samples/s=76.32
[step 2550/20000] loss=1.0807 lr=2.890e-04 grad_norm=2.379 samples/s=76.31
[step 2560/20000] loss=0.8851 lr=2.890e-04 grad_norm=2.446 samples/s=76.32
[step 2570/20000] loss=0.9380 lr=2.889e-04 grad_norm=2.679 samples/s=76.25
[step 2580/20000] loss=1.4223 lr=2.888e-04 grad_norm=2.024 samples/s=76.25
[step 2590/20000] loss=1.5422 lr=2.887e-04 grad_norm=3.141 samples/s=76.19
[step 2600/20000] loss=1.5041 lr=2.886e-04 grad_norm=5.052 samples/s=76.23
[step 2610/20000] loss=1.3617 lr=2.885e-04 grad_norm=3.267 samples/s=76.19
[step 2620/20000] loss=1.8836 lr=2.884e-04 grad_norm=3.312 samples/s=76.22
[step 2630/20000] loss=1.3902 lr=2.883e-04 grad_norm=2.736 samples/s=76.15
[step 2640/20000] loss=0.9070 lr=2.882e-04 grad_norm=1.742 samples/s=76.22
[step 2650/20000] loss=0.8192 lr=2.881e-04 grad_norm=2.233 samples/s=76.20
[step 2660/20000] loss=1.2736 lr=2.880e-04 grad_norm=2.269 samples/s=76.20
[step 2670/20000] loss=1.8511 lr=2.880e-04 grad_norm=3.391 samples/s=76.13
[step 2680/20000] loss=1.3066 lr=2.879e-04 grad_norm=3.565 samples/s=76.14
[step 2690/20000] loss=1.6364 lr=2.878e-04 grad_norm=3.263 samples/s=76.13
[step 2700/20000] loss=1.2621 lr=2.877e-04 grad_norm=2.002 samples/s=76.16
[step 2710/20000] loss=1.1032 lr=2.876e-04 grad_norm=1.981 samples/s=76.17
[step 2720/20000] loss=2.5563 lr=2.875e-04 grad_norm=3.810 samples/s=76.14
[step 2730/20000] loss=1.7518 lr=2.874e-04 grad_norm=2.990 samples/s=76.15
[step 2740/20000] loss=0.9821 lr=2.873e-04 grad_norm=2.942 samples/s=76.10
[step 2750/20000] loss=0.9319 lr=2.872e-04 grad_norm=1.951 samples/s=76.13
[step 2760/20000] loss=1.1645 lr=2.871e-04 grad_norm=3.387 samples/s=76.14
[step 2770/20000] loss=1.1523 lr=2.870e-04 grad_norm=2.050 samples/s=76.08
[step 2780/20000] loss=1.5201 lr=2.869e-04 grad_norm=3.615 samples/s=76.11
[step 2790/20000] loss=0.9599 lr=2.868e-04 grad_norm=4.062 samples/s=76.03
[step 2800/20000] loss=1.3919 lr=2.867e-04 grad_norm=2.776 samples/s=76.07
[step 2810/20000] loss=1.0182 lr=2.866e-04 grad_norm=2.133 samples/s=76.01
[step 2820/20000] loss=0.7878 lr=2.865e-04 grad_norm=1.633 samples/s=76.05
[step 2830/20000] loss=1.7205 lr=2.864e-04 grad_norm=2.092 samples/s=76.01
[step 2840/20000] loss=1.4111 lr=2.863e-04 grad_norm=2.750 samples/s=76.07
[step 2850/20000] loss=1.3437 lr=2.862e-04 grad_norm=2.321 samples/s=75.99
[step 2860/20000] loss=1.0325 lr=2.861e-04 grad_norm=3.216 samples/s=76.02
[step 2870/20000] loss=1.4006 lr=2.860e-04 grad_norm=2.279 samples/s=76.00
[step 2880/20000] loss=1.0076 lr=2.859e-04 grad_norm=2.053 samples/s=76.07
[step 2890/20000] loss=1.1694 lr=2.858e-04 grad_norm=2.953 samples/s=76.01
[step 2900/20000] loss=1.3701 lr=2.857e-04 grad_norm=2.588 samples/s=76.01
[step 2910/20000] loss=1.1733 lr=2.856e-04 grad_norm=3.053 samples/s=76.00
[step 2920/20000] loss=1.0588 lr=2.855e-04 grad_norm=1.741 samples/s=76.00
[step 2930/20000] loss=0.9427 lr=2.854e-04 grad_norm=2.113 samples/s=76.03
[step 2940/20000] loss=1.1128 lr=2.853e-04 grad_norm=1.662 samples/s=76.01
[step 2950/20000] loss=0.7977 lr=2.852e-04 grad_norm=1.945 samples/s=76.04
[step 2960/20000] loss=1.4798 lr=2.851e-04 grad_norm=3.433 samples/s=75.99
[step 2970/20000] loss=1.0018 lr=2.850e-04 grad_norm=2.054 samples/s=76.03
[step 2980/20000] loss=0.9964 lr=2.849e-04 grad_norm=2.050 samples/s=75.98
[step 2990/20000] loss=1.7957 lr=2.848e-04 grad_norm=2.725 samples/s=76.00
[step 3000/20000] loss=0.9114 lr=2.847e-04 grad_norm=2.503 samples/s=75.96
[val step 3000] loss=1.4502580394744873 m01={'mean': 0.4087285783616301, 'median': 0.40864386144576836, 'p95': 0.6771625658320705, 'tail_frac_gt4px': 8.194706219782021e-05, 'n_matched': 12203} m02={'12-16': 0.9152249134948097, '16-32': 0.9538794138842182, '32-64': 0.9451172378253028, '64-128': 0.940897597977244} m04={'accuracy': 0.9011718429894289, 'by_octave': {'12-16': 0.759294265910523, '16-32': 0.9224376731301939, '32-64': 0.9416575790621592, '64-128': 0.898555592878737}} diag={'gate3_alpha_mean': 0.26302435994148254, 'gate3_alpha_min': 0.01654815673828125, 'gate3_alpha_max': 0.977783203125, 'gate3_alpha_std': 0.15329936146736145, 'gate3_alpha_p10': 0.087249755859375, 'gate3_alpha_p50': 0.2384033203125, 'gate3_alpha_p90': 0.474365234375, 'block0_attn_entropy': 7.1496381759643555, 'block1_attn_entropy': 7.416194915771484}
[step 3010/20000] loss=1.3138 lr=2.846e-04 grad_norm=3.662 samples/s=76.10
[step 3020/20000] loss=1.0285 lr=2.845e-04 grad_norm=1.854 samples/s=76.25
[step 3030/20000] loss=1.5984 lr=2.844e-04 grad_norm=2.488 samples/s=76.28
[step 3040/20000] loss=0.8502 lr=2.843e-04 grad_norm=1.920 samples/s=76.29
[step 3050/20000] loss=1.1232 lr=2.842e-04 grad_norm=2.459 samples/s=76.23
[step 3060/20000] loss=1.4306 lr=2.841e-04 grad_norm=3.208 samples/s=76.25
[step 3070/20000] loss=1.0937 lr=2.840e-04 grad_norm=2.373 samples/s=76.26
[step 3080/20000] loss=1.4811 lr=2.839e-04 grad_norm=4.614 samples/s=76.26
[step 3090/20000] loss=1.1486 lr=2.838e-04 grad_norm=2.225 samples/s=76.26
[step 3100/20000] loss=0.7494 lr=2.837e-04 grad_norm=2.599 samples/s=76.27
[step 3110/20000] loss=1.3826 lr=2.836e-04 grad_norm=2.566 samples/s=76.20
[step 3120/20000] loss=1.3443 lr=2.835e-04 grad_norm=3.027 samples/s=76.20
[step 3130/20000] loss=1.6570 lr=2.833e-04 grad_norm=3.920 samples/s=76.16
[step 3140/20000] loss=1.5937 lr=2.832e-04 grad_norm=2.598 samples/s=76.20
[step 3150/20000] loss=0.9970 lr=2.831e-04 grad_norm=2.848 samples/s=76.21
[step 3160/20000] loss=1.3398 lr=2.830e-04 grad_norm=2.390 samples/s=76.23
[step 3170/20000] loss=1.1527 lr=2.829e-04 grad_norm=2.961 samples/s=76.20
[step 3180/20000] loss=1.5794 lr=2.828e-04 grad_norm=2.440 samples/s=76.14
[step 3190/20000] loss=1.1369 lr=2.827e-04 grad_norm=2.356 samples/s=76.14
[step 3200/20000] loss=1.1034 lr=2.826e-04 grad_norm=2.682 samples/s=76.10
[step 3210/20000] loss=1.3711 lr=2.825e-04 grad_norm=2.482 samples/s=76.11
[step 3220/20000] loss=1.2236 lr=2.824e-04 grad_norm=3.616 samples/s=76.10
[step 3230/20000] loss=1.2281 lr=2.822e-04 grad_norm=2.218 samples/s=76.14
[step 3240/20000] loss=2.3029 lr=2.821e-04 grad_norm=3.132 samples/s=76.10
[step 3250/20000] loss=1.8747 lr=2.820e-04 grad_norm=2.474 samples/s=76.10
[step 3260/20000] loss=0.9945 lr=2.819e-04 grad_norm=2.394 samples/s=76.06
[step 3270/20000] loss=1.0763 lr=2.818e-04 grad_norm=1.797 samples/s=76.10
[step 3280/20000] loss=1.8752 lr=2.817e-04 grad_norm=3.034 samples/s=76.10
[step 3290/20000] loss=1.4822 lr=2.816e-04 grad_norm=2.754 samples/s=76.12
[step 3300/20000] loss=1.2633 lr=2.815e-04 grad_norm=2.095 samples/s=76.03
[step 3310/20000] loss=0.7692 lr=2.813e-04 grad_norm=2.023 samples/s=76.07
[step 3320/20000] loss=1.2119 lr=2.812e-04 grad_norm=2.308 samples/s=76.01
[step 3330/20000] loss=1.7527 lr=2.811e-04 grad_norm=3.189 samples/s=76.01
[step 3340/20000] loss=1.2756 lr=2.810e-04 grad_norm=3.182 samples/s=75.95
[step 3350/20000] loss=1.6448 lr=2.809e-04 grad_norm=3.720 samples/s=75.97
[step 3360/20000] loss=1.6184 lr=2.808e-04 grad_norm=3.096 samples/s=75.98
[step 3370/20000] loss=1.0953 lr=2.807e-04 grad_norm=2.463 samples/s=76.00
[step 3380/20000] loss=1.6111 lr=2.805e-04 grad_norm=2.531 samples/s=75.97
[step 3390/20000] loss=1.0912 lr=2.804e-04 grad_norm=2.505 samples/s=75.99
[step 3400/20000] loss=2.3356 lr=2.803e-04 grad_norm=3.214 samples/s=75.99
[step 3410/20000] loss=0.8930 lr=2.802e-04 grad_norm=2.288 samples/s=76.02
[step 3420/20000] loss=1.3353 lr=2.801e-04 grad_norm=2.967 samples/s=75.99
[step 3430/20000] loss=1.1784 lr=2.800e-04 grad_norm=2.447 samples/s=76.02
[step 3440/20000] loss=1.1449 lr=2.798e-04 grad_norm=2.920 samples/s=75.98
[step 3450/20000] loss=1.0218 lr=2.797e-04 grad_norm=1.906 samples/s=76.00
[step 3460/20000] loss=0.9449 lr=2.796e-04 grad_norm=2.187 samples/s=76.00
[step 3470/20000] loss=2.2162 lr=2.795e-04 grad_norm=2.225 samples/s=76.03
[step 3480/20000] loss=0.9703 lr=2.794e-04 grad_norm=2.570 samples/s=75.99
[step 3490/20000] loss=0.9224 lr=2.792e-04 grad_norm=1.668 samples/s=76.00
[step 3500/20000] loss=1.6296 lr=2.791e-04 grad_norm=1.930 samples/s=75.98
[val step 3500] loss=1.4255707626342773 m01={'mean': 0.40902966760412574, 'median': 0.4088207511441335, 'p95': 0.6780517178438752, 'tail_frac_gt4px': 0.0001639209900827801, 'n_matched': 12201} m02={'12-16': 0.9146482122260668, '16-32': 0.9529185683401393, '32-64': 0.9458902344756506, '64-128': 0.940897597977244} m04={'accuracy': 0.9093516924842227, 'by_octave': {'12-16': 0.7711223203026482, '16-32': 0.9291656163347618, '32-64': 0.9471533642059384, '64-128': 0.9099764863957004}} diag={'gate3_alpha_mean': 0.26287856698036194, 'gate3_alpha_min': 0.01654815673828125, 'gate3_alpha_max': 0.98095703125, 'gate3_alpha_std': 0.1532774716615677, 'gate3_alpha_p10': 0.0873565673828125, 'gate3_alpha_p50': 0.238037109375, 'gate3_alpha_p90': 0.47314453125, 'block0_attn_entropy': 7.1435933113098145, 'block1_attn_entropy': 7.404570579528809}
[step 3510/20000] loss=1.0299 lr=2.790e-04 grad_norm=2.221 samples/s=76.11
[step 3520/20000] loss=0.7514 lr=2.789e-04 grad_norm=2.141 samples/s=76.24
[step 3530/20000] loss=1.4703 lr=2.788e-04 grad_norm=2.132 samples/s=76.20
[step 3540/20000] loss=1.1930 lr=2.786e-04 grad_norm=2.869 samples/s=76.26
[step 3550/20000] loss=1.0701 lr=2.785e-04 grad_norm=1.867 samples/s=76.21
[step 3560/20000] loss=2.4338 lr=2.784e-04 grad_norm=2.822 samples/s=76.22
[step 3570/20000] loss=0.8505 lr=2.783e-04 grad_norm=2.533 samples/s=76.21
[step 3580/20000] loss=0.9719 lr=2.782e-04 grad_norm=2.089 samples/s=76.23
[step 3590/20000] loss=1.0411 lr=2.780e-04 grad_norm=3.439 samples/s=76.19
[step 3600/20000] loss=1.1121 lr=2.779e-04 grad_norm=2.787 samples/s=76.21
[step 3610/20000] loss=1.7403 lr=2.778e-04 grad_norm=3.090 samples/s=76.15
[step 3620/20000] loss=0.9113 lr=2.777e-04 grad_norm=2.082 samples/s=76.18
[step 3630/20000] loss=1.0413 lr=2.775e-04 grad_norm=1.991 samples/s=76.16
[step 3640/20000] loss=0.9992 lr=2.774e-04 grad_norm=2.539 samples/s=76.17
[step 3650/20000] loss=1.3610 lr=2.773e-04 grad_norm=3.127 samples/s=76.16
[step 3660/20000] loss=1.9060 lr=2.772e-04 grad_norm=4.028 samples/s=76.20
[step 3670/20000] loss=0.7824 lr=2.770e-04 grad_norm=2.173 samples/s=76.16
[step 3680/20000] loss=1.4109 lr=2.769e-04 grad_norm=2.824 samples/s=76.20
[step 3690/20000] loss=0.9177 lr=2.768e-04 grad_norm=2.385 samples/s=76.19
[step 3700/20000] loss=1.2433 lr=2.767e-04 grad_norm=2.127 samples/s=76.22
[step 3710/20000] loss=1.2277 lr=2.765e-04 grad_norm=2.286 samples/s=76.19
[step 3720/20000] loss=1.2685 lr=2.764e-04 grad_norm=2.687 samples/s=76.23
[step 3730/20000] loss=1.5086 lr=2.763e-04 grad_norm=2.228 samples/s=76.19
[step 3740/20000] loss=1.1645 lr=2.762e-04 grad_norm=2.712 samples/s=76.21
[step 3750/20000] loss=1.1375 lr=2.760e-04 grad_norm=2.062 samples/s=76.17
[step 3760/20000] loss=0.8152 lr=2.759e-04 grad_norm=2.037 samples/s=76.19
[step 3770/20000] loss=0.7915 lr=2.758e-04 grad_norm=1.680 samples/s=76.18
[step 3780/20000] loss=2.4159 lr=2.756e-04 grad_norm=3.109 samples/s=76.18
[step 3790/20000] loss=0.9843 lr=2.755e-04 grad_norm=2.237 samples/s=76.15
[step 3800/20000] loss=1.7437 lr=2.754e-04 grad_norm=3.767 samples/s=76.15
[step 3810/20000] loss=1.5172 lr=2.753e-04 grad_norm=2.460 samples/s=76.16
[step 3820/20000] loss=1.4411 lr=2.751e-04 grad_norm=2.332 samples/s=76.14
[step 3830/20000] loss=1.6292 lr=2.750e-04 grad_norm=3.708 samples/s=76.17
[step 3840/20000] loss=1.0712 lr=2.749e-04 grad_norm=1.999 samples/s=76.15
[step 3850/20000] loss=1.0191 lr=2.747e-04 grad_norm=2.108 samples/s=76.13
[step 3860/20000] loss=1.2806 lr=2.746e-04 grad_norm=3.381 samples/s=76.15
[step 3870/20000] loss=2.1629 lr=2.745e-04 grad_norm=3.809 samples/s=76.16
[step 3880/20000] loss=1.0125 lr=2.743e-04 grad_norm=4.213 samples/s=76.16
[step 3890/20000] loss=0.8415 lr=2.742e-04 grad_norm=2.849 samples/s=76.09
[step 3900/20000] loss=0.8004 lr=2.741e-04 grad_norm=2.145 samples/s=76.08
[step 3910/20000] loss=0.9766 lr=2.740e-04 grad_norm=2.160 samples/s=76.08
[step 3920/20000] loss=1.8393 lr=2.738e-04 grad_norm=2.211 samples/s=76.09
[step 3930/20000] loss=1.1664 lr=2.737e-04 grad_norm=2.400 samples/s=76.07
[step 3940/20000] loss=1.7621 lr=2.736e-04 grad_norm=2.790 samples/s=76.11
[step 3950/20000] loss=0.9632 lr=2.734e-04 grad_norm=2.579 samples/s=76.08
[step 3960/20000] loss=1.4367 lr=2.733e-04 grad_norm=2.317 samples/s=76.11
[step 3970/20000] loss=1.3487 lr=2.732e-04 grad_norm=2.731 samples/s=76.06
[step 3980/20000] loss=1.2331 lr=2.730e-04 grad_norm=3.324 samples/s=76.10
[step 3990/20000] loss=1.0153 lr=2.729e-04 grad_norm=2.915 samples/s=76.08
[step 4000/20000] loss=1.3186 lr=2.727e-04 grad_norm=2.904 samples/s=76.10
[val step 4000] loss=1.4012278032302856 m01={'mean': 0.4091018339247472, 'median': 0.4088217158770179, 'p95': 0.678069190764012, 'tail_frac_gt4px': 8.195377806916898e-05, 'n_matched': 12202} m02={'12-16': 0.9158016147635525, '16-32': 0.9529185683401393, '32-64': 0.9456325689255347, '64-128': 0.940897597977244} m04={'accuracy': 0.9201770201606294, 'by_octave': {'12-16': 0.7991183879093199, '16-32': 0.9364759263927401, '32-64': 0.9517711171662125, '64-128': 0.9240846489754787}} diag={'gate3_alpha_mean': 0.26057010889053345, 'gate3_alpha_min': 0.01619720458984375, 'gate3_alpha_max': 0.98193359375, 'gate3_alpha_std': 0.1533564329147339, 'gate3_alpha_p10': 0.08547134697437286, 'gate3_alpha_p50': 0.23577880859375, 'gate3_alpha_p90': 0.4690580368041992, 'block0_attn_entropy': 7.143397808074951, 'block1_attn_entropy': 7.445525169372559}
[step 4010/20000] loss=1.4167 lr=2.726e-04 grad_norm=2.589 samples/s=76.22
[step 4020/20000] loss=1.1911 lr=2.725e-04 grad_norm=2.399 samples/s=76.33
[step 4030/20000] loss=1.4523 lr=2.723e-04 grad_norm=4.793 samples/s=76.32
[step 4040/20000] loss=1.2755 lr=2.722e-04 grad_norm=5.062 samples/s=76.34
[step 4050/20000] loss=1.1476 lr=2.721e-04 grad_norm=1.675 samples/s=76.31
[step 4060/20000] loss=1.3878 lr=2.719e-04 grad_norm=2.484 samples/s=76.33
[step 4070/20000] loss=1.2366 lr=2.718e-04 grad_norm=1.435 samples/s=76.31
[step 4080/20000] loss=0.9646 lr=2.717e-04 grad_norm=1.917 samples/s=76.31
[step 4090/20000] loss=1.4523 lr=2.715e-04 grad_norm=2.171 samples/s=76.27
[step 4100/20000] loss=2.0276 lr=2.714e-04 grad_norm=2.416 samples/s=76.28
[step 4110/20000] loss=1.7423 lr=2.712e-04 grad_norm=2.960 samples/s=76.28
[step 4120/20000] loss=1.4134 lr=2.711e-04 grad_norm=2.691 samples/s=76.27
[step 4130/20000] loss=1.5831 lr=2.710e-04 grad_norm=1.956 samples/s=76.28
[step 4140/20000] loss=1.1626 lr=2.708e-04 grad_norm=2.766 samples/s=76.26
[step 4150/20000] loss=1.2457 lr=2.707e-04 grad_norm=3.220 samples/s=76.29
[step 4160/20000] loss=1.3606 lr=2.705e-04 grad_norm=2.761 samples/s=76.28
[step 4170/20000] loss=1.0512 lr=2.704e-04 grad_norm=2.759 samples/s=76.29
[step 4180/20000] loss=1.3425 lr=2.703e-04 grad_norm=2.435 samples/s=76.27
[step 4190/20000] loss=0.8584 lr=2.701e-04 grad_norm=2.495 samples/s=76.27
[step 4200/20000] loss=1.0316 lr=2.700e-04 grad_norm=1.913 samples/s=76.25
[step 4210/20000] loss=1.1444 lr=2.698e-04 grad_norm=2.508 samples/s=76.25
[step 4220/20000] loss=1.7789 lr=2.697e-04 grad_norm=3.289 samples/s=76.25
[step 4230/20000] loss=1.3228 lr=2.696e-04 grad_norm=3.079 samples/s=76.23
[step 4240/20000] loss=1.8566 lr=2.694e-04 grad_norm=3.101 samples/s=76.25
[step 4250/20000] loss=1.4910 lr=2.693e-04 grad_norm=3.543 samples/s=76.22
[step 4260/20000] loss=1.3774 lr=2.691e-04 grad_norm=1.828 samples/s=76.23
[step 4270/20000] loss=0.9853 lr=2.690e-04 grad_norm=3.026 samples/s=76.21
[step 4280/20000] loss=1.8986 lr=2.688e-04 grad_norm=1.783 samples/s=76.23
[step 4290/20000] loss=1.4391 lr=2.687e-04 grad_norm=4.524 samples/s=76.23
[step 4300/20000] loss=1.5094 lr=2.686e-04 grad_norm=2.549 samples/s=76.22
[step 4310/20000] loss=1.3784 lr=2.684e-04 grad_norm=2.257 samples/s=76.23
[step 4320/20000] loss=1.5245 lr=2.683e-04 grad_norm=3.060 samples/s=76.19
[step 4330/20000] loss=1.4763 lr=2.681e-04 grad_norm=3.331 samples/s=76.21
[step 4340/20000] loss=1.0248 lr=2.680e-04 grad_norm=2.025 samples/s=76.14
[step 4350/20000] loss=1.2048 lr=2.678e-04 grad_norm=2.257 samples/s=76.15
[step 4360/20000] loss=0.8221 lr=2.677e-04 grad_norm=2.406 samples/s=76.13
[step 4370/20000] loss=1.2873 lr=2.675e-04 grad_norm=2.302 samples/s=76.12
[step 4380/20000] loss=1.0301 lr=2.674e-04 grad_norm=6.437 samples/s=76.08
[step 4390/20000] loss=1.1676 lr=2.672e-04 grad_norm=3.235 samples/s=76.09
[step 4400/20000] loss=1.2032 lr=2.671e-04 grad_norm=2.580 samples/s=76.07
[step 4410/20000] loss=1.1983 lr=2.669e-04 grad_norm=3.111 samples/s=76.09
[step 4420/20000] loss=0.8584 lr=2.668e-04 grad_norm=2.673 samples/s=76.03
[step 4430/20000] loss=1.2807 lr=2.667e-04 grad_norm=3.013 samples/s=76.05
[step 4440/20000] loss=0.5677 lr=2.665e-04 grad_norm=1.807 samples/s=76.03
[step 4450/20000] loss=1.0548 lr=2.664e-04 grad_norm=1.405 samples/s=76.06
[step 4460/20000] loss=1.3870 lr=2.662e-04 grad_norm=2.667 samples/s=76.04
[step 4470/20000] loss=2.0773 lr=2.661e-04 grad_norm=3.410 samples/s=76.05
[step 4480/20000] loss=0.8523 lr=2.659e-04 grad_norm=1.943 samples/s=76.03
[step 4490/20000] loss=2.0391 lr=2.658e-04 grad_norm=4.223 samples/s=76.04
[step 4500/20000] loss=0.9773 lr=2.656e-04 grad_norm=2.650 samples/s=76.02
[val step 4500] loss=1.385213680267334 m01={'mean': 0.40840363114116, 'median': 0.4088226806099023, 'p95': 0.6770114253499414, 'tail_frac_gt4px': 8.200082000820008e-05, 'n_matched': 12195} m02={'12-16': 0.9140715109573241, '16-32': 0.9524381455680999, '32-64': 0.9456325689255347, '64-128': 0.9402654867256637} m04={'accuracy': 0.9246412464124641, 'by_octave': {'12-16': 0.8082018927444795, '16-32': 0.9394703656998739, '32-64': 0.9555858310626703, '64-128': 0.9287394957983194}} diag={'gate3_alpha_mean': 0.26110774278640747, 'gate3_alpha_min': 0.01628875732421875, 'gate3_alpha_max': 0.98486328125, 'gate3_alpha_std': 0.1523188054561615, 'gate3_alpha_p10': 0.0866241455078125, 'gate3_alpha_p50': 0.23681640625, 'gate3_alpha_p90': 0.4674186706542969, 'block0_attn_entropy': 7.138526439666748, 'block1_attn_entropy': 7.445537090301514}
[step 4510/20000] loss=1.4099 lr=2.655e-04 grad_norm=2.262 samples/s=76.13
[step 4520/20000] loss=1.0526 lr=2.653e-04 grad_norm=2.598 samples/s=76.23
[step 4530/20000] loss=0.9250 lr=2.652e-04 grad_norm=1.725 samples/s=76.24
[step 4540/20000] loss=1.4314 lr=2.650e-04 grad_norm=2.083 samples/s=76.22
[step 4550/20000] loss=2.0987 lr=2.649e-04 grad_norm=4.129 samples/s=76.23
[step 4560/20000] loss=0.6569 lr=2.647e-04 grad_norm=2.207 samples/s=76.23
[step 4570/20000] loss=1.0026 lr=2.645e-04 grad_norm=1.933 samples/s=76.22
[step 4580/20000] loss=1.6282 lr=2.644e-04 grad_norm=3.921 samples/s=76.21
[step 4590/20000] loss=1.1708 lr=2.642e-04 grad_norm=2.158 samples/s=76.20
[step 4600/20000] loss=2.3060 lr=2.641e-04 grad_norm=2.556 samples/s=76.17
[step 4610/20000] loss=1.4378 lr=2.639e-04 grad_norm=3.188 samples/s=76.12
[step 4620/20000] loss=1.6328 lr=2.638e-04 grad_norm=3.437 samples/s=76.13
[step 4630/20000] loss=1.2316 lr=2.636e-04 grad_norm=1.955 samples/s=76.08
[step 4640/20000] loss=1.4817 lr=2.635e-04 grad_norm=4.482 samples/s=76.12
[step 4650/20000] loss=0.8834 lr=2.633e-04 grad_norm=1.634 samples/s=76.08
[step 4660/20000] loss=0.7168 lr=2.632e-04 grad_norm=1.631 samples/s=76.12
[step 4670/20000] loss=1.7356 lr=2.630e-04 grad_norm=2.351 samples/s=76.10
[step 4680/20000] loss=0.8123 lr=2.629e-04 grad_norm=2.121 samples/s=76.10
[step 4690/20000] loss=1.2798 lr=2.627e-04 grad_norm=2.010 samples/s=76.06
[step 4700/20000] loss=0.6062 lr=2.625e-04 grad_norm=1.886 samples/s=76.07
[step 4710/20000] loss=1.1045 lr=2.624e-04 grad_norm=3.144 samples/s=76.05
[step 4720/20000] loss=1.4964 lr=2.622e-04 grad_norm=2.822 samples/s=76.07
[step 4730/20000] loss=1.0069 lr=2.621e-04 grad_norm=1.762 samples/s=76.08
[step 4740/20000] loss=1.0586 lr=2.619e-04 grad_norm=2.160 samples/s=76.09
[step 4750/20000] loss=1.8392 lr=2.618e-04 grad_norm=2.743 samples/s=76.09
[step 4760/20000] loss=1.1753 lr=2.616e-04 grad_norm=1.798 samples/s=76.08
[step 4770/20000] loss=0.9415 lr=2.615e-04 grad_norm=2.991 samples/s=76.08
[step 4780/20000] loss=1.7893 lr=2.613e-04 grad_norm=3.319 samples/s=76.06
[step 4790/20000] loss=1.6793 lr=2.611e-04 grad_norm=4.148 samples/s=76.06
[step 4800/20000] loss=1.0317 lr=2.610e-04 grad_norm=2.611 samples/s=76.03
[step 4810/20000] loss=1.1806 lr=2.608e-04 grad_norm=2.524 samples/s=76.04
[step 4820/20000] loss=1.4946 lr=2.607e-04 grad_norm=2.207 samples/s=76.01
[step 4830/20000] loss=1.4598 lr=2.605e-04 grad_norm=3.925 samples/s=76.01
[step 4840/20000] loss=1.2830 lr=2.603e-04 grad_norm=4.283 samples/s=75.99
[step 4850/20000] loss=0.8802 lr=2.602e-04 grad_norm=3.089 samples/s=76.00
[step 4860/20000] loss=1.1461 lr=2.600e-04 grad_norm=2.185 samples/s=75.97
[step 4870/20000] loss=0.8496 lr=2.599e-04 grad_norm=2.189 samples/s=76.00
[step 4880/20000] loss=1.0178 lr=2.597e-04 grad_norm=2.015 samples/s=75.99
[step 4890/20000] loss=2.0098 lr=2.595e-04 grad_norm=2.744 samples/s=76.00
[step 4900/20000] loss=1.2122 lr=2.594e-04 grad_norm=2.945 samples/s=75.95
[step 4910/20000] loss=1.0853 lr=2.592e-04 grad_norm=1.645 samples/s=75.96
[step 4920/20000] loss=1.0456 lr=2.591e-04 grad_norm=4.282 samples/s=75.91
[step 4930/20000] loss=1.6020 lr=2.589e-04 grad_norm=3.429 samples/s=75.92
[step 4940/20000] loss=1.2999 lr=2.587e-04 grad_norm=2.150 samples/s=75.90
[step 4950/20000] loss=1.2746 lr=2.586e-04 grad_norm=3.654 samples/s=75.92
[step 4960/20000] loss=0.7090 lr=2.584e-04 grad_norm=2.222 samples/s=75.88
[step 4970/20000] loss=1.2101 lr=2.582e-04 grad_norm=3.198 samples/s=75.88
[step 4980/20000] loss=1.4010 lr=2.581e-04 grad_norm=2.438 samples/s=75.84
[step 4990/20000] loss=0.9553 lr=2.579e-04 grad_norm=3.388 samples/s=75.84
[step 5000/20000] loss=1.6217 lr=2.578e-04 grad_norm=3.666 samples/s=75.83
[val step 5000] loss=1.3724977159500122 m01={'mean': 0.40830815424347344, 'median': 0.40862138680439386, 'p95': 0.6760644192095954, 'tail_frac_gt4px': 8.198065256599443e-05, 'n_matched': 12198} m02={'12-16': 0.9140715109573241, '16-32': 0.9529185683401393, '32-64': 0.9448595722751868, '64-128': 0.9415297092288243} m04={'accuracy': 0.9296606000983768, 'by_octave': {'12-16': 0.816403785488959, '16-32': 0.9435341567935468, '32-64': 0.9580038178347423, '64-128': 0.9365558912386707}} diag={'gate3_alpha_mean': 0.2598077952861786, 'gate3_alpha_min': 0.01628875732421875, 'gate3_alpha_max': 0.98193359375, 'gate3_alpha_std': 0.15142033994197845, 'gate3_alpha_p10': 0.08589096367359161, 'gate3_alpha_p50': 0.23614501953125, 'gate3_alpha_p90': 0.4637451171875, 'block0_attn_entropy': 7.138253688812256, 'block1_attn_entropy': 7.444998741149902}
[step 5010/20000] loss=1.1694 lr=2.576e-04 grad_norm=2.022 samples/s=75.92
[step 5020/20000] loss=1.0607 lr=2.574e-04 grad_norm=2.785 samples/s=76.01
[step 5030/20000] loss=1.0386 lr=2.573e-04 grad_norm=2.581 samples/s=76.00
[step 5040/20000] loss=0.8081 lr=2.571e-04 grad_norm=2.639 samples/s=75.98
[step 5050/20000] loss=1.4040 lr=2.569e-04 grad_norm=3.274 samples/s=75.99
[step 5060/20000] loss=1.4865 lr=2.568e-04 grad_norm=2.759 samples/s=75.95
[step 5070/20000] loss=1.5961 lr=2.566e-04 grad_norm=2.678 samples/s=75.96
[step 5080/20000] loss=1.1820 lr=2.564e-04 grad_norm=3.989 samples/s=75.97
[step 5090/20000] loss=1.7664 lr=2.563e-04 grad_norm=2.308 samples/s=75.95
[step 5100/20000] loss=1.7785 lr=2.561e-04 grad_norm=2.249 samples/s=75.96
[step 5110/20000] loss=2.2945 lr=2.559e-04 grad_norm=3.754 samples/s=75.94
[step 5120/20000] loss=1.3353 lr=2.558e-04 grad_norm=2.951 samples/s=75.94
[step 5130/20000] loss=1.2336 lr=2.556e-04 grad_norm=2.133 samples/s=75.93
[step 5140/20000] loss=1.7060 lr=2.554e-04 grad_norm=2.614 samples/s=75.91
[step 5150/20000] loss=1.0912 lr=2.553e-04 grad_norm=2.763 samples/s=75.92
[step 5160/20000] loss=2.0728 lr=2.551e-04 grad_norm=5.511 samples/s=75.92
[step 5170/20000] loss=0.8510 lr=2.549e-04 grad_norm=2.942 samples/s=75.91
[step 5180/20000] loss=1.5212 lr=2.548e-04 grad_norm=3.011 samples/s=75.87
[step 5190/20000] loss=1.3775 lr=2.546e-04 grad_norm=2.930 samples/s=75.89
[step 5200/20000] loss=1.5782 lr=2.544e-04 grad_norm=2.659 samples/s=75.87
[step 5210/20000] loss=1.3301 lr=2.543e-04 grad_norm=2.830 samples/s=75.84
[step 5220/20000] loss=1.3972 lr=2.541e-04 grad_norm=4.508 samples/s=75.86
[step 5230/20000] loss=0.8726 lr=2.539e-04 grad_norm=1.854 samples/s=75.82
[step 5240/20000] loss=0.8433 lr=2.538e-04 grad_norm=1.652 samples/s=75.86
[step 5250/20000] loss=1.4996 lr=2.536e-04 grad_norm=2.932 samples/s=75.83
[step 5260/20000] loss=0.8970 lr=2.534e-04 grad_norm=2.241 samples/s=75.85
[step 5270/20000] loss=1.3183 lr=2.532e-04 grad_norm=2.605 samples/s=75.87
[step 5280/20000] loss=1.2312 lr=2.531e-04 grad_norm=2.557 samples/s=75.85
[step 5290/20000] loss=0.7974 lr=2.529e-04 grad_norm=2.774 samples/s=75.87
[step 5300/20000] loss=1.7168 lr=2.527e-04 grad_norm=3.015 samples/s=75.85
[step 5310/20000] loss=1.2897 lr=2.526e-04 grad_norm=2.400 samples/s=75.85
[step 5320/20000] loss=1.3180 lr=2.524e-04 grad_norm=2.215 samples/s=75.82
[step 5330/20000] loss=0.7275 lr=2.522e-04 grad_norm=2.146 samples/s=75.85
[step 5340/20000] loss=1.1005 lr=2.520e-04 grad_norm=2.734 samples/s=75.81
[step 5350/20000] loss=1.3073 lr=2.519e-04 grad_norm=2.803 samples/s=75.82
[step 5360/20000] loss=1.6427 lr=2.517e-04 grad_norm=2.842 samples/s=75.81
[step 5370/20000] loss=0.9968 lr=2.515e-04 grad_norm=3.313 samples/s=75.82
[step 5380/20000] loss=1.7689 lr=2.513e-04 grad_norm=2.956 samples/s=75.79
[step 5390/20000] loss=2.2489 lr=2.512e-04 grad_norm=3.465 samples/s=75.80
[step 5400/20000] loss=1.4938 lr=2.510e-04 grad_norm=3.473 samples/s=75.77
[step 5410/20000] loss=2.1231 lr=2.508e-04 grad_norm=3.248 samples/s=75.79
[step 5420/20000] loss=1.3598 lr=2.507e-04 grad_norm=2.889 samples/s=75.75
[step 5430/20000] loss=1.6511 lr=2.505e-04 grad_norm=2.558 samples/s=75.76
[step 5440/20000] loss=0.7348 lr=2.503e-04 grad_norm=1.579 samples/s=75.74
[step 5450/20000] loss=0.9412 lr=2.501e-04 grad_norm=2.574 samples/s=75.75
[step 5460/20000] loss=0.8052 lr=2.500e-04 grad_norm=3.106 samples/s=75.75
[step 5470/20000] loss=2.1684 lr=2.498e-04 grad_norm=3.682 samples/s=75.75
[step 5480/20000] loss=0.9892 lr=2.496e-04 grad_norm=3.028 samples/s=75.73
[step 5490/20000] loss=1.0125 lr=2.494e-04 grad_norm=4.018 samples/s=75.73
[step 5500/20000] loss=0.7371 lr=2.492e-04 grad_norm=1.729 samples/s=75.71
[val step 5500] loss=1.3614764890670776 m01={'mean': 0.4090987732662654, 'median': 0.4088288829314817, 'p95': 0.6780664318818851, 'tail_frac_gt4px': 8.19336337566571e-05, 'n_matched': 12205} m02={'12-16': 0.9140715109573241, '16-32': 0.9541196252702379, '32-64': 0.9453749033754187, '64-128': 0.9415297092288243} m04={'accuracy': 0.9333060221220811, 'by_octave': {'12-16': 0.8290220820189275, '16-32': 0.9458710976837865, '32-64': 0.961297356227855, '64-128': 0.9375629405840886}} diag={'gate3_alpha_mean': 0.26226934790611267, 'gate3_alpha_min': 0.01642608642578125, 'gate3_alpha_max': 0.98583984375, 'gate3_alpha_std': 0.152223601937294, 'gate3_alpha_p10': 0.086944580078125, 'gate3_alpha_p50': 0.2388916015625, 'gate3_alpha_p90': 0.4677734375, 'block0_attn_entropy': 7.1325554847717285, 'block1_attn_entropy': 7.44588565826416}
[step 5510/20000] loss=1.6194 lr=2.491e-04 grad_norm=5.108 samples/s=75.80
[step 5520/20000] loss=1.5923 lr=2.489e-04 grad_norm=3.066 samples/s=75.88
[step 5530/20000] loss=0.9871 lr=2.487e-04 grad_norm=2.656 samples/s=75.87
[step 5540/20000] loss=0.6517 lr=2.485e-04 grad_norm=2.424 samples/s=75.87
[step 5550/20000] loss=1.6764 lr=2.484e-04 grad_norm=2.759 samples/s=75.86
[step 5560/20000] loss=0.6928 lr=2.482e-04 grad_norm=2.184 samples/s=75.87
[step 5570/20000] loss=1.0942 lr=2.480e-04 grad_norm=2.467 samples/s=75.85
[step 5580/20000] loss=1.2889 lr=2.478e-04 grad_norm=2.484 samples/s=75.86
[step 5590/20000] loss=1.4170 lr=2.476e-04 grad_norm=2.024 samples/s=75.84
[step 5600/20000] loss=1.0791 lr=2.475e-04 grad_norm=1.904 samples/s=75.85
[step 5610/20000] loss=1.4758 lr=2.473e-04 grad_norm=3.084 samples/s=75.82
[step 5620/20000] loss=0.9743 lr=2.471e-04 grad_norm=2.032 samples/s=75.85
[step 5630/20000] loss=0.8674 lr=2.469e-04 grad_norm=2.438 samples/s=75.83
[step 5640/20000] loss=1.7218 lr=2.468e-04 grad_norm=2.487 samples/s=75.83
[step 5650/20000] loss=1.5590 lr=2.466e-04 grad_norm=2.187 samples/s=75.82
[step 5660/20000] loss=0.9070 lr=2.464e-04 grad_norm=2.027 samples/s=75.82
[step 5670/20000] loss=1.0138 lr=2.462e-04 grad_norm=1.737 samples/s=75.82
[step 5680/20000] loss=1.4477 lr=2.460e-04 grad_norm=2.595 samples/s=75.78
[step 5690/20000] loss=1.5571 lr=2.459e-04 grad_norm=2.534 samples/s=75.80
[step 5700/20000] loss=1.3920 lr=2.457e-04 grad_norm=2.690 samples/s=75.78
[step 5710/20000] loss=1.1806 lr=2.455e-04 grad_norm=2.371 samples/s=75.79
[step 5720/20000] loss=1.5018 lr=2.453e-04 grad_norm=2.628 samples/s=75.78
[step 5730/20000] loss=1.0330 lr=2.451e-04 grad_norm=2.056 samples/s=75.77
[step 5740/20000] loss=0.6795 lr=2.449e-04 grad_norm=1.674 samples/s=75.74
[step 5750/20000] loss=2.0077 lr=2.448e-04 grad_norm=3.570 samples/s=75.77
[step 5760/20000] loss=2.0054 lr=2.446e-04 grad_norm=3.518 samples/s=75.74
[step 5770/20000] loss=0.9962 lr=2.444e-04 grad_norm=2.174 samples/s=75.75
[step 5780/20000] loss=1.1420 lr=2.442e-04 grad_norm=3.622 samples/s=75.72
[step 5790/20000] loss=1.1675 lr=2.440e-04 grad_norm=2.160 samples/s=75.74
[step 5800/20000] loss=1.3521 lr=2.438e-04 grad_norm=2.167 samples/s=75.73
[step 5810/20000] loss=1.6322 lr=2.437e-04 grad_norm=3.268 samples/s=75.72
[step 5820/20000] loss=1.1928 lr=2.435e-04 grad_norm=3.832 samples/s=75.73
[step 5830/20000] loss=0.8899 lr=2.433e-04 grad_norm=1.788 samples/s=75.73
[step 5840/20000] loss=1.5472 lr=2.431e-04 grad_norm=3.476 samples/s=75.71
[step 5850/20000] loss=1.4438 lr=2.429e-04 grad_norm=3.418 samples/s=75.72
[step 5860/20000] loss=1.2108 lr=2.427e-04 grad_norm=2.253 samples/s=75.70
[step 5870/20000] loss=1.2363 lr=2.426e-04 grad_norm=2.314 samples/s=75.70
[step 5880/20000] loss=1.4047 lr=2.424e-04 grad_norm=3.191 samples/s=75.67
[step 5890/20000] loss=1.3191 lr=2.422e-04 grad_norm=3.425 samples/s=75.69
[step 5900/20000] loss=1.6819 lr=2.420e-04 grad_norm=2.072 samples/s=75.67
[step 5910/20000] loss=0.9978 lr=2.418e-04 grad_norm=1.509 samples/s=75.68
[step 5920/20000] loss=0.6613 lr=2.416e-04 grad_norm=1.788 samples/s=75.66
[step 5930/20000] loss=1.5966 lr=2.414e-04 grad_norm=1.657 samples/s=75.69
[step 5940/20000] loss=0.7907 lr=2.413e-04 grad_norm=2.693 samples/s=75.68
[step 5950/20000] loss=1.9057 lr=2.411e-04 grad_norm=4.767 samples/s=75.70
[step 5960/20000] loss=1.0375 lr=2.409e-04 grad_norm=1.838 samples/s=75.69
[step 5970/20000] loss=0.8841 lr=2.407e-04 grad_norm=2.062 samples/s=75.70
[step 5980/20000] loss=1.4875 lr=2.405e-04 grad_norm=4.061 samples/s=75.69
[step 5990/20000] loss=2.0186 lr=2.403e-04 grad_norm=2.774 samples/s=75.70
[step 6000/20000] loss=1.1724 lr=2.401e-04 grad_norm=3.028 samples/s=75.67
[val step 6000] loss=1.3530777511596679 m01={'mean': 0.40921092973248635, 'median': 0.40882578177069195, 'p95': 0.6777732606804046, 'tail_frac_gt4px': 8.195377806916898e-05, 'n_matched': 12202} m02={'12-16': 0.9158016147635525, '16-32': 0.9543598366562575, '32-64': 0.9448595722751868, '64-128': 0.9399494310998736} m04={'accuracy': 0.935010653991149, 'by_octave': {'12-16': 0.8306045340050378, '16-32': 0.945633022904606, '32-64': 0.9629124625034088, '64-128': 0.9421654337592468}} diag={'gate3_alpha_mean': 0.25773584842681885, 'gate3_alpha_min': 0.01619720458984375, 'gate3_alpha_max': 0.98486328125, 'gate3_alpha_std': 0.15016940236091614, 'gate3_alpha_p10': 0.085693359375, 'gate3_alpha_p50': 0.23394775390625, 'gate3_alpha_p90': 0.46014976501464844, 'block0_attn_entropy': 7.134560585021973, 'block1_attn_entropy': 7.43409538269043}
[step 6010/20000] loss=1.1847 lr=2.399e-04 grad_norm=3.846 samples/s=75.76
[step 6020/20000] loss=1.1326 lr=2.398e-04 grad_norm=2.649 samples/s=75.83
[step 6030/20000] loss=0.7059 lr=2.396e-04 grad_norm=1.660 samples/s=75.82
[step 6040/20000] loss=0.8637 lr=2.394e-04 grad_norm=1.553 samples/s=75.81
[step 6050/20000] loss=1.4591 lr=2.392e-04 grad_norm=3.060 samples/s=75.80
[step 6060/20000] loss=1.0350 lr=2.390e-04 grad_norm=2.732 samples/s=75.82
[step 6070/20000] loss=0.8863 lr=2.388e-04 grad_norm=2.212 samples/s=75.79
[step 6080/20000] loss=1.1546 lr=2.386e-04 grad_norm=2.779 samples/s=75.79
[step 6090/20000] loss=1.0196 lr=2.384e-04 grad_norm=2.016 samples/s=75.77
[step 6100/20000] loss=0.7417 lr=2.382e-04 grad_norm=1.978 samples/s=75.78
[step 6110/20000] loss=0.9651 lr=2.380e-04 grad_norm=2.261 samples/s=75.76
[step 6120/20000] loss=1.1162 lr=2.379e-04 grad_norm=2.220 samples/s=75.77
[step 6130/20000] loss=1.3261 lr=2.377e-04 grad_norm=2.717 samples/s=75.76
[step 6140/20000] loss=0.8164 lr=2.375e-04 grad_norm=2.188 samples/s=75.74
[step 6150/20000] loss=1.0706 lr=2.373e-04 grad_norm=1.742 samples/s=75.73
[step 6160/20000] loss=1.4986 lr=2.371e-04 grad_norm=2.841 samples/s=75.74
[step 6170/20000] loss=0.9090 lr=2.369e-04 grad_norm=3.629 samples/s=75.74
[step 6180/20000] loss=1.4218 lr=2.367e-04 grad_norm=1.871 samples/s=75.74
[step 6190/20000] loss=0.8621 lr=2.365e-04 grad_norm=2.619 samples/s=75.74
[step 6200/20000] loss=1.6234 lr=2.363e-04 grad_norm=2.938 samples/s=75.73
[step 6210/20000] loss=0.8291 lr=2.361e-04 grad_norm=1.661 samples/s=75.72
[step 6220/20000] loss=1.1235 lr=2.359e-04 grad_norm=2.044 samples/s=75.74
[step 6230/20000] loss=1.1570 lr=2.357e-04 grad_norm=2.735 samples/s=75.73
[step 6240/20000] loss=0.9514 lr=2.356e-04 grad_norm=2.591 samples/s=75.71
[step 6250/20000] loss=0.9215 lr=2.354e-04 grad_norm=2.753 samples/s=75.72
[step 6260/20000] loss=1.4856 lr=2.352e-04 grad_norm=3.175 samples/s=75.72
[step 6270/20000] loss=1.1463 lr=2.350e-04 grad_norm=2.256 samples/s=75.71
[step 6280/20000] loss=1.3176 lr=2.348e-04 grad_norm=2.278 samples/s=75.70
[step 6290/20000] loss=1.2329 lr=2.346e-04 grad_norm=5.002 samples/s=75.68
[step 6300/20000] loss=1.2325 lr=2.344e-04 grad_norm=2.630 samples/s=75.69
[step 6310/20000] loss=2.0250 lr=2.342e-04 grad_norm=3.327 samples/s=75.66
[step 6320/20000] loss=1.0530 lr=2.340e-04 grad_norm=2.172 samples/s=75.68
[step 6330/20000] loss=1.3679 lr=2.338e-04 grad_norm=3.082 samples/s=75.65
[step 6340/20000] loss=0.9022 lr=2.336e-04 grad_norm=2.895 samples/s=75.65
[step 6350/20000] loss=0.9540 lr=2.334e-04 grad_norm=2.162 samples/s=75.64
[step 6360/20000] loss=1.1394 lr=2.332e-04 grad_norm=3.595 samples/s=75.66
[step 6370/20000] loss=1.5970 lr=2.330e-04 grad_norm=2.775 samples/s=75.66
[step 6380/20000] loss=1.6190 lr=2.328e-04 grad_norm=2.430 samples/s=75.66
[step 6390/20000] loss=1.6474 lr=2.326e-04 grad_norm=2.925 samples/s=75.64
[step 6400/20000] loss=0.9264 lr=2.324e-04 grad_norm=2.314 samples/s=75.65
[step 6410/20000] loss=1.2198 lr=2.322e-04 grad_norm=2.503 samples/s=75.61
[step 6420/20000] loss=1.0731 lr=2.320e-04 grad_norm=2.516 samples/s=75.62
[step 6430/20000] loss=0.9159 lr=2.318e-04 grad_norm=2.306 samples/s=75.60
[step 6440/20000] loss=0.9342 lr=2.316e-04 grad_norm=2.946 samples/s=75.61
[step 6450/20000] loss=1.1683 lr=2.314e-04 grad_norm=2.519 samples/s=75.59
[step 6460/20000] loss=1.3325 lr=2.312e-04 grad_norm=2.342 samples/s=75.60
[step 6470/20000] loss=1.3402 lr=2.311e-04 grad_norm=3.202 samples/s=75.58
[step 6480/20000] loss=1.0380 lr=2.309e-04 grad_norm=1.806 samples/s=75.59
[step 6490/20000] loss=0.7749 lr=2.307e-04 grad_norm=1.924 samples/s=75.59
[step 6500/20000] loss=1.0765 lr=2.305e-04 grad_norm=4.034 samples/s=75.60
[val step 6500] loss=1.340556266784668 m01={'mean': 0.4083887671298496, 'median': 0.40835430767447695, 'p95': 0.67713052433071, 'tail_frac_gt4px': 8.200754469411185e-05, 'n_matched': 12194} m02={'12-16': 0.9134948096885813, '16-32': 0.953158779726159, '32-64': 0.9446019067250708, '64-128': 0.9405815423514539} m04={'accuracy': 0.9396424471051337, 'by_octave': {'12-16': 0.8421717171717171, '16-32': 0.9498487903225806, '32-64': 0.9664484451718495, '64-128': 0.9448924731182796}} diag={'gate3_alpha_mean': 0.26149725914001465, 'gate3_alpha_min': 0.01610565185546875, 'gate3_alpha_max': 0.98486328125, 'gate3_alpha_std': 0.15099675953388214, 'gate3_alpha_p10': 0.0872039794921875, 'gate3_alpha_p50': 0.2388153076171875, 'gate3_alpha_p90': 0.46326255798339844, 'block0_attn_entropy': 7.131782531738281, 'block1_attn_entropy': 7.45605993270874}
[step 6510/20000] loss=1.5678 lr=2.303e-04 grad_norm=2.992 samples/s=75.67
[step 6520/20000] loss=1.4857 lr=2.301e-04 grad_norm=2.239 samples/s=75.74
[step 6530/20000] loss=1.4507 lr=2.299e-04 grad_norm=3.612 samples/s=75.75
[step 6540/20000] loss=0.8952 lr=2.297e-04 grad_norm=1.898 samples/s=75.73
[step 6550/20000] loss=1.2244 lr=2.295e-04 grad_norm=2.757 samples/s=75.73
[step 6560/20000] loss=0.8375 lr=2.293e-04 grad_norm=1.602 samples/s=75.71
[step 6570/20000] loss=1.9623 lr=2.291e-04 grad_norm=3.244 samples/s=75.71
[step 6580/20000] loss=1.8703 lr=2.289e-04 grad_norm=2.640 samples/s=75.69
[step 6590/20000] loss=0.7999 lr=2.287e-04 grad_norm=2.508 samples/s=75.70
[step 6600/20000] loss=3.0614 lr=2.285e-04 grad_norm=3.421 samples/s=75.68
[step 6610/20000] loss=1.1297 lr=2.283e-04 grad_norm=2.409 samples/s=75.71
[step 6620/20000] loss=1.0144 lr=2.281e-04 grad_norm=3.494 samples/s=75.70
[step 6630/20000] loss=0.8985 lr=2.279e-04 grad_norm=2.037 samples/s=75.72
[step 6640/20000] loss=0.9700 lr=2.277e-04 grad_norm=1.794 samples/s=75.68
[step 6650/20000] loss=1.1628 lr=2.275e-04 grad_norm=1.977 samples/s=75.70
[step 6660/20000] loss=0.8399 lr=2.273e-04 grad_norm=1.740 samples/s=75.69
[step 6670/20000] loss=0.8289 lr=2.271e-04 grad_norm=1.602 samples/s=75.69
[step 6680/20000] loss=1.6904 lr=2.269e-04 grad_norm=3.188 samples/s=75.68
[step 6690/20000] loss=2.1821 lr=2.266e-04 grad_norm=2.811 samples/s=75.70
[step 6700/20000] loss=0.7429 lr=2.264e-04 grad_norm=1.863 samples/s=75.68
[step 6710/20000] loss=1.4949 lr=2.262e-04 grad_norm=3.291 samples/s=75.68
[step 6720/20000] loss=0.8566 lr=2.260e-04 grad_norm=1.598 samples/s=75.68
[step 6730/20000] loss=1.0796 lr=2.258e-04 grad_norm=1.625 samples/s=75.66
[step 6740/20000] loss=0.9741 lr=2.256e-04 grad_norm=2.750 samples/s=75.65
[step 6750/20000] loss=1.0430 lr=2.254e-04 grad_norm=1.993 samples/s=75.63
[step 6760/20000] loss=0.6976 lr=2.252e-04 grad_norm=1.867 samples/s=75.64
[step 6770/20000] loss=1.3601 lr=2.250e-04 grad_norm=2.529 samples/s=75.62
[step 6780/20000] loss=1.3234 lr=2.248e-04 grad_norm=2.252 samples/s=75.64
[step 6790/20000] loss=0.6590 lr=2.246e-04 grad_norm=4.000 samples/s=75.61
[step 6800/20000] loss=1.6345 lr=2.244e-04 grad_norm=2.565 samples/s=75.62
[step 6810/20000] loss=0.7504 lr=2.242e-04 grad_norm=1.356 samples/s=75.60
[step 6820/20000] loss=1.1936 lr=2.240e-04 grad_norm=2.083 samples/s=75.64
[step 6830/20000] loss=0.8971 lr=2.238e-04 grad_norm=2.604 samples/s=75.62
[step 6840/20000] loss=0.9684 lr=2.236e-04 grad_norm=3.223 samples/s=75.62
[step 6850/20000] loss=1.2831 lr=2.234e-04 grad_norm=3.780 samples/s=75.60
[step 6860/20000] loss=1.3081 lr=2.232e-04 grad_norm=2.849 samples/s=75.61
[step 6870/20000] loss=1.5657 lr=2.230e-04 grad_norm=3.218 samples/s=75.60
[step 6880/20000] loss=1.2329 lr=2.228e-04 grad_norm=1.617 samples/s=75.60
[step 6890/20000] loss=1.3837 lr=2.226e-04 grad_norm=2.728 samples/s=75.59
[step 6900/20000] loss=1.1735 lr=2.224e-04 grad_norm=2.338 samples/s=75.59
[step 6910/20000] loss=1.5838 lr=2.222e-04 grad_norm=3.059 samples/s=75.57
[step 6920/20000] loss=0.9292 lr=2.219e-04 grad_norm=2.341 samples/s=75.57
[step 6930/20000] loss=1.0081 lr=2.217e-04 grad_norm=3.938 samples/s=75.55
[step 6940/20000] loss=0.9914 lr=2.215e-04 grad_norm=2.247 samples/s=75.56
[step 6950/20000] loss=0.9366 lr=2.213e-04 grad_norm=1.542 samples/s=75.53
[step 6960/20000] loss=1.1971 lr=2.211e-04 grad_norm=2.277 samples/s=75.54
[step 6970/20000] loss=1.1310 lr=2.209e-04 grad_norm=2.292 samples/s=75.52
[step 6980/20000] loss=0.7751 lr=2.207e-04 grad_norm=1.921 samples/s=75.52
[step 6990/20000] loss=0.9067 lr=2.205e-04 grad_norm=1.773 samples/s=75.51
[step 7000/20000] loss=1.8444 lr=2.203e-04 grad_norm=2.806 samples/s=75.52
[val step 7000] loss=1.335329089641571 m01={'mean': 0.4082375022469638, 'median': 0.40874247641102684, 'p95': 0.6771654786958305, 'tail_frac_gt4px': 0.0, 'n_matched': 12202} m02={'12-16': 0.916955017301038, '16-32': 0.9533989911121787, '32-64': 0.9448595722751868, '64-128': 0.9405815423514539} m04={'accuracy': 0.9409932797901983, 'by_octave': {'12-16': 0.8465408805031447, '16-32': 0.9508692365835223, '32-64': 0.9656394873193346, '64-128': 0.9479166666666666}} diag={'gate3_alpha_mean': 0.2600803077220917, 'gate3_alpha_min': 0.01619720458984375, 'gate3_alpha_max': 0.98486328125, 'gate3_alpha_std': 0.15095698833465576, 'gate3_alpha_p10': 0.086639404296875, 'gate3_alpha_p50': 0.23681640625, 'gate3_alpha_p90': 0.4619140625, 'block0_attn_entropy': 7.130999565124512, 'block1_attn_entropy': 7.471701145172119}
[step 7010/20000] loss=0.6297 lr=2.201e-04 grad_norm=1.439 samples/s=75.58
[step 7020/20000] loss=1.7273 lr=2.199e-04 grad_norm=2.781 samples/s=75.65
[step 7030/20000] loss=1.7559 lr=2.197e-04 grad_norm=1.940 samples/s=75.65
[step 7040/20000] loss=0.9806 lr=2.195e-04 grad_norm=2.152 samples/s=75.63
[step 7050/20000] loss=0.7900 lr=2.193e-04 grad_norm=2.198 samples/s=75.64
[step 7060/20000] loss=1.0671 lr=2.190e-04 grad_norm=2.693 samples/s=75.62
[step 7070/20000] loss=2.1801 lr=2.188e-04 grad_norm=4.049 samples/s=75.63
[step 7080/20000] loss=1.4096 lr=2.186e-04 grad_norm=2.143 samples/s=75.61
[step 7090/20000] loss=1.8491 lr=2.184e-04 grad_norm=3.702 samples/s=75.62
[step 7100/20000] loss=1.5151 lr=2.182e-04 grad_norm=2.630 samples/s=75.59
[step 7110/20000] loss=1.2983 lr=2.180e-04 grad_norm=2.772 samples/s=75.59
[step 7120/20000] loss=0.9979 lr=2.178e-04 grad_norm=1.795 samples/s=75.56
[step 7130/20000] loss=1.0977 lr=2.176e-04 grad_norm=3.743 samples/s=75.57
[step 7140/20000] loss=0.8828 lr=2.174e-04 grad_norm=1.846 samples/s=75.55
[step 7150/20000] loss=1.1140 lr=2.172e-04 grad_norm=2.568 samples/s=75.56
[step 7160/20000] loss=0.8598 lr=2.169e-04 grad_norm=1.506 samples/s=75.55
[step 7170/20000] loss=1.1759 lr=2.167e-04 grad_norm=2.957 samples/s=75.56
[step 7180/20000] loss=1.5149 lr=2.165e-04 grad_norm=2.373 samples/s=75.53
[step 7190/20000] loss=0.8539 lr=2.163e-04 grad_norm=1.628 samples/s=75.55
[step 7200/20000] loss=1.4167 lr=2.161e-04 grad_norm=1.928 samples/s=75.53
[step 7210/20000] loss=1.1980 lr=2.159e-04 grad_norm=2.518 samples/s=75.54
[step 7220/20000] loss=1.9890 lr=2.157e-04 grad_norm=3.276 samples/s=75.54
[step 7230/20000] loss=1.6219 lr=2.155e-04 grad_norm=1.963 samples/s=75.54
[step 7240/20000] loss=1.0202 lr=2.153e-04 grad_norm=2.927 samples/s=75.51
[step 7250/20000] loss=1.2271 lr=2.150e-04 grad_norm=1.889 samples/s=75.51
[step 7260/20000] loss=1.3493 lr=2.148e-04 grad_norm=2.502 samples/s=75.49
[step 7270/20000] loss=0.7081 lr=2.146e-04 grad_norm=2.458 samples/s=75.51
[step 7280/20000] loss=1.2256 lr=2.144e-04 grad_norm=1.874 samples/s=75.50
[step 7290/20000] loss=1.6405 lr=2.142e-04 grad_norm=2.985 samples/s=75.52
[step 7300/20000] loss=0.8979 lr=2.140e-04 grad_norm=2.069 samples/s=75.52
[step 7310/20000] loss=1.4701 lr=2.138e-04 grad_norm=2.184 samples/s=75.52
[step 7320/20000] loss=0.9451 lr=2.136e-04 grad_norm=1.858 samples/s=75.48
[step 7330/20000] loss=1.8135 lr=2.133e-04 grad_norm=3.514 samples/s=75.49
[step 7340/20000] loss=0.8117 lr=2.131e-04 grad_norm=3.187 samples/s=75.46
[step 7350/20000] loss=1.9175 lr=2.129e-04 grad_norm=2.599 samples/s=75.47
[step 7360/20000] loss=1.1653 lr=2.127e-04 grad_norm=2.663 samples/s=75.45
[step 7370/20000] loss=1.1722 lr=2.125e-04 grad_norm=3.071 samples/s=75.46
[step 7380/20000] loss=0.6752 lr=2.123e-04 grad_norm=1.500 samples/s=75.44
[step 7390/20000] loss=1.0550 lr=2.121e-04 grad_norm=2.435 samples/s=75.45
[step 7400/20000] loss=1.5351 lr=2.119e-04 grad_norm=4.150 samples/s=75.43
[step 7410/20000] loss=1.5387 lr=2.116e-04 grad_norm=4.380 samples/s=75.43
[step 7420/20000] loss=1.1578 lr=2.114e-04 grad_norm=1.921 samples/s=75.43
[step 7430/20000] loss=0.9984 lr=2.112e-04 grad_norm=1.829 samples/s=75.44
[step 7440/20000] loss=1.1530 lr=2.110e-04 grad_norm=1.478 samples/s=75.44
[step 7450/20000] loss=1.2125 lr=2.108e-04 grad_norm=2.775 samples/s=75.45
[step 7460/20000] loss=1.1361 lr=2.106e-04 grad_norm=2.278 samples/s=75.45
[step 7470/20000] loss=1.1330 lr=2.103e-04 grad_norm=2.166 samples/s=75.44
[step 7480/20000] loss=1.3008 lr=2.101e-04 grad_norm=3.029 samples/s=75.45
[step 7490/20000] loss=1.0860 lr=2.099e-04 grad_norm=2.220 samples/s=75.45
[step 7500/20000] loss=1.6208 lr=2.097e-04 grad_norm=1.993 samples/s=75.44
[val step 7500] loss=1.3288902235031128 m01={'mean': 0.4090573240678452, 'median': 0.40882578177069195, 'p95': 0.6779920019134854, 'tail_frac_gt4px': 8.192692118630181e-05, 'n_matched': 12206} m02={'12-16': 0.9152249134948097, '16-32': 0.9533989911121787, '32-64': 0.9456325689255347, '64-128': 0.9418457648546145} m04={'accuracy': 0.9415861051941669, 'by_octave': {'12-16': 0.8462507876496534, '16-32': 0.9508692365835223, '32-64': 0.9670299727520436, '64-128': 0.9486577181208053}} diag={'gate3_alpha_mean': 0.2567813992500305, 'gate3_alpha_min': 0.01619720458984375, 'gate3_alpha_max': 0.984130859375, 'gate3_alpha_std': 0.15019793808460236, 'gate3_alpha_p10': 0.08495941758155823, 'gate3_alpha_p50': 0.2332763671875, 'gate3_alpha_p90': 0.4569091796875, 'block0_attn_entropy': 7.129004001617432, 'block1_attn_entropy': 7.439969062805176}
[step 7510/20000] loss=1.2712 lr=2.095e-04 grad_norm=4.000 samples/s=75.49
[step 7520/20000] loss=0.7560 lr=2.093e-04 grad_norm=2.111 samples/s=75.56
[step 7530/20000] loss=1.5049 lr=2.091e-04 grad_norm=1.835 samples/s=75.55
[step 7540/20000] loss=1.3089 lr=2.088e-04 grad_norm=2.669 samples/s=75.56
[step 7550/20000] loss=1.2185 lr=2.086e-04 grad_norm=2.003 samples/s=75.54
[step 7560/20000] loss=1.2912 lr=2.084e-04 grad_norm=4.855 samples/s=75.55
[step 7570/20000] loss=1.6096 lr=2.082e-04 grad_norm=2.965 samples/s=75.54
[step 7580/20000] loss=0.9735 lr=2.080e-04 grad_norm=3.155 samples/s=75.55
[step 7590/20000] loss=0.5878 lr=2.078e-04 grad_norm=2.638 samples/s=75.53
[step 7600/20000] loss=1.3690 lr=2.075e-04 grad_norm=2.196 samples/s=75.55
[step 7610/20000] loss=0.7958 lr=2.073e-04 grad_norm=1.916 samples/s=75.53
[step 7620/20000] loss=1.2524 lr=2.071e-04 grad_norm=1.869 samples/s=75.52
[step 7630/20000] loss=1.3984 lr=2.069e-04 grad_norm=1.898 samples/s=75.51
[step 7640/20000] loss=0.7018 lr=2.067e-04 grad_norm=1.674 samples/s=75.51
[step 7650/20000] loss=1.1103 lr=2.064e-04 grad_norm=2.983 samples/s=75.50
[step 7660/20000] loss=2.8448 lr=2.062e-04 grad_norm=3.943 samples/s=75.50
[step 7670/20000] loss=1.1890 lr=2.060e-04 grad_norm=1.922 samples/s=75.50
[step 7680/20000] loss=1.2085 lr=2.058e-04 grad_norm=2.688 samples/s=75.49
[step 7690/20000] loss=1.0912 lr=2.056e-04 grad_norm=2.008 samples/s=75.50
[step 7700/20000] loss=1.3470 lr=2.054e-04 grad_norm=2.681 samples/s=75.49
[step 7710/20000] loss=1.9125 lr=2.051e-04 grad_norm=2.807 samples/s=75.50
[step 7720/20000] loss=1.8291 lr=2.049e-04 grad_norm=3.630 samples/s=75.49
[step 7730/20000] loss=1.4300 lr=2.047e-04 grad_norm=2.726 samples/s=75.50
[step 7740/20000] loss=0.7877 lr=2.045e-04 grad_norm=1.526 samples/s=75.49
[step 7750/20000] loss=0.9801 lr=2.043e-04 grad_norm=2.042 samples/s=75.50
[step 7760/20000] loss=1.3028 lr=2.040e-04 grad_norm=3.034 samples/s=75.50
[step 7770/20000] loss=1.3544 lr=2.038e-04 grad_norm=2.229 samples/s=75.50
[step 7780/20000] loss=1.1415 lr=2.036e-04 grad_norm=4.136 samples/s=75.49
[step 7790/20000] loss=1.0375 lr=2.034e-04 grad_norm=2.423 samples/s=75.49
[step 7800/20000] loss=0.9905 lr=2.032e-04 grad_norm=1.809 samples/s=75.45
[step 7810/20000] loss=1.4805 lr=2.029e-04 grad_norm=2.817 samples/s=75.45
[step 7820/20000] loss=1.1931 lr=2.027e-04 grad_norm=1.938 samples/s=75.44
[step 7830/20000] loss=2.1446 lr=2.025e-04 grad_norm=3.330 samples/s=75.46
[step 7840/20000] loss=1.8013 lr=2.023e-04 grad_norm=3.217 samples/s=75.45
[step 7850/20000] loss=0.7863 lr=2.021e-04 grad_norm=2.259 samples/s=75.45
[step 7860/20000] loss=1.0933 lr=2.018e-04 grad_norm=2.559 samples/s=75.43
[step 7870/20000] loss=1.0207 lr=2.016e-04 grad_norm=3.806 samples/s=75.43
[step 7880/20000] loss=1.5662 lr=2.014e-04 grad_norm=2.248 samples/s=75.42
[step 7890/20000] loss=1.1455 lr=2.012e-04 grad_norm=2.166 samples/s=75.43
[step 7900/20000] loss=1.1342 lr=2.010e-04 grad_norm=2.100 samples/s=75.41
[step 7910/20000] loss=1.5832 lr=2.007e-04 grad_norm=2.404 samples/s=75.43
[step 7920/20000] loss=1.0953 lr=2.005e-04 grad_norm=3.739 samples/s=75.43
[step 7930/20000] loss=1.3754 lr=2.003e-04 grad_norm=2.028 samples/s=75.44
[step 7940/20000] loss=0.8201 lr=2.001e-04 grad_norm=3.017 samples/s=75.44
[step 7950/20000] loss=1.1403 lr=1.999e-04 grad_norm=2.458 samples/s=75.47
[step 7960/20000] loss=1.0046 lr=1.996e-04 grad_norm=3.276 samples/s=75.45
[step 7970/20000] loss=1.3418 lr=1.994e-04 grad_norm=2.543 samples/s=75.45
[step 7980/20000] loss=1.5979 lr=1.992e-04 grad_norm=2.289 samples/s=75.44
[step 7990/20000] loss=0.9800 lr=1.990e-04 grad_norm=1.921 samples/s=75.45
[step 8000/20000] loss=1.3330 lr=1.987e-04 grad_norm=2.036 samples/s=75.44
[val step 8000] loss=1.3236523671150207 m01={'mean': 0.4089033537621718, 'median': 0.40882578177069195, 'p95': 0.6785095179772114, 'tail_frac_gt4px': 8.194034742707309e-05, 'n_matched': 12204} m02={'12-16': 0.9158016147635525, '16-32': 0.9533989911121787, '32-64': 0.9453749033754187, '64-128': 0.9412136536030341} m04={'accuracy': 0.9432153392330384, 'by_octave': {'12-16': 0.8545340050377834, '16-32': 0.9511211892164273, '32-64': 0.9670209866448624, '64-128': 0.9506380120886501}} diag={'gate3_alpha_mean': 0.2515694200992584, 'gate3_alpha_min': 0.01596832275390625, 'gate3_alpha_max': 0.9833984375, 'gate3_alpha_std': 0.14869186282157898, 'gate3_alpha_p10': 0.08277741074562073, 'gate3_alpha_p50': 0.22748565673828125, 'gate3_alpha_p90': 0.449462890625, 'block0_attn_entropy': 7.129838943481445, 'block1_attn_entropy': 7.447772026062012}
[step 8010/20000] loss=0.8960 lr=1.985e-04 grad_norm=1.717 samples/s=75.49
[step 8020/20000] loss=1.2773 lr=1.983e-04 grad_norm=2.294 samples/s=75.55
[step 8030/20000] loss=0.9732 lr=1.981e-04 grad_norm=2.207 samples/s=75.53
[step 8040/20000] loss=1.4388 lr=1.979e-04 grad_norm=4.484 samples/s=75.53
[step 8050/20000] loss=0.8475 lr=1.976e-04 grad_norm=3.045 samples/s=75.53
[step 8060/20000] loss=1.0082 lr=1.974e-04 grad_norm=2.376 samples/s=75.54
[step 8070/20000] loss=1.0713 lr=1.972e-04 grad_norm=2.470 samples/s=75.52
[step 8080/20000] loss=1.1078 lr=1.970e-04 grad_norm=3.025 samples/s=75.52
[step 8090/20000] loss=1.1872 lr=1.967e-04 grad_norm=3.078 samples/s=75.51
[step 8100/20000] loss=0.7410 lr=1.965e-04 grad_norm=1.486 samples/s=75.52
[step 8110/20000] loss=1.0414 lr=1.963e-04 grad_norm=1.947 samples/s=75.52
[step 8120/20000] loss=1.5017 lr=1.961e-04 grad_norm=2.003 samples/s=75.53
[step 8130/20000] loss=1.2638 lr=1.958e-04 grad_norm=2.688 samples/s=75.49
[step 8140/20000] loss=1.9505 lr=1.956e-04 grad_norm=4.807 samples/s=75.48
[step 8150/20000] loss=1.2869 lr=1.954e-04 grad_norm=2.919 samples/s=75.45
[step 8160/20000] loss=1.8276 lr=1.952e-04 grad_norm=2.854 samples/s=75.48
[step 8170/20000] loss=0.9327 lr=1.950e-04 grad_norm=2.247 samples/s=75.45
[step 8180/20000] loss=1.9101 lr=1.947e-04 grad_norm=3.806 samples/s=75.44
[step 8190/20000] loss=1.5903 lr=1.945e-04 grad_norm=2.029 samples/s=75.42
[step 8200/20000] loss=1.2285 lr=1.943e-04 grad_norm=3.312 samples/s=75.44
[step 8210/20000] loss=1.5686 lr=1.941e-04 grad_norm=2.206 samples/s=75.41
[step 8220/20000] loss=1.0744 lr=1.938e-04 grad_norm=2.783 samples/s=75.42
[step 8230/20000] loss=1.1889 lr=1.936e-04 grad_norm=2.780 samples/s=75.41
[step 8240/20000] loss=0.6258 lr=1.934e-04 grad_norm=1.628 samples/s=75.42
[step 8250/20000] loss=1.3283 lr=1.932e-04 grad_norm=2.740 samples/s=75.41
[step 8260/20000] loss=1.1077 lr=1.929e-04 grad_norm=2.149 samples/s=75.41
[step 8270/20000] loss=1.5099 lr=1.927e-04 grad_norm=2.231 samples/s=75.41
[step 8280/20000] loss=1.0947 lr=1.925e-04 grad_norm=4.337 samples/s=75.44
[step 8290/20000] loss=0.8415 lr=1.923e-04 grad_norm=2.207 samples/s=75.44
[step 8300/20000] loss=1.8624 lr=1.920e-04 grad_norm=2.642 samples/s=75.46
[step 8310/20000] loss=1.1008 lr=1.918e-04 grad_norm=2.145 samples/s=75.44
[step 8320/20000] loss=0.8009 lr=1.916e-04 grad_norm=1.462 samples/s=75.44
[step 8330/20000] loss=1.4909 lr=1.914e-04 grad_norm=2.316 samples/s=75.43
[step 8340/20000] loss=1.5979 lr=1.911e-04 grad_norm=3.674 samples/s=75.44
[step 8350/20000] loss=0.9386 lr=1.909e-04 grad_norm=1.909 samples/s=75.42
[step 8360/20000] loss=1.2302 lr=1.907e-04 grad_norm=3.176 samples/s=75.42
[step 8370/20000] loss=1.0714 lr=1.904e-04 grad_norm=3.715 samples/s=75.40
[step 8380/20000] loss=1.5937 lr=1.902e-04 grad_norm=3.107 samples/s=75.41
[step 8390/20000] loss=0.7467 lr=1.900e-04 grad_norm=1.870 samples/s=75.42
[step 8400/20000] loss=1.2979 lr=1.898e-04 grad_norm=4.794 samples/s=75.43
[step 8410/20000] loss=1.3226 lr=1.895e-04 grad_norm=3.023 samples/s=75.42
[step 8420/20000] loss=0.9656 lr=1.893e-04 grad_norm=2.709 samples/s=75.43
[step 8430/20000] loss=1.0198 lr=1.891e-04 grad_norm=1.730 samples/s=75.43
[step 8440/20000] loss=1.7619 lr=1.889e-04 grad_norm=2.485 samples/s=75.44
[step 8450/20000] loss=1.6088 lr=1.886e-04 grad_norm=3.659 samples/s=75.42
[step 8460/20000] loss=1.1183 lr=1.884e-04 grad_norm=1.810 samples/s=75.43
[step 8470/20000] loss=1.1381 lr=1.882e-04 grad_norm=2.688 samples/s=75.43
[step 8480/20000] loss=0.9295 lr=1.880e-04 grad_norm=3.511 samples/s=75.42
[step 8490/20000] loss=1.8949 lr=1.877e-04 grad_norm=2.438 samples/s=75.43
[step 8500/20000] loss=1.1655 lr=1.875e-04 grad_norm=2.622 samples/s=75.43
[val step 8500] loss=1.3175792746543884 m01={'mean': 0.40883355492649237, 'median': 0.4088217158770179, 'p95': 0.6777062070020096, 'tail_frac_gt4px': 8.19000819000819e-05, 'n_matched': 12210} m02={'12-16': 0.9158016147635525, '16-32': 0.9536392024981984, '32-64': 0.9461479000257665, '64-128': 0.9418457648546145} m04={'accuracy': 0.9466830466830467, 'by_octave': {'12-16': 0.8564231738035264, '16-32': 0.9544080604534005, '32-64': 0.9705882352941176, '64-128': 0.9550335570469799}} diag={'gate3_alpha_mean': 0.25790923833847046, 'gate3_alpha_min': 0.01628875732421875, 'gate3_alpha_max': 0.9794921875, 'gate3_alpha_std': 0.149953231215477, 'gate3_alpha_p10': 0.0859375, 'gate3_alpha_p50': 0.23468017578125, 'gate3_alpha_p90': 0.4581298828125, 'block0_attn_entropy': 7.130221366882324, 'block1_attn_entropy': 7.433466911315918}
[step 8510/20000] loss=1.0117 lr=1.873e-04 grad_norm=1.326 samples/s=75.47
[step 8520/20000] loss=1.3538 lr=1.870e-04 grad_norm=2.551 samples/s=75.52
[step 8530/20000] loss=0.7071 lr=1.868e-04 grad_norm=2.700 samples/s=75.54
[step 8540/20000] loss=0.8229 lr=1.866e-04 grad_norm=2.030 samples/s=75.54
[step 8550/20000] loss=1.1535 lr=1.864e-04 grad_norm=2.035 samples/s=75.53
[step 8560/20000] loss=0.6540 lr=1.861e-04 grad_norm=1.136 samples/s=75.53
[step 8570/20000] loss=1.2538 lr=1.859e-04 grad_norm=2.370 samples/s=75.53
[step 8580/20000] loss=1.0548 lr=1.857e-04 grad_norm=2.286 samples/s=75.52
[step 8590/20000] loss=0.7179 lr=1.854e-04 grad_norm=1.799 samples/s=75.50
[step 8600/20000] loss=1.3131 lr=1.852e-04 grad_norm=2.688 samples/s=75.50
[step 8610/20000] loss=1.3165 lr=1.850e-04 grad_norm=3.006 samples/s=75.49
[step 8620/20000] loss=1.3738 lr=1.848e-04 grad_norm=1.890 samples/s=75.50
[step 8630/20000] loss=0.7619 lr=1.845e-04 grad_norm=2.162 samples/s=75.48
[step 8640/20000] loss=0.9931 lr=1.843e-04 grad_norm=1.848 samples/s=75.48
[step 8650/20000] loss=1.4518 lr=1.841e-04 grad_norm=1.872 samples/s=75.46
[step 8660/20000] loss=0.9512 lr=1.838e-04 grad_norm=2.702 samples/s=75.47
[step 8670/20000] loss=0.9659 lr=1.836e-04 grad_norm=1.702 samples/s=75.46
[step 8680/20000] loss=0.8563 lr=1.834e-04 grad_norm=1.694 samples/s=75.47
[step 8690/20000] loss=1.6188 lr=1.832e-04 grad_norm=3.781 samples/s=75.47
[step 8700/20000] loss=1.4510 lr=1.829e-04 grad_norm=2.695 samples/s=75.47
[step 8710/20000] loss=1.1811 lr=1.827e-04 grad_norm=2.244 samples/s=75.46
[step 8720/20000] loss=1.5375 lr=1.825e-04 grad_norm=2.043 samples/s=75.47
[step 8730/20000] loss=0.8175 lr=1.822e-04 grad_norm=2.044 samples/s=75.45
[step 8740/20000] loss=2.1565 lr=1.820e-04 grad_norm=4.444 samples/s=75.47
[step 8750/20000] loss=1.7589 lr=1.818e-04 grad_norm=4.530 samples/s=75.46
[step 8760/20000] loss=1.1793 lr=1.816e-04 grad_norm=2.394 samples/s=75.47
[step 8770/20000] loss=0.9712 lr=1.813e-04 grad_norm=2.534 samples/s=75.43
[step 8780/20000] loss=1.4303 lr=1.811e-04 grad_norm=1.964 samples/s=75.44
[step 8790/20000] loss=0.9164 lr=1.809e-04 grad_norm=3.986 samples/s=75.44
[step 8800/20000] loss=0.7877 lr=1.806e-04 grad_norm=2.229 samples/s=75.46
[step 8810/20000] loss=0.9465 lr=1.804e-04 grad_norm=2.259 samples/s=75.45
[step 8820/20000] loss=1.4362 lr=1.802e-04 grad_norm=3.170 samples/s=75.45
[step 8830/20000] loss=0.8589 lr=1.799e-04 grad_norm=1.672 samples/s=75.44
[step 8840/20000] loss=1.1619 lr=1.797e-04 grad_norm=2.707 samples/s=75.46
[step 8850/20000] loss=1.4371 lr=1.795e-04 grad_norm=2.774 samples/s=75.46
[step 8860/20000] loss=1.4276 lr=1.793e-04 grad_norm=2.598 samples/s=75.46
[step 8870/20000] loss=0.7689 lr=1.790e-04 grad_norm=1.557 samples/s=75.46
[step 8880/20000] loss=1.9218 lr=1.788e-04 grad_norm=3.153 samples/s=75.44
[step 8890/20000] loss=1.1063 lr=1.786e-04 grad_norm=2.694 samples/s=75.46
[step 8900/20000] loss=1.3293 lr=1.783e-04 grad_norm=3.182 samples/s=75.44
[step 8910/20000] loss=1.0376 lr=1.781e-04 grad_norm=2.948 samples/s=75.45
[step 8920/20000] loss=1.1261 lr=1.779e-04 grad_norm=1.439 samples/s=75.43
[step 8930/20000] loss=1.1194 lr=1.776e-04 grad_norm=2.369 samples/s=75.45
[step 8940/20000] loss=1.3597 lr=1.774e-04 grad_norm=3.461 samples/s=75.44
[step 8950/20000] loss=1.2867 lr=1.772e-04 grad_norm=2.847 samples/s=75.45
[step 8960/20000] loss=1.8949 lr=1.770e-04 grad_norm=2.007 samples/s=75.43
[step 8970/20000] loss=0.9917 lr=1.767e-04 grad_norm=1.626 samples/s=75.45
[step 8980/20000] loss=1.6723 lr=1.765e-04 grad_norm=2.329 samples/s=75.42
[step 8990/20000] loss=0.7462 lr=1.763e-04 grad_norm=1.899 samples/s=75.43
[step 9000/20000] loss=1.1931 lr=1.760e-04 grad_norm=1.925 samples/s=75.40
[val step 9000] loss=1.3138777132034303 m01={'mean': 0.40876303433082, 'median': 0.4087841254202532, 'p95': 0.6779920019134854, 'tail_frac_gt4px': 8.192692118630181e-05, 'n_matched': 12206} m02={'12-16': 0.9158016147635525, '16-32': 0.9536392024981984, '32-64': 0.9458902344756506, '64-128': 0.940897597977244} m04={'accuracy': 0.9476486973619531, 'by_octave': {'12-16': 0.8589420654911839, '16-32': 0.9556675062972292, '32-64': 0.9703078180332334, '64-128': 0.9563318777292577}} diag={'gate3_alpha_mean': 0.25912725925445557, 'gate3_alpha_min': 0.0164031982421875, 'gate3_alpha_max': 0.984130859375, 'gate3_alpha_std': 0.15125325322151184, 'gate3_alpha_p10': 0.0859375, 'gate3_alpha_p50': 0.23565673828125, 'gate3_alpha_p90': 0.460205078125, 'block0_attn_entropy': 7.1281208992004395, 'block1_attn_entropy': 7.443027496337891}
[step 9010/20000] loss=1.0009 lr=1.758e-04 grad_norm=1.852 samples/s=75.45
[step 9020/20000] loss=1.0927 lr=1.756e-04 grad_norm=1.864 samples/s=75.50
[step 9030/20000] loss=1.1398 lr=1.753e-04 grad_norm=1.942 samples/s=75.51
[step 9040/20000] loss=1.0343 lr=1.751e-04 grad_norm=2.168 samples/s=75.51
[step 9050/20000] loss=1.0927 lr=1.749e-04 grad_norm=1.869 samples/s=75.50
[step 9060/20000] loss=1.2567 lr=1.746e-04 grad_norm=4.054 samples/s=75.50
[step 9070/20000] loss=1.1744 lr=1.744e-04 grad_norm=3.031 samples/s=75.49
[step 9080/20000] loss=1.3806 lr=1.742e-04 grad_norm=2.592 samples/s=75.49
[step 9090/20000] loss=1.1084 lr=1.739e-04 grad_norm=2.477 samples/s=75.49
[step 9100/20000] loss=2.0205 lr=1.737e-04 grad_norm=4.506 samples/s=75.48
[step 9110/20000] loss=0.9629 lr=1.735e-04 grad_norm=2.243 samples/s=75.47
[step 9120/20000] loss=1.1671 lr=1.732e-04 grad_norm=1.523 samples/s=75.49
[step 9130/20000] loss=1.6577 lr=1.730e-04 grad_norm=3.090 samples/s=75.46
[step 9140/20000] loss=0.9430 lr=1.728e-04 grad_norm=1.720 samples/s=75.47
[step 9150/20000] loss=1.1184 lr=1.726e-04 grad_norm=1.801 samples/s=75.45
[step 9160/20000] loss=0.8142 lr=1.723e-04 grad_norm=1.701 samples/s=75.45
[step 9170/20000] loss=0.6678 lr=1.721e-04 grad_norm=2.520 samples/s=75.45
[step 9180/20000] loss=1.6875 lr=1.719e-04 grad_norm=2.981 samples/s=75.46
[step 9190/20000] loss=0.9253 lr=1.716e-04 grad_norm=3.472 samples/s=75.45
[step 9200/20000] loss=1.0281 lr=1.714e-04 grad_norm=2.733 samples/s=75.45
[step 9210/20000] loss=1.7657 lr=1.712e-04 grad_norm=2.818 samples/s=75.45
[step 9220/20000] loss=1.2886 lr=1.709e-04 grad_norm=3.529 samples/s=75.44
[step 9230/20000] loss=1.3903 lr=1.707e-04 grad_norm=2.923 samples/s=75.46
[step 9240/20000] loss=1.1839 lr=1.705e-04 grad_norm=2.864 samples/s=75.45
[step 9250/20000] loss=0.7507 lr=1.702e-04 grad_norm=1.801 samples/s=75.44
[step 9260/20000] loss=0.9561 lr=1.700e-04 grad_norm=1.666 samples/s=75.44
[step 9270/20000] loss=0.8587 lr=1.698e-04 grad_norm=1.367 samples/s=75.43
[step 9280/20000] loss=0.9270 lr=1.695e-04 grad_norm=1.449 samples/s=75.43
[step 9290/20000] loss=1.1378 lr=1.693e-04 grad_norm=2.159 samples/s=75.43
[step 9300/20000] loss=2.0229 lr=1.691e-04 grad_norm=3.724 samples/s=75.43
[step 9310/20000] loss=0.5745 lr=1.688e-04 grad_norm=1.740 samples/s=75.43
[step 9320/20000] loss=0.8745 lr=1.686e-04 grad_norm=2.357 samples/s=75.44
[step 9330/20000] loss=1.0820 lr=1.684e-04 grad_norm=1.690 samples/s=75.43
[step 9340/20000] loss=1.2440 lr=1.681e-04 grad_norm=2.658 samples/s=75.43
[step 9350/20000] loss=1.5127 lr=1.679e-04 grad_norm=3.105 samples/s=75.41
[step 9360/20000] loss=1.0650 lr=1.677e-04 grad_norm=2.013 samples/s=75.41
[step 9370/20000] loss=1.4808 lr=1.674e-04 grad_norm=4.177 samples/s=75.39
[step 9380/20000] loss=1.2694 lr=1.672e-04 grad_norm=2.916 samples/s=75.41
[step 9390/20000] loss=1.4473 lr=1.670e-04 grad_norm=1.961 samples/s=75.40
[step 9400/20000] loss=0.9930 lr=1.667e-04 grad_norm=5.375 samples/s=75.42
[step 9410/20000] loss=1.3055 lr=1.665e-04 grad_norm=4.372 samples/s=75.39
[step 9420/20000] loss=0.9649 lr=1.663e-04 grad_norm=2.469 samples/s=75.40
[step 9430/20000] loss=1.3601 lr=1.660e-04 grad_norm=1.447 samples/s=75.38
[step 9440/20000] loss=1.2831 lr=1.658e-04 grad_norm=3.456 samples/s=75.38
[step 9450/20000] loss=1.1999 lr=1.656e-04 grad_norm=2.689 samples/s=75.38
[step 9460/20000] loss=1.2006 lr=1.653e-04 grad_norm=1.803 samples/s=75.39
[step 9470/20000] loss=0.7202 lr=1.651e-04 grad_norm=2.036 samples/s=75.39
[step 9480/20000] loss=0.9746 lr=1.649e-04 grad_norm=2.758 samples/s=75.38
[step 9490/20000] loss=1.4146 lr=1.646e-04 grad_norm=2.388 samples/s=75.36
[step 9500/20000] loss=0.8044 lr=1.644e-04 grad_norm=1.414 samples/s=75.38
[val step 9500] loss=1.3084532279968262 m01={'mean': 0.40894118977376, 'median': 0.4087841254202532, 'p95': 0.6778112935357106, 'tail_frac_gt4px': 8.195377806916898e-05, 'n_matched': 12202} m02={'12-16': 0.9146482122260668, '16-32': 0.9541196252702379, '32-64': 0.9453749033754187, '64-128': 0.9402654867256637} m04={'accuracy': 0.9482052122602852, 'by_octave': {'12-16': 0.8593947036569988, '16-32': 0.9541792547834844, '32-64': 0.9730171708912511, '64-128': 0.9569747899159664}} diag={'gate3_alpha_mean': 0.25708910822868347, 'gate3_alpha_min': 0.01619720458984375, 'gate3_alpha_max': 0.98486328125, 'gate3_alpha_std': 0.15107053518295288, 'gate3_alpha_p10': 0.08484573662281036, 'gate3_alpha_p50': 0.23297119140625, 'gate3_alpha_p90': 0.458251953125, 'block0_attn_entropy': 7.125805854797363, 'block1_attn_entropy': 7.449596405029297}
[step 9510/20000] loss=1.1320 lr=1.642e-04 grad_norm=2.520 samples/s=75.43
[step 9520/20000] loss=1.1784 lr=1.639e-04 grad_norm=5.474 samples/s=75.48
[step 9530/20000] loss=1.0680 lr=1.637e-04 grad_norm=1.930 samples/s=75.46
[step 9540/20000] loss=0.7314 lr=1.635e-04 grad_norm=1.647 samples/s=75.45
[step 9550/20000] loss=0.9386 lr=1.632e-04 grad_norm=1.458 samples/s=75.41
[step 9560/20000] loss=1.4513 lr=1.630e-04 grad_norm=2.937 samples/s=75.42
[step 9570/20000] loss=0.8374 lr=1.628e-04 grad_norm=2.627 samples/s=75.42
[step 9580/20000] loss=0.8893 lr=1.625e-04 grad_norm=2.726 samples/s=75.44
[step 9590/20000] loss=1.9170 lr=1.623e-04 grad_norm=4.456 samples/s=75.43
[step 9600/20000] loss=1.0013 lr=1.621e-04 grad_norm=1.649 samples/s=75.43
[step 9610/20000] loss=1.9714 lr=1.618e-04 grad_norm=4.284 samples/s=75.43
[step 9620/20000] loss=1.7033 lr=1.616e-04 grad_norm=2.881 samples/s=75.41
[step 9630/20000] loss=1.3959 lr=1.614e-04 grad_norm=2.385 samples/s=75.42
[step 9640/20000] loss=0.9776 lr=1.611e-04 grad_norm=2.533 samples/s=75.42
[step 9650/20000] loss=1.3843 lr=1.609e-04 grad_norm=2.297 samples/s=75.42
[step 9660/20000] loss=1.1081 lr=1.607e-04 grad_norm=4.055 samples/s=75.40
[step 9670/20000] loss=1.2352 lr=1.604e-04 grad_norm=2.573 samples/s=75.41
[step 9680/20000] loss=1.9747 lr=1.602e-04 grad_norm=2.804 samples/s=75.36
[step 9690/20000] loss=1.6346 lr=1.600e-04 grad_norm=2.056 samples/s=75.38
[step 9700/20000] loss=0.9979 lr=1.597e-04 grad_norm=2.116 samples/s=75.36
[step 9710/20000] loss=1.4272 lr=1.595e-04 grad_norm=1.991 samples/s=75.38
[step 9720/20000] loss=1.0788 lr=1.593e-04 grad_norm=2.795 samples/s=75.36
[step 9730/20000] loss=1.3379 lr=1.590e-04 grad_norm=2.547 samples/s=75.37
[step 9740/20000] loss=0.9912 lr=1.588e-04 grad_norm=2.224 samples/s=75.37
[step 9750/20000] loss=1.1344 lr=1.586e-04 grad_norm=3.487 samples/s=75.37
[step 9760/20000] loss=1.1844 lr=1.583e-04 grad_norm=2.496 samples/s=75.38
[step 9770/20000] loss=1.3101 lr=1.581e-04 grad_norm=2.115 samples/s=75.37
[step 9780/20000] loss=1.0078 lr=1.579e-04 grad_norm=2.176 samples/s=75.37
[step 9790/20000] loss=0.9352 lr=1.576e-04 grad_norm=2.224 samples/s=75.35
[step 9800/20000] loss=1.4208 lr=1.574e-04 grad_norm=3.510 samples/s=75.34
[step 9810/20000] loss=1.3254 lr=1.571e-04 grad_norm=2.599 samples/s=75.31
[step 9820/20000] loss=0.7900 lr=1.569e-04 grad_norm=1.477 samples/s=75.30
[step 9830/20000] loss=1.0543 lr=1.567e-04 grad_norm=1.993 samples/s=75.28
[step 9840/20000] loss=1.0029 lr=1.564e-04 grad_norm=1.854 samples/s=75.29
[step 9850/20000] loss=1.0243 lr=1.562e-04 grad_norm=2.341 samples/s=75.28
[step 9860/20000] loss=1.5343 lr=1.560e-04 grad_norm=2.820 samples/s=75.28
[step 9870/20000] loss=1.3814 lr=1.557e-04 grad_norm=2.568 samples/s=75.26
[step 9880/20000] loss=0.8888 lr=1.555e-04 grad_norm=3.035 samples/s=75.27
[step 9890/20000] loss=1.4317 lr=1.553e-04 grad_norm=3.113 samples/s=75.24
[step 9900/20000] loss=1.0388 lr=1.550e-04 grad_norm=2.272 samples/s=75.25
[step 9910/20000] loss=0.9820 lr=1.548e-04 grad_norm=1.983 samples/s=75.23
[step 9920/20000] loss=1.0954 lr=1.546e-04 grad_norm=4.349 samples/s=75.24
[step 9930/20000] loss=2.3737 lr=1.543e-04 grad_norm=2.721 samples/s=75.23
[step 9940/20000] loss=1.3160 lr=1.541e-04 grad_norm=1.761 samples/s=75.21
[step 9950/20000] loss=1.1174 lr=1.539e-04 grad_norm=2.057 samples/s=75.21
[step 9960/20000] loss=0.7646 lr=1.536e-04 grad_norm=1.734 samples/s=75.20
[step 9970/20000] loss=0.9584 lr=1.534e-04 grad_norm=2.156 samples/s=75.21
[step 9980/20000] loss=1.1747 lr=1.532e-04 grad_norm=2.848 samples/s=75.18
[step 9990/20000] loss=0.8688 lr=1.529e-04 grad_norm=2.255 samples/s=75.20
[step 10000/20000] loss=1.1438 lr=1.527e-04 grad_norm=2.916 samples/s=75.18
[val step 10000] loss=1.3060167331695556 m01={'mean': 0.40895416784769234, 'median': 0.4087474996963729, 'p95': 0.6781430992066545, 'tail_frac_gt4px': 8.192020971573687e-05, 'n_matched': 12207} m02={'12-16': 0.9163783160322952, '16-32': 0.9538794138842182, '32-64': 0.9461479000257665, '64-128': 0.9402654867256637} m04={'accuracy': 0.9497009912345376, 'by_octave': {'12-16': 0.8609188168659534, '16-32': 0.9559304960967011, '32-64': 0.974400871459695, '64-128': 0.9583193277310924}} diag={'gate3_alpha_mean': 0.25630441308021545, 'gate3_alpha_min': 0.01619720458984375, 'gate3_alpha_max': 0.984130859375, 'gate3_alpha_std': 0.15064691007137299, 'gate3_alpha_p10': 0.0846405029296875, 'gate3_alpha_p50': 0.23236083984375, 'gate3_alpha_p90': 0.456787109375, 'block0_attn_entropy': 7.130179405212402, 'block1_attn_entropy': 7.460016250610352}
[step 10010/20000] loss=0.9152 lr=1.525e-04 grad_norm=1.680 samples/s=75.23
[step 10020/20000] loss=0.7397 lr=1.522e-04 grad_norm=2.314 samples/s=75.27
[step 10030/20000] loss=1.0778 lr=1.520e-04 grad_norm=2.680 samples/s=75.27
[step 10040/20000] loss=1.6964 lr=1.518e-04 grad_norm=3.268 samples/s=75.27
[step 10050/20000] loss=0.9906 lr=1.515e-04 grad_norm=2.945 samples/s=75.25
[step 10060/20000] loss=1.1901 lr=1.513e-04 grad_norm=2.848 samples/s=75.26
[step 10070/20000] loss=0.9622 lr=1.511e-04 grad_norm=2.297 samples/s=75.25
[step 10080/20000] loss=0.8357 lr=1.508e-04 grad_norm=3.327 samples/s=75.26
[step 10090/20000] loss=1.0899 lr=1.506e-04 grad_norm=3.105 samples/s=75.26
[step 10100/20000] loss=1.4463 lr=1.504e-04 grad_norm=2.631 samples/s=75.25
[step 10110/20000] loss=1.3517 lr=1.501e-04 grad_norm=2.812 samples/s=75.24
[step 10120/20000] loss=1.0674 lr=1.499e-04 grad_norm=1.740 samples/s=75.23
[step 10130/20000] loss=1.0694 lr=1.496e-04 grad_norm=4.335 samples/s=75.23
[step 10140/20000] loss=0.9534 lr=1.494e-04 grad_norm=2.575 samples/s=75.23
[step 10150/20000] loss=1.0487 lr=1.492e-04 grad_norm=3.572 samples/s=75.23
[step 10160/20000] loss=1.0585 lr=1.489e-04 grad_norm=2.224 samples/s=75.21
[step 10170/20000] loss=1.2492 lr=1.487e-04 grad_norm=2.063 samples/s=75.20
[step 10180/20000] loss=1.0780 lr=1.485e-04 grad_norm=2.862 samples/s=75.19
[step 10190/20000] loss=1.2739 lr=1.482e-04 grad_norm=4.183 samples/s=75.18
[step 10200/20000] loss=0.6791 lr=1.480e-04 grad_norm=2.165 samples/s=75.18
[step 10210/20000] loss=1.4800 lr=1.478e-04 grad_norm=2.218 samples/s=75.17
[step 10220/20000] loss=0.9582 lr=1.475e-04 grad_norm=1.911 samples/s=75.18
[step 10230/20000] loss=0.9914 lr=1.473e-04 grad_norm=1.693 samples/s=75.18
[step 10240/20000] loss=0.9629 lr=1.471e-04 grad_norm=2.596 samples/s=75.19
[step 10250/20000] loss=1.0256 lr=1.468e-04 grad_norm=1.838 samples/s=75.18
[step 10260/20000] loss=1.3181 lr=1.466e-04 grad_norm=3.736 samples/s=75.19
[step 10270/20000] loss=0.7204 lr=1.464e-04 grad_norm=1.602 samples/s=75.17
[step 10280/20000] loss=1.6727 lr=1.461e-04 grad_norm=2.423 samples/s=75.16
[step 10290/20000] loss=1.5492 lr=1.459e-04 grad_norm=2.178 samples/s=75.12
[step 10300/20000] loss=1.3126 lr=1.457e-04 grad_norm=2.921 samples/s=75.12
[step 10310/20000] loss=0.7335 lr=1.454e-04 grad_norm=1.506 samples/s=75.12
[step 10320/20000] loss=0.6205 lr=1.452e-04 grad_norm=1.856 samples/s=75.14
[step 10330/20000] loss=1.5985 lr=1.450e-04 grad_norm=2.193 samples/s=75.13
[step 10340/20000] loss=1.2465 lr=1.447e-04 grad_norm=2.328 samples/s=75.14
[step 10350/20000] loss=1.1638 lr=1.445e-04 grad_norm=1.639 samples/s=75.13
[step 10360/20000] loss=1.2117 lr=1.443e-04 grad_norm=2.261 samples/s=75.13
[step 10370/20000] loss=1.5168 lr=1.440e-04 grad_norm=3.086 samples/s=75.13
[step 10380/20000] loss=1.3345 lr=1.438e-04 grad_norm=3.257 samples/s=75.15
[step 10390/20000] loss=0.8107 lr=1.436e-04 grad_norm=2.067 samples/s=75.13
[step 10400/20000] loss=1.1415 lr=1.433e-04 grad_norm=1.623 samples/s=75.15
[step 10410/20000] loss=0.7963 lr=1.431e-04 grad_norm=2.993 samples/s=75.14
[step 10420/20000] loss=0.9870 lr=1.429e-04 grad_norm=2.435 samples/s=75.13
[step 10430/20000] loss=1.1326 lr=1.426e-04 grad_norm=2.604 samples/s=75.13
[step 10440/20000] loss=0.9629 lr=1.424e-04 grad_norm=2.391 samples/s=75.14
[step 10450/20000] loss=0.9188 lr=1.422e-04 grad_norm=1.777 samples/s=75.12
[step 10460/20000] loss=0.7300 lr=1.419e-04 grad_norm=1.647 samples/s=75.13
[step 10470/20000] loss=0.8844 lr=1.417e-04 grad_norm=1.964 samples/s=75.13
[step 10480/20000] loss=0.9351 lr=1.415e-04 grad_norm=1.415 samples/s=75.14
[step 10490/20000] loss=1.2440 lr=1.412e-04 grad_norm=1.326 samples/s=75.12
[step 10500/20000] loss=1.6888 lr=1.410e-04 grad_norm=2.352 samples/s=75.13
[val step 10500] loss=1.3041938862800597 m01={'mean': 0.4089767333304009, 'median': 0.4088226806099023, 'p95': 0.6780278314717192, 'tail_frac_gt4px': 8.194706219782021e-05, 'n_matched': 12203} m02={'12-16': 0.9152249134948097, '16-32': 0.9541196252702379, '32-64': 0.9456325689255347, '64-128': 0.9399494310998736} m04={'accuracy': 0.9507498156191101, 'by_octave': {'12-16': 0.8695652173913043, '16-32': 0.9566968781470292, '32-64': 0.9735694822888283, '64-128': 0.9579690652320108}} diag={'gate3_alpha_mean': 0.25449371337890625, 'gate3_alpha_min': 0.01583099365234375, 'gate3_alpha_max': 0.982666015625, 'gate3_alpha_std': 0.1500609964132309, 'gate3_alpha_p10': 0.08373184502124786, 'gate3_alpha_p50': 0.230377197265625, 'gate3_alpha_p90': 0.45458984375, 'block0_attn_entropy': 7.130209922790527, 'block1_attn_entropy': 7.444861888885498}
[step 10510/20000] loss=0.7597 lr=1.407e-04 grad_norm=3.470 samples/s=75.18
[step 10520/20000] loss=0.9995 lr=1.405e-04 grad_norm=1.516 samples/s=75.22
[step 10530/20000] loss=0.9868 lr=1.403e-04 grad_norm=1.592 samples/s=75.20
[step 10540/20000] loss=0.9197 lr=1.400e-04 grad_norm=2.006 samples/s=75.21
[step 10550/20000] loss=1.0504 lr=1.398e-04 grad_norm=2.078 samples/s=75.20
[step 10560/20000] loss=1.1753 lr=1.396e-04 grad_norm=3.086 samples/s=75.19
[step 10570/20000] loss=1.1644 lr=1.393e-04 grad_norm=3.495 samples/s=75.20
[step 10580/20000] loss=1.6267 lr=1.391e-04 grad_norm=2.536 samples/s=75.18
[step 10590/20000] loss=1.0844 lr=1.389e-04 grad_norm=1.884 samples/s=75.17
[step 10600/20000] loss=1.5789 lr=1.386e-04 grad_norm=2.580 samples/s=75.14
[step 10610/20000] loss=0.8351 lr=1.384e-04 grad_norm=3.500 samples/s=75.15
[step 10620/20000] loss=1.0423 lr=1.382e-04 grad_norm=2.511 samples/s=75.15
[step 10630/20000] loss=0.8149 lr=1.379e-04 grad_norm=1.398 samples/s=75.15
[step 10640/20000] loss=0.7198 lr=1.377e-04 grad_norm=1.445 samples/s=75.15
[step 10650/20000] loss=0.9658 lr=1.375e-04 grad_norm=2.622 samples/s=75.15
[step 10660/20000] loss=0.9921 lr=1.372e-04 grad_norm=1.998 samples/s=75.16
[step 10670/20000] loss=1.1313 lr=1.370e-04 grad_norm=4.422 samples/s=75.15
[step 10680/20000] loss=0.7458 lr=1.368e-04 grad_norm=1.583 samples/s=75.15
[step 10690/20000] loss=1.9242 lr=1.365e-04 grad_norm=3.157 samples/s=75.17
[step 10700/20000] loss=2.1691 lr=1.363e-04 grad_norm=5.071 samples/s=75.16
[step 10710/20000] loss=0.9356 lr=1.361e-04 grad_norm=1.905 samples/s=75.17
[step 10720/20000] loss=1.3458 lr=1.358e-04 grad_norm=3.385 samples/s=75.17
[step 10730/20000] loss=0.8573 lr=1.356e-04 grad_norm=2.750 samples/s=75.17
[step 10740/20000] loss=1.1955 lr=1.354e-04 grad_norm=2.045 samples/s=75.18
[step 10750/20000] loss=1.5588 lr=1.351e-04 grad_norm=4.584 samples/s=75.17
[step 10760/20000] loss=1.0228 lr=1.349e-04 grad_norm=3.659 samples/s=75.17
[step 10770/20000] loss=0.6611 lr=1.347e-04 grad_norm=1.259 samples/s=75.16
[step 10780/20000] loss=0.7519 lr=1.344e-04 grad_norm=1.207 samples/s=75.17
[step 10790/20000] loss=1.2439 lr=1.342e-04 grad_norm=1.680 samples/s=75.16
[step 10800/20000] loss=1.0735 lr=1.340e-04 grad_norm=2.450 samples/s=75.17
[step 10810/20000] loss=1.0456 lr=1.337e-04 grad_norm=2.412 samples/s=75.14
[step 10820/20000] loss=1.0017 lr=1.335e-04 grad_norm=3.927 samples/s=75.15
[step 10830/20000] loss=1.3505 lr=1.333e-04 grad_norm=2.870 samples/s=75.15
[step 10840/20000] loss=0.6857 lr=1.331e-04 grad_norm=1.246 samples/s=75.15
[step 10850/20000] loss=1.2283 lr=1.328e-04 grad_norm=2.380 samples/s=75.15
[step 10860/20000] loss=0.6761 lr=1.326e-04 grad_norm=1.236 samples/s=75.14
[step 10870/20000] loss=1.2433 lr=1.324e-04 grad_norm=1.979 samples/s=75.15
[step 10880/20000] loss=1.0914 lr=1.321e-04 grad_norm=1.588 samples/s=75.13
[step 10890/20000] loss=0.6408 lr=1.319e-04 grad_norm=1.408 samples/s=75.14
[step 10900/20000] loss=0.9842 lr=1.317e-04 grad_norm=3.007 samples/s=75.13
[step 10910/20000] loss=1.3069 lr=1.314e-04 grad_norm=3.572 samples/s=75.14
[step 10920/20000] loss=0.7779 lr=1.312e-04 grad_norm=1.771 samples/s=75.12
[step 10930/20000] loss=1.1178 lr=1.310e-04 grad_norm=3.123 samples/s=75.13
[step 10940/20000] loss=0.9657 lr=1.307e-04 grad_norm=1.777 samples/s=75.12
[step 10950/20000] loss=1.0745 lr=1.305e-04 grad_norm=2.145 samples/s=75.12
[step 10960/20000] loss=1.6609 lr=1.303e-04 grad_norm=1.966 samples/s=75.11
[step 10970/20000] loss=0.9566 lr=1.300e-04 grad_norm=1.568 samples/s=75.12
[step 10980/20000] loss=0.6366 lr=1.298e-04 grad_norm=1.843 samples/s=75.11
[step 10990/20000] loss=0.9590 lr=1.296e-04 grad_norm=2.584 samples/s=75.11
[step 11000/20000] loss=0.7878 lr=1.293e-04 grad_norm=2.456 samples/s=75.10
[val step 11000] loss=1.2996293177604676 m01={'mean': 0.40880068429948624, 'median': 0.40856383849679545, 'p95': 0.6783037673740423, 'tail_frac_gt4px': 8.197393228953193e-05, 'n_matched': 12199} m02={'12-16': 0.9152249134948097, '16-32': 0.9538794138842182, '32-64': 0.9446019067250708, '64-128': 0.9402654867256637} m04={'accuracy': 0.9510615624231494, 'by_octave': {'12-16': 0.8645242596093258, '16-32': 0.9587005791991942, '32-64': 0.9735406437534098, '64-128': 0.959327731092437}} diag={'gate3_alpha_mean': 0.25463688373565674, 'gate3_alpha_min': 0.01581573486328125, 'gate3_alpha_max': 0.984130859375, 'gate3_alpha_std': 0.15103031694889069, 'gate3_alpha_p10': 0.083221435546875, 'gate3_alpha_p50': 0.22979736328125, 'gate3_alpha_p90': 0.456787109375, 'block0_attn_entropy': 7.129507064819336, 'block1_attn_entropy': 7.451844215393066}
[step 11010/20000] loss=1.0469 lr=1.291e-04 grad_norm=2.742 samples/s=75.14
[step 11020/20000] loss=0.9797 lr=1.289e-04 grad_norm=2.162 samples/s=75.19
[step 11030/20000] loss=1.8893 lr=1.286e-04 grad_norm=3.356 samples/s=75.19
[step 11040/20000] loss=1.1028 lr=1.284e-04 grad_norm=2.281 samples/s=75.19
[step 11050/20000] loss=1.5451 lr=1.282e-04 grad_norm=2.809 samples/s=75.19
[step 11060/20000] loss=1.0563 lr=1.279e-04 grad_norm=2.670 samples/s=75.18
[step 11070/20000] loss=0.9443 lr=1.277e-04 grad_norm=2.926 samples/s=75.16
[step 11080/20000] loss=0.8481 lr=1.275e-04 grad_norm=1.867 samples/s=75.17
[step 11090/20000] loss=1.4602 lr=1.273e-04 grad_norm=2.381 samples/s=75.17
[step 11100/20000] loss=0.9810 lr=1.270e-04 grad_norm=1.978 samples/s=75.18
[step 11110/20000] loss=1.1308 lr=1.268e-04 grad_norm=3.171 samples/s=75.16
[step 11120/20000] loss=0.9632 lr=1.266e-04 grad_norm=2.871 samples/s=75.17
[step 11130/20000] loss=0.9544 lr=1.263e-04 grad_norm=2.776 samples/s=75.17
[step 11140/20000] loss=1.2976 lr=1.261e-04 grad_norm=3.329 samples/s=75.18
[step 11150/20000] loss=0.6957 lr=1.259e-04 grad_norm=3.289 samples/s=75.17
[step 11160/20000] loss=1.2258 lr=1.256e-04 grad_norm=2.019 samples/s=75.18
[step 11170/20000] loss=1.3097 lr=1.254e-04 grad_norm=2.292 samples/s=75.17
[step 11180/20000] loss=0.8571 lr=1.252e-04 grad_norm=2.428 samples/s=75.17
[step 11190/20000] loss=1.1185 lr=1.249e-04 grad_norm=3.352 samples/s=75.17
[step 11200/20000] loss=0.5813 lr=1.247e-04 grad_norm=1.480 samples/s=75.16
[step 11210/20000] loss=0.6324 lr=1.245e-04 grad_norm=1.217 samples/s=75.17
[step 11220/20000] loss=0.8706 lr=1.242e-04 grad_norm=1.759 samples/s=75.16
[step 11230/20000] loss=1.8132 lr=1.240e-04 grad_norm=3.273 samples/s=75.16
[step 11240/20000] loss=1.7377 lr=1.238e-04 grad_norm=3.084 samples/s=75.16
[step 11250/20000] loss=0.9682 lr=1.236e-04 grad_norm=1.558 samples/s=75.16
[step 11260/20000] loss=0.7320 lr=1.233e-04 grad_norm=1.854 samples/s=75.17
[step 11270/20000] loss=1.4878 lr=1.231e-04 grad_norm=2.834 samples/s=75.17
[step 11280/20000] loss=0.8771 lr=1.229e-04 grad_norm=2.437 samples/s=75.16
[step 11290/20000] loss=1.5020 lr=1.226e-04 grad_norm=1.966 samples/s=75.16
[step 11300/20000] loss=1.2122 lr=1.224e-04 grad_norm=2.851 samples/s=75.16
[step 11310/20000] loss=0.5467 lr=1.222e-04 grad_norm=1.374 samples/s=75.15
[step 11320/20000] loss=1.2298 lr=1.219e-04 grad_norm=2.251 samples/s=75.13
[step 11330/20000] loss=1.6290 lr=1.217e-04 grad_norm=3.509 samples/s=75.10
[step 11340/20000] loss=1.5196 lr=1.215e-04 grad_norm=4.123 samples/s=75.11
[step 11350/20000] loss=0.8399 lr=1.213e-04 grad_norm=1.569 samples/s=75.11
[step 11360/20000] loss=0.7373 lr=1.210e-04 grad_norm=1.430 samples/s=75.11
[step 11370/20000] loss=1.0454 lr=1.208e-04 grad_norm=2.288 samples/s=75.10
[step 11380/20000] loss=0.9581 lr=1.206e-04 grad_norm=1.697 samples/s=75.11
[step 11390/20000] loss=0.7178 lr=1.203e-04 grad_norm=1.721 samples/s=75.10
[step 11400/20000] loss=0.8759 lr=1.201e-04 grad_norm=1.598 samples/s=75.11
[step 11410/20000] loss=1.2491 lr=1.199e-04 grad_norm=2.926 samples/s=75.09
[step 11420/20000] loss=1.4679 lr=1.197e-04 grad_norm=2.205 samples/s=75.09
[step 11430/20000] loss=1.3914 lr=1.194e-04 grad_norm=4.100 samples/s=75.08
[step 11440/20000] loss=1.3557 lr=1.192e-04 grad_norm=1.808 samples/s=75.08
[step 11450/20000] loss=0.7988 lr=1.190e-04 grad_norm=2.190 samples/s=75.07
[step 11460/20000] loss=1.8001 lr=1.187e-04 grad_norm=2.278 samples/s=75.07
[step 11470/20000] loss=1.1872 lr=1.185e-04 grad_norm=2.540 samples/s=75.06
[step 11480/20000] loss=1.1390 lr=1.183e-04 grad_norm=2.373 samples/s=75.07
[step 11490/20000] loss=1.1166 lr=1.181e-04 grad_norm=2.822 samples/s=75.07
[step 11500/20000] loss=0.8719 lr=1.178e-04 grad_norm=1.507 samples/s=75.07
[val step 11500] loss=1.2985373883247375 m01={'mean': 0.40900486146412096, 'median': 0.4087841254202532, 'p95': 0.6781483126934594, 'tail_frac_gt4px': 8.192692118630181e-05, 'n_matched': 12206} m02={'12-16': 0.9152249134948097, '16-32': 0.9543598366562575, '32-64': 0.9458902344756506, '64-128': 0.9402654867256637} m04={'accuracy': 0.9517450434212682, 'by_octave': {'12-16': 0.867044738500315, '16-32': 0.9599798640825573, '32-64': 0.9746663034595479, '64-128': 0.9576470588235294}} diag={'gate3_alpha_mean': 0.25265273451805115, 'gate3_alpha_min': 0.01558685302734375, 'gate3_alpha_max': 0.9833984375, 'gate3_alpha_std': 0.15007446706295013, 'gate3_alpha_p10': 0.0827178955078125, 'gate3_alpha_p50': 0.227783203125, 'gate3_alpha_p90': 0.452880859375, 'block0_attn_entropy': 7.128451347351074, 'block1_attn_entropy': 7.464738845825195}
[step 11510/20000] loss=0.8849 lr=1.176e-04 grad_norm=2.464 samples/s=75.11
[step 11520/20000] loss=1.6246 lr=1.174e-04 grad_norm=1.997 samples/s=75.15
[step 11530/20000] loss=0.8714 lr=1.171e-04 grad_norm=2.357 samples/s=75.14
[step 11540/20000] loss=1.0853 lr=1.169e-04 grad_norm=1.628 samples/s=75.13
[step 11550/20000] loss=0.6997 lr=1.167e-04 grad_norm=1.798 samples/s=75.13
[step 11560/20000] loss=1.0210 lr=1.165e-04 grad_norm=1.997 samples/s=75.11
[step 11570/20000] loss=0.7674 lr=1.162e-04 grad_norm=2.278 samples/s=75.11
[step 11580/20000] loss=0.9310 lr=1.160e-04 grad_norm=1.832 samples/s=75.10
[step 11590/20000] loss=1.0624 lr=1.158e-04 grad_norm=2.427 samples/s=75.11
[step 11600/20000] loss=1.3497 lr=1.155e-04 grad_norm=1.915 samples/s=75.11
[step 11610/20000] loss=1.3759 lr=1.153e-04 grad_norm=2.420 samples/s=75.12
[step 11620/20000] loss=1.9797 lr=1.151e-04 grad_norm=2.796 samples/s=75.12
[step 11630/20000] loss=1.3223 lr=1.149e-04 grad_norm=2.444 samples/s=75.13
[step 11640/20000] loss=1.0100 lr=1.146e-04 grad_norm=2.108 samples/s=75.11
[step 11650/20000] loss=0.8456 lr=1.144e-04 grad_norm=1.435 samples/s=75.11
[step 11660/20000] loss=1.1211 lr=1.142e-04 grad_norm=3.361 samples/s=75.09
[step 11670/20000] loss=0.9359 lr=1.140e-04 grad_norm=1.517 samples/s=75.10
[step 11680/20000] loss=1.0749 lr=1.137e-04 grad_norm=2.430 samples/s=75.08
[step 11690/20000] loss=1.3150 lr=1.135e-04 grad_norm=2.745 samples/s=75.08
[step 11700/20000] loss=0.8059 lr=1.133e-04 grad_norm=1.292 samples/s=75.08
[step 11710/20000] loss=0.9171 lr=1.131e-04 grad_norm=1.807 samples/s=75.09
[step 11720/20000] loss=1.9506 lr=1.128e-04 grad_norm=2.702 samples/s=75.08
[step 11730/20000] loss=1.4952 lr=1.126e-04 grad_norm=2.416 samples/s=75.09
[step 11740/20000] loss=1.1175 lr=1.124e-04 grad_norm=2.552 samples/s=75.09
[step 11750/20000] loss=1.4952 lr=1.121e-04 grad_norm=3.048 samples/s=75.10
[step 11760/20000] loss=1.0514 lr=1.119e-04 grad_norm=2.731 samples/s=75.09
[step 11770/20000] loss=1.6857 lr=1.117e-04 grad_norm=4.785 samples/s=75.10
[step 11780/20000] loss=1.0089 lr=1.115e-04 grad_norm=2.185 samples/s=75.09
[step 11790/20000] loss=1.4156 lr=1.112e-04 grad_norm=1.995 samples/s=75.10
[step 11800/20000] loss=1.2202 lr=1.110e-04 grad_norm=3.371 samples/s=75.08
[step 11810/20000] loss=0.9763 lr=1.108e-04 grad_norm=2.722 samples/s=75.09
[step 11820/20000] loss=0.7413 lr=1.106e-04 grad_norm=1.035 samples/s=75.08
[step 11830/20000] loss=1.4555 lr=1.103e-04 grad_norm=2.812 samples/s=75.08
[step 11840/20000] loss=1.3676 lr=1.101e-04 grad_norm=2.233 samples/s=75.08
[step 11850/20000] loss=1.3117 lr=1.099e-04 grad_norm=1.997 samples/s=75.09
[step 11860/20000] loss=1.0473 lr=1.097e-04 grad_norm=1.900 samples/s=75.08
[step 11870/20000] loss=1.6169 lr=1.094e-04 grad_norm=2.952 samples/s=75.09
[step 11880/20000] loss=1.2900 lr=1.092e-04 grad_norm=1.738 samples/s=75.08
[step 11890/20000] loss=0.9583 lr=1.090e-04 grad_norm=2.143 samples/s=75.08
[step 11900/20000] loss=0.9509 lr=1.088e-04 grad_norm=1.995 samples/s=75.07
[step 11910/20000] loss=1.3521 lr=1.085e-04 grad_norm=4.479 samples/s=75.07
[step 11920/20000] loss=0.9149 lr=1.083e-04 grad_norm=1.877 samples/s=75.06
[step 11930/20000] loss=1.4993 lr=1.081e-04 grad_norm=1.931 samples/s=75.08
[step 11940/20000] loss=0.9631 lr=1.079e-04 grad_norm=2.558 samples/s=75.06
[step 11950/20000] loss=1.4948 lr=1.076e-04 grad_norm=2.706 samples/s=75.06
[step 11960/20000] loss=1.4311 lr=1.074e-04 grad_norm=2.976 samples/s=75.06
[step 11970/20000] loss=2.2457 lr=1.072e-04 grad_norm=3.224 samples/s=75.06
[step 11980/20000] loss=0.8976 lr=1.070e-04 grad_norm=2.329 samples/s=75.05
[step 11990/20000] loss=1.0847 lr=1.067e-04 grad_norm=2.060 samples/s=75.06
[step 12000/20000] loss=0.8196 lr=1.065e-04 grad_norm=1.875 samples/s=75.05
[val step 12000] loss=1.2949852423667907 m01={'mean': 0.40878428525381705, 'median': 0.4088207511441335, 'p95': 0.6771072149456842, 'tail_frac_gt4px': 8.19336337566571e-05, 'n_matched': 12205} m02={'12-16': 0.9152249134948097, '16-32': 0.9533989911121787, '32-64': 0.9461479000257665, '64-128': 0.940897597977244} m04={'accuracy': 0.9519049569848422, 'by_octave': {'12-16': 0.8664146187775678, '16-32': 0.9589317208364827, '32-64': 0.9752178649237473, '64-128': 0.9593550554249244}} diag={'gate3_alpha_mean': 0.2518148720264435, 'gate3_alpha_min': 0.01558685302734375, 'gate3_alpha_max': 0.983154296875, 'gate3_alpha_std': 0.14914774894714355, 'gate3_alpha_p10': 0.082977294921875, 'gate3_alpha_p50': 0.2274169921875, 'gate3_alpha_p90': 0.4498291015625, 'block0_attn_entropy': 7.130049228668213, 'block1_attn_entropy': 7.447361946105957}
[step 12010/20000] loss=1.2280 lr=1.063e-04 grad_norm=1.881 samples/s=75.09
[step 12020/20000] loss=1.0168 lr=1.061e-04 grad_norm=2.148 samples/s=75.13
[step 12030/20000] loss=1.8146 lr=1.059e-04 grad_norm=2.580 samples/s=75.13
[step 12040/20000] loss=1.5739 lr=1.056e-04 grad_norm=2.699 samples/s=75.12
[step 12050/20000] loss=0.7976 lr=1.054e-04 grad_norm=2.158 samples/s=75.12
[step 12060/20000] loss=0.8929 lr=1.052e-04 grad_norm=2.053 samples/s=75.13
[step 12070/20000] loss=1.5712 lr=1.050e-04 grad_norm=3.140 samples/s=75.12
[step 12080/20000] loss=1.1702 lr=1.047e-04 grad_norm=3.648 samples/s=75.13
[step 12090/20000] loss=0.7720 lr=1.045e-04 grad_norm=1.692 samples/s=75.12
[step 12100/20000] loss=0.7182 lr=1.043e-04 grad_norm=1.597 samples/s=75.11
[step 12110/20000] loss=1.0481 lr=1.041e-04 grad_norm=2.586 samples/s=75.11
[step 12120/20000] loss=1.2936 lr=1.039e-04 grad_norm=2.123 samples/s=75.10
[step 12130/20000] loss=1.0629 lr=1.036e-04 grad_norm=2.980 samples/s=75.11
[step 12140/20000] loss=1.5028 lr=1.034e-04 grad_norm=2.207 samples/s=75.09
[step 12150/20000] loss=1.5149 lr=1.032e-04 grad_norm=1.811 samples/s=75.09
[step 12160/20000] loss=1.0945 lr=1.030e-04 grad_norm=2.391 samples/s=75.07
[step 12170/20000] loss=1.0135 lr=1.027e-04 grad_norm=2.886 samples/s=75.09
[step 12180/20000] loss=1.2720 lr=1.025e-04 grad_norm=2.619 samples/s=75.07
[step 12190/20000] loss=1.1562 lr=1.023e-04 grad_norm=2.317 samples/s=75.08
[step 12200/20000] loss=1.7814 lr=1.021e-04 grad_norm=3.358 samples/s=75.07
[step 12210/20000] loss=0.9864 lr=1.019e-04 grad_norm=1.585 samples/s=75.08
[step 12220/20000] loss=1.3433 lr=1.016e-04 grad_norm=2.150 samples/s=75.07
[step 12230/20000] loss=1.0741 lr=1.014e-04 grad_norm=2.459 samples/s=75.08
[step 12240/20000] loss=1.1218 lr=1.012e-04 grad_norm=2.578 samples/s=75.07
[step 12250/20000] loss=1.0454 lr=1.010e-04 grad_norm=1.649 samples/s=75.08
[step 12260/20000] loss=1.0539 lr=1.008e-04 grad_norm=2.443 samples/s=75.08
[step 12270/20000] loss=1.1612 lr=1.005e-04 grad_norm=3.394 samples/s=75.08
[step 12280/20000] loss=0.9037 lr=1.003e-04 grad_norm=3.100 samples/s=75.09
[step 12290/20000] loss=1.1752 lr=1.001e-04 grad_norm=2.190 samples/s=75.08
[step 12300/20000] loss=0.6760 lr=9.988e-05 grad_norm=1.495 samples/s=75.08
[step 12310/20000] loss=0.7313 lr=9.966e-05 grad_norm=2.014 samples/s=75.07
[step 12320/20000] loss=1.1021 lr=9.944e-05 grad_norm=2.412 samples/s=75.08
[step 12330/20000] loss=1.9216 lr=9.922e-05 grad_norm=4.000 samples/s=75.07
[step 12340/20000] loss=1.2611 lr=9.900e-05 grad_norm=2.571 samples/s=75.08
[step 12350/20000] loss=2.1435 lr=9.878e-05 grad_norm=4.230 samples/s=75.08
[step 12360/20000] loss=1.3055 lr=9.856e-05 grad_norm=2.557 samples/s=75.08
[step 12370/20000] loss=0.8081 lr=9.834e-05 grad_norm=2.090 samples/s=75.07
[step 12380/20000] loss=0.7907 lr=9.812e-05 grad_norm=1.786 samples/s=75.08
[step 12390/20000] loss=1.7417 lr=9.790e-05 grad_norm=2.469 samples/s=75.07
[step 12400/20000] loss=1.3423 lr=9.768e-05 grad_norm=2.505 samples/s=75.06
[step 12410/20000] loss=1.1211 lr=9.747e-05 grad_norm=2.220 samples/s=75.06
[step 12420/20000] loss=1.2127 lr=9.725e-05 grad_norm=2.309 samples/s=75.06
[step 12430/20000] loss=0.9347 lr=9.703e-05 grad_norm=3.147 samples/s=75.05
[step 12440/20000] loss=1.1491 lr=9.681e-05 grad_norm=1.259 samples/s=75.07
[step 12450/20000] loss=0.8530 lr=9.659e-05 grad_norm=2.151 samples/s=75.06
[step 12460/20000] loss=1.1347 lr=9.638e-05 grad_norm=2.384 samples/s=75.04
[step 12470/20000] loss=0.9425 lr=9.616e-05 grad_norm=1.604 samples/s=75.04
[step 12480/20000] loss=0.5984 lr=9.594e-05 grad_norm=1.443 samples/s=75.03
[step 12490/20000] loss=1.6538 lr=9.572e-05 grad_norm=3.420 samples/s=75.04
[step 12500/20000] loss=1.3759 lr=9.551e-05 grad_norm=2.565 samples/s=75.02
[val step 12500] loss=1.2952129459381103 m01={'mean': 0.4092162580005581, 'median': 0.40882578177069195, 'p95': 0.6783098049132702, 'tail_frac_gt4px': 8.1913499344692e-05, 'n_matched': 12208} m02={'12-16': 0.9158016147635525, '16-32': 0.9533989911121787, '32-64': 0.9458902344756506, '64-128': 0.9418457648546145} m04={'accuracy': 0.9532273918741808, 'by_octave': {'12-16': 0.8709068010075567, '16-32': 0.9591836734693877, '32-64': 0.9757559248161264, '64-128': 0.9614093959731543}} diag={'gate3_alpha_mean': 0.25063613057136536, 'gate3_alpha_min': 0.01544952392578125, 'gate3_alpha_max': 0.984130859375, 'gate3_alpha_std': 0.14951670169830322, 'gate3_alpha_p10': 0.0822601318359375, 'gate3_alpha_p50': 0.22564697265625, 'gate3_alpha_p90': 0.448974609375, 'block0_attn_entropy': 7.127084255218506, 'block1_attn_entropy': 7.4613518714904785}
[step 12510/20000] loss=0.9773 lr=9.529e-05 grad_norm=2.427 samples/s=75.06
[step 12520/20000] loss=1.3641 lr=9.507e-05 grad_norm=3.117 samples/s=75.09
[step 12530/20000] loss=1.3105 lr=9.486e-05 grad_norm=1.976 samples/s=75.09
[step 12540/20000] loss=1.1134 lr=9.464e-05 grad_norm=3.594 samples/s=75.09
[step 12550/20000] loss=1.9435 lr=9.442e-05 grad_norm=2.533 samples/s=75.09
[step 12560/20000] loss=1.2925 lr=9.421e-05 grad_norm=4.344 samples/s=75.09
[step 12570/20000] loss=1.0747 lr=9.399e-05 grad_norm=2.244 samples/s=75.07
[step 12580/20000] loss=1.4817 lr=9.377e-05 grad_norm=2.728 samples/s=75.08
[step 12590/20000] loss=1.3340 lr=9.356e-05 grad_norm=2.346 samples/s=75.08
[step 12600/20000] loss=1.7855 lr=9.334e-05 grad_norm=2.609 samples/s=75.08
[step 12610/20000] loss=1.1946 lr=9.313e-05 grad_norm=2.220 samples/s=75.06
[step 12620/20000] loss=1.1520 lr=9.291e-05 grad_norm=4.805 samples/s=75.06
[step 12630/20000] loss=1.0808 lr=9.270e-05 grad_norm=2.120 samples/s=75.05
[step 12640/20000] loss=0.8799 lr=9.248e-05 grad_norm=2.249 samples/s=75.06
[step 12650/20000] loss=1.1485 lr=9.227e-05 grad_norm=2.536 samples/s=75.05
[step 12660/20000] loss=0.9793 lr=9.205e-05 grad_norm=2.097 samples/s=75.06
[step 12670/20000] loss=0.8576 lr=9.184e-05 grad_norm=2.444 samples/s=75.05
[step 12680/20000] loss=0.7811 lr=9.162e-05 grad_norm=2.523 samples/s=75.06
[step 12690/20000] loss=1.1329 lr=9.141e-05 grad_norm=2.382 samples/s=75.05
[step 12700/20000] loss=0.8298 lr=9.119e-05 grad_norm=3.091 samples/s=75.06
[step 12710/20000] loss=0.9068 lr=9.098e-05 grad_norm=2.114 samples/s=75.05
[step 12720/20000] loss=1.5543 lr=9.076e-05 grad_norm=2.793 samples/s=75.06
[step 12730/20000] loss=1.5874 lr=9.055e-05 grad_norm=2.881 samples/s=75.04
[step 12740/20000] loss=1.0838 lr=9.034e-05 grad_norm=1.913 samples/s=75.05
[step 12750/20000] loss=1.0500 lr=9.012e-05 grad_norm=5.570 samples/s=75.05
[step 12760/20000] loss=0.7127 lr=8.991e-05 grad_norm=1.759 samples/s=75.05
[step 12770/20000] loss=0.7840 lr=8.970e-05 grad_norm=2.795 samples/s=75.05
[step 12780/20000] loss=1.0777 lr=8.948e-05 grad_norm=2.577 samples/s=75.05
[step 12790/20000] loss=1.3946 lr=8.927e-05 grad_norm=3.240 samples/s=75.04
[step 12800/20000] loss=0.6857 lr=8.906e-05 grad_norm=2.461 samples/s=75.05
[step 12810/20000] loss=0.8180 lr=8.885e-05 grad_norm=2.534 samples/s=75.04
[step 12820/20000] loss=0.5225 lr=8.863e-05 grad_norm=1.863 samples/s=75.04
[step 12830/20000] loss=1.0748 lr=8.842e-05 grad_norm=3.093 samples/s=75.03
[step 12840/20000] loss=1.3851 lr=8.821e-05 grad_norm=1.450 samples/s=75.04
[step 12850/20000] loss=1.2147 lr=8.800e-05 grad_norm=2.449 samples/s=75.03
[step 12860/20000] loss=0.6823 lr=8.778e-05 grad_norm=2.013 samples/s=75.03
[step 12870/20000] loss=0.9131 lr=8.757e-05 grad_norm=2.597 samples/s=75.01
[step 12880/20000] loss=1.1633 lr=8.736e-05 grad_norm=1.978 samples/s=75.01
[step 12890/20000] loss=1.6617 lr=8.715e-05 grad_norm=1.998 samples/s=75.00
[step 12900/20000] loss=1.4181 lr=8.694e-05 grad_norm=1.685 samples/s=75.00
[step 12910/20000] loss=1.1861 lr=8.673e-05 grad_norm=2.255 samples/s=75.00
[step 12920/20000] loss=1.0498 lr=8.652e-05 grad_norm=1.995 samples/s=75.00
[step 12930/20000] loss=0.7743 lr=8.631e-05 grad_norm=1.952 samples/s=75.00
[step 12940/20000] loss=0.8307 lr=8.610e-05 grad_norm=2.158 samples/s=75.01
[step 12950/20000] loss=1.1918 lr=8.588e-05 grad_norm=2.987 samples/s=75.01
[step 12960/20000] loss=1.1125 lr=8.567e-05 grad_norm=2.379 samples/s=75.01
[step 12970/20000] loss=0.9857 lr=8.546e-05 grad_norm=1.838 samples/s=75.00
[step 12980/20000] loss=1.2334 lr=8.525e-05 grad_norm=2.387 samples/s=75.01
[step 12990/20000] loss=2.0721 lr=8.505e-05 grad_norm=3.253 samples/s=75.00
[step 13000/20000] loss=0.8075 lr=8.484e-05 grad_norm=1.561 samples/s=75.01
[val step 13000] loss=1.2926842942237855 m01={'mean': 0.408692590650587, 'median': 0.40864386144576836, 'p95': 0.6771988374128666, 'tail_frac_gt4px': 8.19336337566571e-05, 'n_matched': 12205} m02={'12-16': 0.9158016147635525, '16-32': 0.9533989911121787, '32-64': 0.9458902344756506, '64-128': 0.940897597977244} m04={'accuracy': 0.954117165096272, 'by_octave': {'12-16': 0.8709068010075567, '16-32': 0.9601914840010078, '32-64': 0.9771179515118497, '64-128': 0.9620423244877393}} diag={'gate3_alpha_mean': 0.24986697733402252, 'gate3_alpha_min': 0.01558685302734375, 'gate3_alpha_max': 0.982421875, 'gate3_alpha_std': 0.14840228855609894, 'gate3_alpha_p10': 0.0823211669921875, 'gate3_alpha_p50': 0.2252197265625, 'gate3_alpha_p90': 0.4471435546875, 'block0_attn_entropy': 7.127779960632324, 'block1_attn_entropy': 7.446733474731445}
[step 13010/20000] loss=1.2565 lr=8.463e-05 grad_norm=2.591 samples/s=75.05
[step 13020/20000] loss=1.1610 lr=8.442e-05 grad_norm=2.117 samples/s=75.08
[step 13030/20000] loss=1.6330 lr=8.421e-05 grad_norm=2.346 samples/s=75.08
[step 13040/20000] loss=1.4085 lr=8.400e-05 grad_norm=2.443 samples/s=75.09
[step 13050/20000] loss=0.9300 lr=8.379e-05 grad_norm=2.028 samples/s=75.08
[step 13060/20000] loss=1.0188 lr=8.358e-05 grad_norm=2.434 samples/s=75.08
[step 13070/20000] loss=1.3270 lr=8.337e-05 grad_norm=2.007 samples/s=75.07
[step 13080/20000] loss=1.1434 lr=8.316e-05 grad_norm=3.011 samples/s=75.08
[step 13090/20000] loss=1.0093 lr=8.296e-05 grad_norm=2.029 samples/s=75.07
[step 13100/20000] loss=0.6631 lr=8.275e-05 grad_norm=0.991 samples/s=75.07
[step 13110/20000] loss=1.1266 lr=8.254e-05 grad_norm=1.846 samples/s=75.07
[step 13120/20000] loss=1.4039 lr=8.233e-05 grad_norm=1.444 samples/s=75.07
[step 13130/20000] loss=0.8297 lr=8.213e-05 grad_norm=1.594 samples/s=75.07
[step 13140/20000] loss=0.9167 lr=8.192e-05 grad_norm=1.776 samples/s=75.07
[step 13150/20000] loss=0.9076 lr=8.171e-05 grad_norm=3.064 samples/s=75.06
[step 13160/20000] loss=0.9504 lr=8.151e-05 grad_norm=1.847 samples/s=75.06
[step 13170/20000] loss=1.5541 lr=8.130e-05 grad_norm=2.815 samples/s=75.05
[step 13180/20000] loss=1.1940 lr=8.109e-05 grad_norm=2.804 samples/s=75.06
[step 13190/20000] loss=0.9693 lr=8.089e-05 grad_norm=2.197 samples/s=75.04
[step 13200/20000] loss=1.9613 lr=8.068e-05 grad_norm=2.753 samples/s=75.05
[step 13210/20000] loss=1.7543 lr=8.047e-05 grad_norm=2.851 samples/s=75.04
[step 13220/20000] loss=0.9223 lr=8.027e-05 grad_norm=2.207 samples/s=75.04
[step 13230/20000] loss=1.1789 lr=8.006e-05 grad_norm=5.846 samples/s=75.04
[step 13240/20000] loss=1.5049 lr=7.986e-05 grad_norm=2.206 samples/s=75.05
[step 13250/20000] loss=1.1423 lr=7.965e-05 grad_norm=2.154 samples/s=75.04
[step 13260/20000] loss=1.4449 lr=7.945e-05 grad_norm=5.231 samples/s=75.04
[step 13270/20000] loss=1.1386 lr=7.924e-05 grad_norm=2.517 samples/s=75.03
[step 13280/20000] loss=0.9599 lr=7.904e-05 grad_norm=2.218 samples/s=75.03
[step 13290/20000] loss=1.4454 lr=7.883e-05 grad_norm=2.011 samples/s=75.03
[step 13300/20000] loss=1.5671 lr=7.863e-05 grad_norm=2.594 samples/s=75.04
[step 13310/20000] loss=1.5981 lr=7.842e-05 grad_norm=2.070 samples/s=75.03
[step 13320/20000] loss=1.0287 lr=7.822e-05 grad_norm=2.266 samples/s=75.03
[step 13330/20000] loss=1.4436 lr=7.802e-05 grad_norm=2.415 samples/s=75.02
[step 13340/20000] loss=1.0135 lr=7.781e-05 grad_norm=2.848 samples/s=75.03
[step 13350/20000] loss=1.3992 lr=7.761e-05 grad_norm=3.134 samples/s=75.03
[step 13360/20000] loss=1.4710 lr=7.741e-05 grad_norm=2.277 samples/s=75.03
[step 13370/20000] loss=0.8798 lr=7.720e-05 grad_norm=2.351 samples/s=75.02
[step 13380/20000] loss=1.0436 lr=7.700e-05 grad_norm=2.636 samples/s=75.02
[step 13390/20000] loss=0.8349 lr=7.680e-05 grad_norm=2.291 samples/s=75.01
[step 13400/20000] loss=1.1672 lr=7.659e-05 grad_norm=2.210 samples/s=75.02
[step 13410/20000] loss=1.0273 lr=7.639e-05 grad_norm=2.803 samples/s=75.02
[step 13420/20000] loss=1.2175 lr=7.619e-05 grad_norm=3.353 samples/s=75.01
[step 13430/20000] loss=0.7774 lr=7.599e-05 grad_norm=1.313 samples/s=75.03
[step 13440/20000] loss=1.4124 lr=7.579e-05 grad_norm=2.961 samples/s=75.02
[step 13450/20000] loss=1.3267 lr=7.558e-05 grad_norm=3.943 samples/s=75.02
[step 13460/20000] loss=0.7698 lr=7.538e-05 grad_norm=1.561 samples/s=75.00
[step 13470/20000] loss=0.8846 lr=7.518e-05 grad_norm=2.603 samples/s=75.01
[step 13480/20000] loss=0.9999 lr=7.498e-05 grad_norm=2.735 samples/s=75.00
[step 13490/20000] loss=0.8348 lr=7.478e-05 grad_norm=1.964 samples/s=75.00
[step 13500/20000] loss=2.1247 lr=7.458e-05 grad_norm=2.775 samples/s=75.00
[val step 13500] loss=1.2906226024627685 m01={'mean': 0.40875059786218415, 'median': 0.40862138680439386, 'p95': 0.677824797308394, 'tail_frac_gt4px': 8.19672131147541e-05, 'n_matched': 12200} m02={'12-16': 0.9152249134948097, '16-32': 0.9533989911121787, '32-64': 0.9456325689255347, '64-128': 0.9399494310998736} m04={'accuracy': 0.9537704918032787, 'by_octave': {'12-16': 0.8714555765595463, '16-32': 0.9596875787351978, '32-64': 0.976566757493188, '64-128': 0.9616677874915938}} diag={'gate3_alpha_mean': 0.25119900703430176, 'gate3_alpha_min': 0.01558685302734375, 'gate3_alpha_max': 0.984130859375, 'gate3_alpha_std': 0.14903154969215393, 'gate3_alpha_p10': 0.08298492431640625, 'gate3_alpha_p50': 0.2265625, 'gate3_alpha_p90': 0.44873046875, 'block0_attn_entropy': 7.126823902130127, 'block1_attn_entropy': 7.453276634216309}
[step 13510/20000] loss=0.6938 lr=7.438e-05 grad_norm=1.627 samples/s=75.03
[step 13520/20000] loss=1.0385 lr=7.418e-05 grad_norm=1.816 samples/s=75.07
[step 13530/20000] loss=1.0189 lr=7.398e-05 grad_norm=4.118 samples/s=75.06
[step 13540/20000] loss=0.7564 lr=7.378e-05 grad_norm=1.608 samples/s=75.06
[step 13550/20000] loss=1.1639 lr=7.358e-05 grad_norm=1.520 samples/s=75.05
[step 13560/20000] loss=1.0842 lr=7.338e-05 grad_norm=2.172 samples/s=75.04
[step 13570/20000] loss=1.7270 lr=7.318e-05 grad_norm=2.793 samples/s=75.04
[step 13580/20000] loss=1.1871 lr=7.298e-05 grad_norm=2.703 samples/s=75.02
[step 13590/20000] loss=1.3753 lr=7.278e-05 grad_norm=1.627 samples/s=75.03
[step 13600/20000] loss=1.1680 lr=7.258e-05 grad_norm=3.604 samples/s=75.03
[step 13610/20000] loss=1.2989 lr=7.239e-05 grad_norm=2.233 samples/s=75.03
[step 13620/20000] loss=0.8379 lr=7.219e-05 grad_norm=8.412 samples/s=75.02
[step 13630/20000] loss=0.9103 lr=7.199e-05 grad_norm=2.125 samples/s=75.03
[step 13640/20000] loss=0.7358 lr=7.179e-05 grad_norm=1.351 samples/s=75.03
[step 13650/20000] loss=1.2759 lr=7.159e-05 grad_norm=2.570 samples/s=75.03
[step 13660/20000] loss=0.7912 lr=7.140e-05 grad_norm=2.848 samples/s=75.03
[step 13670/20000] loss=1.9183 lr=7.120e-05 grad_norm=3.416 samples/s=75.03
[step 13680/20000] loss=2.1161 lr=7.100e-05 grad_norm=3.468 samples/s=75.03
[step 13690/20000] loss=0.9401 lr=7.080e-05 grad_norm=2.541 samples/s=75.03
[step 13700/20000] loss=0.6982 lr=7.061e-05 grad_norm=1.338 samples/s=75.02
[step 13710/20000] loss=0.8323 lr=7.041e-05 grad_norm=2.824 samples/s=75.03
[step 13720/20000] loss=1.3344 lr=7.022e-05 grad_norm=2.664 samples/s=75.02
[step 13730/20000] loss=1.2835 lr=7.002e-05 grad_norm=2.477 samples/s=75.02
[step 13740/20000] loss=0.8123 lr=6.982e-05 grad_norm=1.498 samples/s=75.02
[step 13750/20000] loss=1.0855 lr=6.963e-05 grad_norm=2.208 samples/s=75.02
[step 13760/20000] loss=1.6156 lr=6.943e-05 grad_norm=2.362 samples/s=75.02
[step 13770/20000] loss=1.4310 lr=6.924e-05 grad_norm=2.358 samples/s=75.02
[step 13780/20000] loss=2.0473 lr=6.904e-05 grad_norm=3.230 samples/s=75.02
[step 13790/20000] loss=1.1872 lr=6.885e-05 grad_norm=2.690 samples/s=75.03
[step 13800/20000] loss=1.9844 lr=6.865e-05 grad_norm=6.963 samples/s=75.01
[step 13810/20000] loss=0.8232 lr=6.846e-05 grad_norm=1.566 samples/s=75.01
[step 13820/20000] loss=1.6849 lr=6.826e-05 grad_norm=3.152 samples/s=75.02
[step 13830/20000] loss=0.7093 lr=6.807e-05 grad_norm=1.441 samples/s=75.03
[step 13840/20000] loss=1.5409 lr=6.788e-05 grad_norm=1.565 samples/s=75.02
[step 13850/20000] loss=1.3926 lr=6.768e-05 grad_norm=2.330 samples/s=75.02
[step 13860/20000] loss=1.0336 lr=6.749e-05 grad_norm=2.276 samples/s=75.01
[step 13870/20000] loss=0.6880 lr=6.730e-05 grad_norm=1.801 samples/s=75.02
[step 13880/20000] loss=0.8070 lr=6.710e-05 grad_norm=1.985 samples/s=75.02
[step 13890/20000] loss=1.7221 lr=6.691e-05 grad_norm=3.467 samples/s=75.02
[step 13900/20000] loss=1.3296 lr=6.672e-05 grad_norm=2.499 samples/s=75.02
[step 13910/20000] loss=1.3371 lr=6.652e-05 grad_norm=2.902 samples/s=75.02
[step 13920/20000] loss=1.4358 lr=6.633e-05 grad_norm=2.563 samples/s=75.01
[step 13930/20000] loss=0.9510 lr=6.614e-05 grad_norm=1.738 samples/s=75.01
[step 13940/20000] loss=1.1814 lr=6.595e-05 grad_norm=1.906 samples/s=75.01
[step 13950/20000] loss=1.1951 lr=6.576e-05 grad_norm=2.014 samples/s=75.01
[step 13960/20000] loss=1.2581 lr=6.557e-05 grad_norm=4.076 samples/s=75.00
[step 13970/20000] loss=0.9031 lr=6.537e-05 grad_norm=1.854 samples/s=75.00
[step 13980/20000] loss=1.5047 lr=6.518e-05 grad_norm=2.969 samples/s=75.00
[step 13990/20000] loss=0.8091 lr=6.499e-05 grad_norm=1.446 samples/s=75.00
[step 14000/20000] loss=1.5210 lr=6.480e-05 grad_norm=2.823 samples/s=74.99
[val step 14000] loss=1.2885538959503173 m01={'mean': 0.408821932384083, 'median': 0.4088207511441335, 'p95': 0.677809732949105, 'tail_frac_gt4px': 8.194706219782021e-05, 'n_matched': 12203} m02={'12-16': 0.9152249134948097, '16-32': 0.9529185683401393, '32-64': 0.9461479000257665, '64-128': 0.940897597977244} m04={'accuracy': 0.9546832746046054, 'by_octave': {'12-16': 0.8746061751732829, '16-32': 0.9601714141668767, '32-64': 0.9765795206971678, '64-128': 0.9630500503862949}} diag={'gate3_alpha_mean': 0.253754198551178, 'gate3_alpha_min': 0.01558685302734375, 'gate3_alpha_max': 0.98486328125, 'gate3_alpha_std': 0.1502811312675476, 'gate3_alpha_p10': 0.0836944580078125, 'gate3_alpha_p50': 0.22930145263671875, 'gate3_alpha_p90': 0.45263671875, 'block0_attn_entropy': 7.128561973571777, 'block1_attn_entropy': 7.443410873413086}
[step 14010/20000] loss=2.0581 lr=6.461e-05 grad_norm=3.248 samples/s=75.03
[step 14020/20000] loss=1.2013 lr=6.442e-05 grad_norm=1.507 samples/s=75.06
[step 14030/20000] loss=0.9223 lr=6.423e-05 grad_norm=1.962 samples/s=75.05
[step 14040/20000] loss=1.1151 lr=6.404e-05 grad_norm=2.512 samples/s=75.06
[step 14050/20000] loss=0.8128 lr=6.385e-05 grad_norm=2.066 samples/s=75.06
[step 14060/20000] loss=1.6294 lr=6.366e-05 grad_norm=2.886 samples/s=75.06
[step 14070/20000] loss=1.2577 lr=6.348e-05 grad_norm=2.145 samples/s=75.05
[step 14080/20000] loss=1.2632 lr=6.329e-05 grad_norm=2.572 samples/s=75.05
[step 14090/20000] loss=1.1811 lr=6.310e-05 grad_norm=1.460 samples/s=75.05
[step 14100/20000] loss=1.1764 lr=6.291e-05 grad_norm=1.402 samples/s=75.05
[step 14110/20000] loss=1.6123 lr=6.272e-05 grad_norm=2.130 samples/s=75.03
[step 14120/20000] loss=1.2370 lr=6.253e-05 grad_norm=2.161 samples/s=75.04
[step 14130/20000] loss=1.0221 lr=6.235e-05 grad_norm=2.637 samples/s=75.04
[step 14140/20000] loss=0.7577 lr=6.216e-05 grad_norm=1.259 samples/s=75.04
[step 14150/20000] loss=1.4363 lr=6.197e-05 grad_norm=2.954 samples/s=75.01
[step 14160/20000] loss=1.5117 lr=6.179e-05 grad_norm=2.330 samples/s=75.02
[step 14170/20000] loss=0.9353 lr=6.160e-05 grad_norm=2.844 samples/s=75.01
[step 14180/20000] loss=1.6436 lr=6.141e-05 grad_norm=3.149 samples/s=75.02
[step 14190/20000] loss=1.3633 lr=6.123e-05 grad_norm=2.229 samples/s=75.01
[step 14200/20000] loss=0.9313 lr=6.104e-05 grad_norm=2.294 samples/s=75.02
[step 14210/20000] loss=0.7006 lr=6.085e-05 grad_norm=1.607 samples/s=75.01
[step 14220/20000] loss=1.4070 lr=6.067e-05 grad_norm=2.324 samples/s=75.02
[step 14230/20000] loss=1.0776 lr=6.048e-05 grad_norm=3.143 samples/s=75.01
[step 14240/20000] loss=1.0848 lr=6.030e-05 grad_norm=1.690 samples/s=75.02
[step 14250/20000] loss=0.8369 lr=6.011e-05 grad_norm=3.475 samples/s=75.02
[step 14260/20000] loss=0.8797 lr=5.993e-05 grad_norm=2.611 samples/s=75.01
[step 14270/20000] loss=0.9214 lr=5.974e-05 grad_norm=2.419 samples/s=75.01
[step 14280/20000] loss=0.9861 lr=5.956e-05 grad_norm=2.732 samples/s=75.02
[step 14290/20000] loss=0.7496 lr=5.938e-05 grad_norm=1.997 samples/s=75.00
[step 14300/20000] loss=0.9214 lr=5.919e-05 grad_norm=1.764 samples/s=75.01
[step 14310/20000] loss=1.3816 lr=5.901e-05 grad_norm=1.926 samples/s=75.01
[step 14320/20000] loss=1.3717 lr=5.883e-05 grad_norm=2.130 samples/s=75.01
[step 14330/20000] loss=0.9618 lr=5.864e-05 grad_norm=1.970 samples/s=75.00
[step 14340/20000] loss=1.5752 lr=5.846e-05 grad_norm=2.402 samples/s=75.00
[step 14350/20000] loss=1.2857 lr=5.828e-05 grad_norm=2.339 samples/s=74.99
[step 14360/20000] loss=0.7927 lr=5.809e-05 grad_norm=2.401 samples/s=74.99
[step 14370/20000] loss=1.0057 lr=5.791e-05 grad_norm=1.806 samples/s=74.99
[step 14380/20000] loss=1.0125 lr=5.773e-05 grad_norm=1.762 samples/s=75.00
[step 14390/20000] loss=1.0090 lr=5.755e-05 grad_norm=3.336 samples/s=74.99
[step 14400/20000] loss=1.4559 lr=5.737e-05 grad_norm=3.136 samples/s=74.99
[step 14410/20000] loss=0.8146 lr=5.719e-05 grad_norm=1.206 samples/s=74.99
[step 14420/20000] loss=1.6532 lr=5.701e-05 grad_norm=2.987 samples/s=74.99
[step 14430/20000] loss=1.6597 lr=5.682e-05 grad_norm=2.750 samples/s=74.99
[step 14440/20000] loss=1.1157 lr=5.664e-05 grad_norm=1.798 samples/s=74.99
[step 14450/20000] loss=1.1311 lr=5.646e-05 grad_norm=1.979 samples/s=74.98
[step 14460/20000] loss=1.5293 lr=5.628e-05 grad_norm=4.438 samples/s=74.98
[step 14470/20000] loss=1.0903 lr=5.610e-05 grad_norm=3.106 samples/s=74.98
[step 14480/20000] loss=0.9220 lr=5.592e-05 grad_norm=1.876 samples/s=74.99
[step 14490/20000] loss=1.3207 lr=5.575e-05 grad_norm=2.294 samples/s=74.99
[step 14500/20000] loss=1.1193 lr=5.557e-05 grad_norm=2.033 samples/s=75.00
[val step 14500] loss=1.287389666557312 m01={'mean': 0.40891005043835343, 'median': 0.40874247641102684, 'p95': 0.6779920019134854, 'tail_frac_gt4px': 8.192692118630181e-05, 'n_matched': 12206} m02={'12-16': 0.9152249134948097, '16-32': 0.9529185683401393, '32-64': 0.9464055655758825, '64-128': 0.9415297092288243} m04={'accuracy': 0.9553498279534655, 'by_octave': {'12-16': 0.872715816005041, '16-32': 0.9616838921099067, '32-64': 0.97658589708685, '64-128': 0.9647532729103726}} diag={'gate3_alpha_mean': 0.2542784512042999, 'gate3_alpha_min': 0.01578521728515625, 'gate3_alpha_max': 0.984130859375, 'gate3_alpha_std': 0.15036170184612274, 'gate3_alpha_p10': 0.08392333984375, 'gate3_alpha_p50': 0.22991943359375, 'gate3_alpha_p90': 0.4534912109375, 'block0_attn_entropy': 7.127592086791992, 'block1_attn_entropy': 7.4596266746521}
[step 14510/20000] loss=1.3865 lr=5.539e-05 grad_norm=1.949 samples/s=75.03
[step 14520/20000] loss=0.9071 lr=5.521e-05 grad_norm=1.584 samples/s=75.07
[step 14530/20000] loss=0.7055 lr=5.503e-05 grad_norm=2.811 samples/s=75.06
[step 14540/20000] loss=1.5506 lr=5.485e-05 grad_norm=2.407 samples/s=75.06
[step 14550/20000] loss=2.5490 lr=5.467e-05 grad_norm=3.253 samples/s=75.05
[step 14560/20000] loss=0.7119 lr=5.450e-05 grad_norm=2.020 samples/s=75.06
[step 14570/20000] loss=1.3942 lr=5.432e-05 grad_norm=4.234 samples/s=75.06
[step 14580/20000] loss=1.1375 lr=5.414e-05 grad_norm=1.644 samples/s=75.06
[step 14590/20000] loss=1.0972 lr=5.397e-05 grad_norm=2.177 samples/s=75.06
[step 14600/20000] loss=0.9748 lr=5.379e-05 grad_norm=1.167 samples/s=75.04
[step 14610/20000] loss=0.8963 lr=5.361e-05 grad_norm=1.958 samples/s=75.04
[step 14620/20000] loss=0.8948 lr=5.344e-05 grad_norm=2.093 samples/s=75.03
[step 14630/20000] loss=1.4141 lr=5.326e-05 grad_norm=1.916 samples/s=75.04
[step 14640/20000] loss=1.2166 lr=5.308e-05 grad_norm=2.376 samples/s=75.02
[step 14650/20000] loss=2.0142 lr=5.291e-05 grad_norm=2.934 samples/s=75.03
[step 14660/20000] loss=0.8285 lr=5.273e-05 grad_norm=2.107 samples/s=75.04
[step 14670/20000] loss=1.2222 lr=5.256e-05 grad_norm=2.587 samples/s=75.03
[step 14680/20000] loss=1.7133 lr=5.238e-05 grad_norm=4.085 samples/s=75.04
[step 14690/20000] loss=0.8578 lr=5.221e-05 grad_norm=2.068 samples/s=75.02
[step 14700/20000] loss=1.6076 lr=5.204e-05 grad_norm=2.103 samples/s=75.02
[step 14710/20000] loss=1.1019 lr=5.186e-05 grad_norm=3.137 samples/s=75.02
[step 14720/20000] loss=1.1021 lr=5.169e-05 grad_norm=2.782 samples/s=75.03
[step 14730/20000] loss=1.7522 lr=5.151e-05 grad_norm=3.397 samples/s=75.01
[step 14740/20000] loss=1.0480 lr=5.134e-05 grad_norm=2.404 samples/s=75.01
[step 14750/20000] loss=1.0210 lr=5.117e-05 grad_norm=1.705 samples/s=75.01
[step 14760/20000] loss=1.5976 lr=5.100e-05 grad_norm=2.209 samples/s=75.01
[step 14770/20000] loss=1.0613 lr=5.082e-05 grad_norm=2.285 samples/s=75.00
[step 14780/20000] loss=0.7652 lr=5.065e-05 grad_norm=2.563 samples/s=75.01
[step 14790/20000] loss=1.4437 lr=5.048e-05 grad_norm=4.460 samples/s=75.00
[step 14800/20000] loss=1.2722 lr=5.031e-05 grad_norm=1.817 samples/s=75.01
[step 14810/20000] loss=1.2588 lr=5.014e-05 grad_norm=2.344 samples/s=75.00
[step 14820/20000] loss=1.1947 lr=4.996e-05 grad_norm=2.225 samples/s=75.00
[step 14830/20000] loss=0.8657 lr=4.979e-05 grad_norm=1.574 samples/s=75.00
[step 14840/20000] loss=0.9771 lr=4.962e-05 grad_norm=2.243 samples/s=75.00
[step 14850/20000] loss=2.7067 lr=4.945e-05 grad_norm=4.096 samples/s=75.00
[step 14860/20000] loss=0.9338 lr=4.928e-05 grad_norm=1.700 samples/s=74.99
[step 14870/20000] loss=1.5208 lr=4.911e-05 grad_norm=1.729 samples/s=74.98
[step 14880/20000] loss=1.5827 lr=4.894e-05 grad_norm=4.547 samples/s=74.99
[step 14890/20000] loss=0.8375 lr=4.877e-05 grad_norm=1.677 samples/s=74.98
[step 14900/20000] loss=1.3614 lr=4.860e-05 grad_norm=2.539 samples/s=74.99
[step 14910/20000] loss=1.2228 lr=4.844e-05 grad_norm=1.772 samples/s=74.97
[step 14920/20000] loss=1.1029 lr=4.827e-05 grad_norm=1.505 samples/s=74.98
[step 14930/20000] loss=0.6565 lr=4.810e-05 grad_norm=1.919 samples/s=74.97
[step 14940/20000] loss=1.1857 lr=4.793e-05 grad_norm=3.113 samples/s=74.98
[step 14950/20000] loss=1.4333 lr=4.776e-05 grad_norm=2.280 samples/s=74.97
[step 14960/20000] loss=1.2967 lr=4.759e-05 grad_norm=2.019 samples/s=74.97
[step 14970/20000] loss=0.7675 lr=4.743e-05 grad_norm=2.088 samples/s=74.96
[step 14980/20000] loss=0.8781 lr=4.726e-05 grad_norm=2.152 samples/s=74.96
[step 14990/20000] loss=0.7962 lr=4.709e-05 grad_norm=2.264 samples/s=74.95
[step 15000/20000] loss=0.7132 lr=4.693e-05 grad_norm=2.629 samples/s=74.96
[val step 15000] loss=1.287035945892334 m01={'mean': 0.40871126915954786, 'median': 0.4085989121630193, 'p95': 0.6775732522624133, 'tail_frac_gt4px': 8.194706219782021e-05, 'n_matched': 12203} m02={'12-16': 0.9152249134948097, '16-32': 0.9529185683401393, '32-64': 0.9458902344756506, '64-128': 0.9412136536030341} m04={'accuracy': 0.9556666393509793, 'by_octave': {'12-16': 0.8739760554505356, '16-32': 0.9624401310814217, '32-64': 0.9773903568509943, '64-128': 0.9633982538616521}} diag={'gate3_alpha_mean': 0.25264328718185425, 'gate3_alpha_min': 0.01610565185546875, 'gate3_alpha_max': 0.984130859375, 'gate3_alpha_std': 0.14927388727664948, 'gate3_alpha_p10': 0.08367919921875, 'gate3_alpha_p50': 0.22821044921875, 'gate3_alpha_p90': 0.4503173828125, 'block0_attn_entropy': 7.128079414367676, 'block1_attn_entropy': 7.464858531951904}
[step 15010/20000] loss=1.2511 lr=4.676e-05 grad_norm=2.072 samples/s=74.99
[step 15020/20000] loss=1.0406 lr=4.659e-05 grad_norm=2.056 samples/s=75.02
[step 15030/20000] loss=0.9870 lr=4.643e-05 grad_norm=2.029 samples/s=75.02
[step 15040/20000] loss=1.0891 lr=4.626e-05 grad_norm=2.025 samples/s=75.02
[step 15050/20000] loss=1.3830 lr=4.610e-05 grad_norm=4.172 samples/s=75.01
[step 15060/20000] loss=0.8695 lr=4.593e-05 grad_norm=1.540 samples/s=75.00
[step 15070/20000] loss=1.6317 lr=4.577e-05 grad_norm=3.057 samples/s=75.00
[step 15080/20000] loss=1.0770 lr=4.560e-05 grad_norm=3.102 samples/s=75.00
[step 15090/20000] loss=1.7673 lr=4.544e-05 grad_norm=2.368 samples/s=75.00
[step 15100/20000] loss=1.2777 lr=4.528e-05 grad_norm=2.436 samples/s=75.00
[step 15110/20000] loss=1.3224 lr=4.511e-05 grad_norm=2.071 samples/s=74.99
[step 15120/20000] loss=1.0964 lr=4.495e-05 grad_norm=1.699 samples/s=75.00
[step 15130/20000] loss=0.9704 lr=4.478e-05 grad_norm=2.366 samples/s=74.99
[step 15140/20000] loss=1.0038 lr=4.462e-05 grad_norm=2.482 samples/s=74.99
[step 15150/20000] loss=1.0528 lr=4.446e-05 grad_norm=2.544 samples/s=74.99
[step 15160/20000] loss=0.9451 lr=4.430e-05 grad_norm=3.500 samples/s=74.99
[step 15170/20000] loss=0.8351 lr=4.413e-05 grad_norm=4.060 samples/s=74.99
[step 15180/20000] loss=0.7998 lr=4.397e-05 grad_norm=1.705 samples/s=74.99
[step 15190/20000] loss=0.9477 lr=4.381e-05 grad_norm=1.791 samples/s=74.98
[step 15200/20000] loss=1.0172 lr=4.365e-05 grad_norm=3.711 samples/s=74.98
[step 15210/20000] loss=0.8694 lr=4.349e-05 grad_norm=3.344 samples/s=74.97
[step 15220/20000] loss=1.5458 lr=4.333e-05 grad_norm=3.329 samples/s=74.97
[step 15230/20000] loss=0.9810 lr=4.317e-05 grad_norm=1.608 samples/s=74.97
[step 15240/20000] loss=1.5875 lr=4.301e-05 grad_norm=3.158 samples/s=74.97
[step 15250/20000] loss=0.7387 lr=4.285e-05 grad_norm=1.497 samples/s=74.96
[step 15260/20000] loss=1.5357 lr=4.269e-05 grad_norm=4.335 samples/s=74.96
[step 15270/20000] loss=1.5945 lr=4.253e-05 grad_norm=2.739 samples/s=74.96
[step 15280/20000] loss=0.6197 lr=4.237e-05 grad_norm=1.647 samples/s=74.96
[step 15290/20000] loss=2.2459 lr=4.221e-05 grad_norm=4.477 samples/s=74.95
[step 15300/20000] loss=1.1594 lr=4.205e-05 grad_norm=1.943 samples/s=74.96
[step 15310/20000] loss=0.7695 lr=4.189e-05 grad_norm=2.460 samples/s=74.95
[step 15320/20000] loss=1.0542 lr=4.174e-05 grad_norm=1.827 samples/s=74.95
[step 15330/20000] loss=1.1766 lr=4.158e-05 grad_norm=3.314 samples/s=74.94
[step 15340/20000] loss=0.5500 lr=4.142e-05 grad_norm=1.982 samples/s=74.95
[step 15350/20000] loss=1.1155 lr=4.126e-05 grad_norm=2.790 samples/s=74.94
[step 15360/20000] loss=1.3960 lr=4.111e-05 grad_norm=4.022 samples/s=74.95
[step 15370/20000] loss=1.3034 lr=4.095e-05 grad_norm=4.544 samples/s=74.94
[step 15380/20000] loss=1.9984 lr=4.079e-05 grad_norm=2.462 samples/s=74.95
[step 15390/20000] loss=0.8246 lr=4.064e-05 grad_norm=3.427 samples/s=74.94
[step 15400/20000] loss=1.0433 lr=4.048e-05 grad_norm=1.712 samples/s=74.95
[step 15410/20000] loss=1.1555 lr=4.033e-05 grad_norm=2.979 samples/s=74.95
[step 15420/20000] loss=1.0848 lr=4.017e-05 grad_norm=1.666 samples/s=74.95
[step 15430/20000] loss=0.9934 lr=4.002e-05 grad_norm=1.730 samples/s=74.95
[step 15440/20000] loss=1.7126 lr=3.986e-05 grad_norm=2.994 samples/s=74.94
[step 15450/20000] loss=1.5893 lr=3.971e-05 grad_norm=1.720 samples/s=74.94
[step 15460/20000] loss=1.7512 lr=3.955e-05 grad_norm=3.781 samples/s=74.94
[step 15470/20000] loss=1.9365 lr=3.940e-05 grad_norm=3.081 samples/s=74.93
[step 15480/20000] loss=1.3385 lr=3.924e-05 grad_norm=1.780 samples/s=74.93
[step 15490/20000] loss=1.3328 lr=3.909e-05 grad_norm=1.773 samples/s=74.93
[step 15500/20000] loss=1.3035 lr=3.894e-05 grad_norm=2.185 samples/s=74.93
[val step 15500] loss=1.2861853408813477 m01={'mean': 0.408980744541769, 'median': 0.4087474996963729, 'p95': 0.6783114515148778, 'tail_frac_gt4px': 8.19336337566571e-05, 'n_matched': 12205} m02={'12-16': 0.9152249134948097, '16-32': 0.9533989911121787, '32-64': 0.9461479000257665, '64-128': 0.940897597977244} m04={'accuracy': 0.9561655059401885, 'by_octave': {'12-16': 0.8739760554505356, '16-32': 0.963718820861678, '32-64': 0.9765795206971678, '64-128': 0.9647295935505542}} diag={'gate3_alpha_mean': 0.2536744773387909, 'gate3_alpha_min': 0.01605987548828125, 'gate3_alpha_max': 0.984130859375, 'gate3_alpha_std': 0.1497516930103302, 'gate3_alpha_p10': 0.084075927734375, 'gate3_alpha_p50': 0.2293701171875, 'gate3_alpha_p90': 0.4521484375, 'block0_attn_entropy': 7.128203392028809, 'block1_attn_entropy': 7.455577850341797}
[step 15510/20000] loss=0.9635 lr=3.879e-05 grad_norm=1.440 samples/s=74.96
[step 15520/20000] loss=1.1085 lr=3.863e-05 grad_norm=2.414 samples/s=74.99
[step 15530/20000] loss=1.3327 lr=3.848e-05 grad_norm=2.409 samples/s=74.97
[step 15540/20000] loss=0.9778 lr=3.833e-05 grad_norm=1.412 samples/s=74.98
[step 15550/20000] loss=0.9916 lr=3.818e-05 grad_norm=2.295 samples/s=74.97
[step 15560/20000] loss=1.4923 lr=3.803e-05 grad_norm=2.681 samples/s=74.97
[step 15570/20000] loss=1.2572 lr=3.787e-05 grad_norm=2.759 samples/s=74.96
[step 15580/20000] loss=1.4589 lr=3.772e-05 grad_norm=2.233 samples/s=74.97
[step 15590/20000] loss=0.7447 lr=3.757e-05 grad_norm=1.965 samples/s=74.95
[step 15600/20000] loss=1.1599 lr=3.742e-05 grad_norm=2.538 samples/s=74.96
[step 15610/20000] loss=0.7067 lr=3.727e-05 grad_norm=1.125 samples/s=74.95
[step 15620/20000] loss=0.9326 lr=3.712e-05 grad_norm=2.071 samples/s=74.96
[step 15630/20000] loss=1.0955 lr=3.697e-05 grad_norm=2.337 samples/s=74.95
[step 15640/20000] loss=2.0129 lr=3.683e-05 grad_norm=2.974 samples/s=74.96
[step 15650/20000] loss=1.2512 lr=3.668e-05 grad_norm=1.987 samples/s=74.96
[step 15660/20000] loss=0.7444 lr=3.653e-05 grad_norm=1.446 samples/s=74.97
[step 15670/20000] loss=0.9736 lr=3.638e-05 grad_norm=1.796 samples/s=74.96
[step 15680/20000] loss=1.5170 lr=3.623e-05 grad_norm=2.620 samples/s=74.96
[step 15690/20000] loss=1.1636 lr=3.608e-05 grad_norm=1.900 samples/s=74.96
[step 15700/20000] loss=1.1302 lr=3.594e-05 grad_norm=2.295 samples/s=74.96
[step 15710/20000] loss=0.8710 lr=3.579e-05 grad_norm=1.940 samples/s=74.96
[step 15720/20000] loss=1.0908 lr=3.564e-05 grad_norm=1.899 samples/s=74.96
[step 15730/20000] loss=0.7716 lr=3.550e-05 grad_norm=2.704 samples/s=74.95
[step 15740/20000] loss=1.8113 lr=3.535e-05 grad_norm=3.178 samples/s=74.95
[step 15750/20000] loss=1.3870 lr=3.520e-05 grad_norm=1.794 samples/s=74.94
[step 15760/20000] loss=1.6792 lr=3.506e-05 grad_norm=2.992 samples/s=74.94
[step 15770/20000] loss=0.8982 lr=3.491e-05 grad_norm=2.624 samples/s=74.94
[step 15780/20000] loss=1.5461 lr=3.477e-05 grad_norm=2.360 samples/s=74.94
[step 15790/20000] loss=0.8624 lr=3.462e-05 grad_norm=2.807 samples/s=74.93
[step 15800/20000] loss=1.1953 lr=3.448e-05 grad_norm=3.538 samples/s=74.93
[step 15810/20000] loss=1.3979 lr=3.433e-05 grad_norm=2.451 samples/s=74.93
[step 15820/20000] loss=1.5264 lr=3.419e-05 grad_norm=2.652 samples/s=74.94
[step 15830/20000] loss=1.2693 lr=3.405e-05 grad_norm=2.638 samples/s=74.94
[step 15840/20000] loss=1.1090 lr=3.390e-05 grad_norm=3.073 samples/s=74.95
[step 15850/20000] loss=1.2037 lr=3.376e-05 grad_norm=2.618 samples/s=74.94
[step 15860/20000] loss=1.0584 lr=3.362e-05 grad_norm=1.731 samples/s=74.95
[step 15870/20000] loss=1.8554 lr=3.348e-05 grad_norm=2.679 samples/s=74.94
[step 15880/20000] loss=1.2881 lr=3.333e-05 grad_norm=2.522 samples/s=74.94
[step 15890/20000] loss=1.3265 lr=3.319e-05 grad_norm=1.973 samples/s=74.94
[step 15900/20000] loss=0.9305 lr=3.305e-05 grad_norm=1.298 samples/s=74.94
[step 15910/20000] loss=1.1711 lr=3.291e-05 grad_norm=1.801 samples/s=74.93
[step 15920/20000] loss=1.3694 lr=3.277e-05 grad_norm=2.117 samples/s=74.93
[step 15930/20000] loss=1.1007 lr=3.263e-05 grad_norm=1.870 samples/s=74.93
[step 15940/20000] loss=0.5740 lr=3.249e-05 grad_norm=1.363 samples/s=74.93
[step 15950/20000] loss=1.8683 lr=3.235e-05 grad_norm=4.813 samples/s=74.92
[step 15960/20000] loss=0.8713 lr=3.221e-05 grad_norm=3.037 samples/s=74.93
[step 15970/20000] loss=0.8073 lr=3.207e-05 grad_norm=2.450 samples/s=74.92
[step 15980/20000] loss=1.0331 lr=3.193e-05 grad_norm=1.862 samples/s=74.93
[step 15990/20000] loss=1.4063 lr=3.179e-05 grad_norm=3.169 samples/s=74.92
[step 16000/20000] loss=0.6922 lr=3.165e-05 grad_norm=2.315 samples/s=74.93
[val step 16000] loss=1.2856002802848816 m01={'mean': 0.40874840040654037, 'median': 0.40856383849679545, 'p95': 0.6775732522624133, 'tail_frac_gt4px': 8.194706219782021e-05, 'n_matched': 12203} m02={'12-16': 0.9152249134948097, '16-32': 0.9533989911121787, '32-64': 0.9456325689255347, '64-128': 0.940897597977244} m04={'accuracy': 0.9558305334753749, 'by_octave': {'12-16': 0.8739760554505356, '16-32': 0.9617031997984379, '32-64': 0.9776566757493188, '64-128': 0.9647295935505542}} diag={'gate3_alpha_mean': 0.2537310719490051, 'gate3_alpha_min': 0.01595306396484375, 'gate3_alpha_max': 0.984130859375, 'gate3_alpha_std': 0.14998669922351837, 'gate3_alpha_p10': 0.08390045166015625, 'gate3_alpha_p50': 0.2293701171875, 'gate3_alpha_p90': 0.452392578125, 'block0_attn_entropy': 7.127562046051025, 'block1_attn_entropy': 7.459674835205078}
[step 16010/20000] loss=0.7579 lr=3.151e-05 grad_norm=2.643 samples/s=74.96
[step 16020/20000] loss=0.5735 lr=3.137e-05 grad_norm=1.354 samples/s=74.99
[step 16030/20000] loss=0.9735 lr=3.124e-05 grad_norm=1.626 samples/s=74.98
[step 16040/20000] loss=1.1684 lr=3.110e-05 grad_norm=2.769 samples/s=74.99
[step 16050/20000] loss=1.0617 lr=3.096e-05 grad_norm=2.687 samples/s=74.98
[step 16060/20000] loss=1.0984 lr=3.083e-05 grad_norm=1.189 samples/s=74.99
[step 16070/20000] loss=1.2962 lr=3.069e-05 grad_norm=2.699 samples/s=74.98
[step 16080/20000] loss=1.2141 lr=3.055e-05 grad_norm=2.071 samples/s=74.98
[step 16090/20000] loss=0.9242 lr=3.042e-05 grad_norm=1.733 samples/s=74.98
[step 16100/20000] loss=1.4473 lr=3.028e-05 grad_norm=1.716 samples/s=74.98
[step 16110/20000] loss=1.5906 lr=3.015e-05 grad_norm=2.458 samples/s=74.98
[step 16120/20000] loss=1.2981 lr=3.001e-05 grad_norm=2.395 samples/s=74.97
[step 16130/20000] loss=0.6783 lr=2.988e-05 grad_norm=2.114 samples/s=74.97
[step 16140/20000] loss=1.1838 lr=2.974e-05 grad_norm=2.430 samples/s=74.96
[step 16150/20000] loss=1.1547 lr=2.961e-05 grad_norm=1.474 samples/s=74.97
[step 16160/20000] loss=0.9563 lr=2.947e-05 grad_norm=1.721 samples/s=74.96
[step 16170/20000] loss=1.2634 lr=2.934e-05 grad_norm=2.538 samples/s=74.97
[step 16180/20000] loss=1.7840 lr=2.921e-05 grad_norm=2.283 samples/s=74.96
[step 16190/20000] loss=1.2528 lr=2.908e-05 grad_norm=1.815 samples/s=74.96
[step 16200/20000] loss=1.6862 lr=2.894e-05 grad_norm=3.177 samples/s=74.96
[step 16210/20000] loss=0.7183 lr=2.881e-05 grad_norm=1.543 samples/s=74.96
[step 16220/20000] loss=0.9594 lr=2.868e-05 grad_norm=1.603 samples/s=74.95
[step 16230/20000] loss=0.6093 lr=2.855e-05 grad_norm=1.415 samples/s=74.95
[step 16240/20000] loss=1.3493 lr=2.842e-05 grad_norm=3.192 samples/s=74.95
[step 16250/20000] loss=0.7198 lr=2.828e-05 grad_norm=2.069 samples/s=74.96
[step 16260/20000] loss=1.3328 lr=2.815e-05 grad_norm=2.524 samples/s=74.95
[step 16270/20000] loss=0.6573 lr=2.802e-05 grad_norm=2.486 samples/s=74.96
[step 16280/20000] loss=1.8055 lr=2.789e-05 grad_norm=2.292 samples/s=74.95
[step 16290/20000] loss=0.7420 lr=2.776e-05 grad_norm=3.072 samples/s=74.95
[step 16300/20000] loss=0.9548 lr=2.763e-05 grad_norm=2.253 samples/s=74.95
[step 16310/20000] loss=0.9172 lr=2.751e-05 grad_norm=1.807 samples/s=74.94
[step 16320/20000] loss=1.2975 lr=2.738e-05 grad_norm=3.555 samples/s=74.94
[step 16330/20000] loss=1.4475 lr=2.725e-05 grad_norm=3.819 samples/s=74.94
[step 16340/20000] loss=0.9058 lr=2.712e-05 grad_norm=3.675 samples/s=74.94
[step 16350/20000] loss=0.9125 lr=2.699e-05 grad_norm=1.487 samples/s=74.93
[step 16360/20000] loss=0.6201 lr=2.686e-05 grad_norm=1.747 samples/s=74.93
[step 16370/20000] loss=1.5942 lr=2.674e-05 grad_norm=2.786 samples/s=74.93
[step 16380/20000] loss=0.7012 lr=2.661e-05 grad_norm=1.588 samples/s=74.92
[step 16390/20000] loss=0.9704 lr=2.648e-05 grad_norm=1.990 samples/s=74.93
[step 16400/20000] loss=1.1266 lr=2.636e-05 grad_norm=2.647 samples/s=74.92
[step 16410/20000] loss=1.1574 lr=2.623e-05 grad_norm=2.196 samples/s=74.92
[step 16420/20000] loss=2.0478 lr=2.610e-05 grad_norm=4.734 samples/s=74.91
[step 16430/20000] loss=0.6770 lr=2.598e-05 grad_norm=1.516 samples/s=74.92
[step 16440/20000] loss=1.3947 lr=2.585e-05 grad_norm=1.857 samples/s=74.91
[step 16450/20000] loss=0.8242 lr=2.573e-05 grad_norm=2.185 samples/s=74.91
[step 16460/20000] loss=1.3061 lr=2.560e-05 grad_norm=2.552 samples/s=74.90
[step 16470/20000] loss=1.1790 lr=2.548e-05 grad_norm=2.609 samples/s=74.92
[step 16480/20000] loss=1.0780 lr=2.536e-05 grad_norm=2.058 samples/s=74.91
[step 16490/20000] loss=1.1092 lr=2.523e-05 grad_norm=1.993 samples/s=74.92
[step 16500/20000] loss=0.9020 lr=2.511e-05 grad_norm=2.298 samples/s=74.91
[val step 16500] loss=1.285537992477417 m01={'mean': 0.40876097311193643, 'median': 0.40856383849679545, 'p95': 0.6780039450995632, 'tail_frac_gt4px': 8.19336337566571e-05, 'n_matched': 12205} m02={'12-16': 0.9152249134948097, '16-32': 0.9533989911121787, '32-64': 0.9461479000257665, '64-128': 0.940897597977244} m04={'accuracy': 0.956739041376485, 'by_octave': {'12-16': 0.8771266540642723, '16-32': 0.9624590576971529, '32-64': 0.9776688453159041, '64-128': 0.9657373194491098}} diag={'gate3_alpha_mean': 0.253389835357666, 'gate3_alpha_min': 0.01599884033203125, 'gate3_alpha_max': 0.984130859375, 'gate3_alpha_std': 0.14961498975753784, 'gate3_alpha_p10': 0.08378525078296661, 'gate3_alpha_p50': 0.22918701171875, 'gate3_alpha_p90': 0.451416015625, 'block0_attn_entropy': 7.127109527587891, 'block1_attn_entropy': 7.461366653442383}
[step 16510/20000] loss=1.0406 lr=2.499e-05 grad_norm=1.480 samples/s=74.94
[step 16520/20000] loss=1.1920 lr=2.486e-05 grad_norm=2.209 samples/s=74.97
[step 16530/20000] loss=1.1025 lr=2.474e-05 grad_norm=2.761 samples/s=74.96
[step 16540/20000] loss=1.1418 lr=2.462e-05 grad_norm=2.483 samples/s=74.97
[step 16550/20000] loss=1.1443 lr=2.450e-05 grad_norm=2.089 samples/s=74.96
[step 16560/20000] loss=0.7407 lr=2.438e-05 grad_norm=3.205 samples/s=74.96
[step 16570/20000] loss=1.0860 lr=2.426e-05 grad_norm=2.812 samples/s=74.95
[step 16580/20000] loss=0.8282 lr=2.414e-05 grad_norm=2.103 samples/s=74.95
[step 16590/20000] loss=0.8280 lr=2.402e-05 grad_norm=1.828 samples/s=74.96
[step 16600/20000] loss=1.0296 lr=2.390e-05 grad_norm=2.516 samples/s=74.96
[step 16610/20000] loss=1.0198 lr=2.378e-05 grad_norm=2.226 samples/s=74.96
[step 16620/20000] loss=0.7254 lr=2.366e-05 grad_norm=1.228 samples/s=74.96
[step 16630/20000] loss=0.9447 lr=2.354e-05 grad_norm=1.731 samples/s=74.95
[step 16640/20000] loss=1.3411 lr=2.342e-05 grad_norm=2.814 samples/s=74.95
[step 16650/20000] loss=1.4258 lr=2.330e-05 grad_norm=2.061 samples/s=74.95
[step 16660/20000] loss=1.2948 lr=2.318e-05 grad_norm=1.959 samples/s=74.96
[step 16670/20000] loss=0.8786 lr=2.306e-05 grad_norm=2.034 samples/s=74.94
[step 16680/20000] loss=0.9149 lr=2.295e-05 grad_norm=4.085 samples/s=74.95
[step 16690/20000] loss=1.3424 lr=2.283e-05 grad_norm=4.763 samples/s=74.94
[step 16700/20000] loss=1.6152 lr=2.271e-05 grad_norm=1.573 samples/s=74.94
[step 16710/20000] loss=1.5107 lr=2.260e-05 grad_norm=2.679 samples/s=74.93
[step 16720/20000] loss=1.1513 lr=2.248e-05 grad_norm=2.878 samples/s=74.94
[step 16730/20000] loss=1.1276 lr=2.236e-05 grad_norm=2.541 samples/s=74.93
[step 16740/20000] loss=1.1760 lr=2.225e-05 grad_norm=2.215 samples/s=74.94
[step 16750/20000] loss=0.7844 lr=2.213e-05 grad_norm=2.251 samples/s=74.92
[step 16760/20000] loss=1.0775 lr=2.202e-05 grad_norm=2.380 samples/s=74.93
[step 16770/20000] loss=0.8571 lr=2.190e-05 grad_norm=1.725 samples/s=74.93
[step 16780/20000] loss=1.7681 lr=2.179e-05 grad_norm=2.986 samples/s=74.93
[step 16790/20000] loss=0.9400 lr=2.167e-05 grad_norm=1.679 samples/s=74.93
[step 16800/20000] loss=1.0565 lr=2.156e-05 grad_norm=3.095 samples/s=74.93
[step 16810/20000] loss=0.8172 lr=2.145e-05 grad_norm=1.606 samples/s=74.93
[step 16820/20000] loss=0.8063 lr=2.133e-05 grad_norm=2.405 samples/s=74.93
[step 16830/20000] loss=0.8230 lr=2.122e-05 grad_norm=1.292 samples/s=74.92
[step 16840/20000] loss=0.9720 lr=2.111e-05 grad_norm=2.525 samples/s=74.92
[step 16850/20000] loss=1.1738 lr=2.100e-05 grad_norm=2.404 samples/s=74.92
[step 16860/20000] loss=1.9947 lr=2.089e-05 grad_norm=4.000 samples/s=74.92
[step 16870/20000] loss=0.7830 lr=2.077e-05 grad_norm=1.976 samples/s=74.92
[step 16880/20000] loss=1.4409 lr=2.066e-05 grad_norm=3.332 samples/s=74.92
[step 16890/20000] loss=1.3949 lr=2.055e-05 grad_norm=1.876 samples/s=74.92
[step 16900/20000] loss=1.4873 lr=2.044e-05 grad_norm=2.586 samples/s=74.93
[step 16910/20000] loss=1.1421 lr=2.033e-05 grad_norm=4.655 samples/s=74.91
[step 16920/20000] loss=1.4076 lr=2.022e-05 grad_norm=2.252 samples/s=74.92
[step 16930/20000] loss=1.5939 lr=2.011e-05 grad_norm=7.204 samples/s=74.92
[step 16940/20000] loss=0.9452 lr=2.000e-05 grad_norm=1.980 samples/s=74.91
[step 16950/20000] loss=0.7322 lr=1.990e-05 grad_norm=3.662 samples/s=74.91
[step 16960/20000] loss=0.8329 lr=1.979e-05 grad_norm=1.566 samples/s=74.91
[step 16970/20000] loss=1.0567 lr=1.968e-05 grad_norm=2.794 samples/s=74.91
[step 16980/20000] loss=0.8848 lr=1.957e-05 grad_norm=1.504 samples/s=74.90
[step 16990/20000] loss=0.8113 lr=1.946e-05 grad_norm=1.425 samples/s=74.91
[step 17000/20000] loss=1.0458 lr=1.936e-05 grad_norm=1.914 samples/s=74.90
[val step 17000] loss=1.284585985660553 m01={'mean': 0.40862113152006746, 'median': 0.40852444041643865, 'p95': 0.677202643144526, 'tail_frac_gt4px': 8.194706219782021e-05, 'n_matched': 12203} m02={'12-16': 0.9152249134948097, '16-32': 0.9533989911121787, '32-64': 0.9456325689255347, '64-128': 0.940897597977244} m04={'accuracy': 0.9563222158485618, 'by_octave': {'12-16': 0.8771266540642723, '16-32': 0.9614512471655329, '32-64': 0.9782016348773842, '64-128': 0.9647295935505542}} diag={'gate3_alpha_mean': 0.2520146369934082, 'gate3_alpha_min': 0.01599884033203125, 'gate3_alpha_max': 0.984130859375, 'gate3_alpha_std': 0.14931616187095642, 'gate3_alpha_p10': 0.08319091796875, 'gate3_alpha_p50': 0.2276611328125, 'gate3_alpha_p90': 0.44970703125, 'block0_attn_entropy': 7.127476692199707, 'block1_attn_entropy': 7.461364269256592}
[step 17010/20000] loss=0.9222 lr=1.925e-05 grad_norm=1.974 samples/s=74.93
[step 17020/20000] loss=0.7666 lr=1.914e-05 grad_norm=2.083 samples/s=74.95
[step 17030/20000] loss=0.7502 lr=1.904e-05 grad_norm=1.961 samples/s=74.94
[step 17040/20000] loss=0.7351 lr=1.893e-05 grad_norm=1.804 samples/s=74.94
[step 17050/20000] loss=0.8552 lr=1.883e-05 grad_norm=3.287 samples/s=74.94
[step 17060/20000] loss=1.0818 lr=1.872e-05 grad_norm=3.191 samples/s=74.94
[step 17070/20000] loss=1.2230 lr=1.862e-05 grad_norm=1.936 samples/s=74.94
[step 17080/20000] loss=1.2754 lr=1.851e-05 grad_norm=3.275 samples/s=74.94
[step 17090/20000] loss=1.3645 lr=1.841e-05 grad_norm=2.100 samples/s=74.94
[step 17100/20000] loss=2.0186 lr=1.830e-05 grad_norm=2.269 samples/s=74.93
[step 17110/20000] loss=1.3655 lr=1.820e-05 grad_norm=3.335 samples/s=74.93
[step 17120/20000] loss=1.4397 lr=1.810e-05 grad_norm=2.862 samples/s=74.93
[step 17130/20000] loss=1.3705 lr=1.799e-05 grad_norm=3.859 samples/s=74.93
[step 17140/20000] loss=1.1963 lr=1.789e-05 grad_norm=3.486 samples/s=74.93
[step 17150/20000] loss=0.8315 lr=1.779e-05 grad_norm=1.728 samples/s=74.92
[step 17160/20000] loss=1.0399 lr=1.769e-05 grad_norm=3.446 samples/s=74.92
[step 17170/20000] loss=0.6004 lr=1.759e-05 grad_norm=1.154 samples/s=74.91
[step 17180/20000] loss=1.2637 lr=1.748e-05 grad_norm=2.830 samples/s=74.91
[step 17190/20000] loss=1.7294 lr=1.738e-05 grad_norm=2.955 samples/s=74.90
[step 17200/20000] loss=1.1398 lr=1.728e-05 grad_norm=2.741 samples/s=74.91
[step 17210/20000] loss=1.6624 lr=1.718e-05 grad_norm=3.119 samples/s=74.90
[step 17220/20000] loss=1.5800 lr=1.708e-05 grad_norm=5.405 samples/s=74.92
[step 17230/20000] loss=1.0340 lr=1.698e-05 grad_norm=3.089 samples/s=74.91
[step 17240/20000] loss=1.0058 lr=1.688e-05 grad_norm=3.279 samples/s=74.91
[step 17250/20000] loss=0.8787 lr=1.679e-05 grad_norm=2.796 samples/s=74.91
[step 17260/20000] loss=0.9293 lr=1.669e-05 grad_norm=2.914 samples/s=74.92
[step 17270/20000] loss=2.0246 lr=1.659e-05 grad_norm=3.423 samples/s=74.91
[step 17280/20000] loss=1.2233 lr=1.649e-05 grad_norm=2.166 samples/s=74.91
[step 17290/20000] loss=1.7983 lr=1.639e-05 grad_norm=1.503 samples/s=74.91
[step 17300/20000] loss=1.1421 lr=1.630e-05 grad_norm=2.598 samples/s=74.91
[step 17310/20000] loss=1.1658 lr=1.620e-05 grad_norm=2.745 samples/s=74.91
[step 17320/20000] loss=0.9098 lr=1.610e-05 grad_norm=1.643 samples/s=74.90
[step 17330/20000] loss=1.0189 lr=1.601e-05 grad_norm=1.923 samples/s=74.92
[step 17340/20000] loss=1.7093 lr=1.591e-05 grad_norm=3.047 samples/s=74.91
[step 17350/20000] loss=1.4228 lr=1.582e-05 grad_norm=2.921 samples/s=74.92
[step 17360/20000] loss=1.3809 lr=1.572e-05 grad_norm=2.947 samples/s=74.91
[step 17370/20000] loss=0.8082 lr=1.563e-05 grad_norm=1.845 samples/s=74.91
[step 17380/20000] loss=0.8783 lr=1.553e-05 grad_norm=1.262 samples/s=74.91
[step 17390/20000] loss=1.0934 lr=1.544e-05 grad_norm=1.981 samples/s=74.91
[step 17400/20000] loss=1.1189 lr=1.534e-05 grad_norm=1.895 samples/s=74.91
[step 17410/20000] loss=0.8535 lr=1.525e-05 grad_norm=1.586 samples/s=74.91
[step 17420/20000] loss=0.8462 lr=1.516e-05 grad_norm=1.641 samples/s=74.90
[step 17430/20000] loss=1.2442 lr=1.506e-05 grad_norm=3.263 samples/s=74.90
[step 17440/20000] loss=1.1243 lr=1.497e-05 grad_norm=2.111 samples/s=74.90
[step 17450/20000] loss=1.2994 lr=1.488e-05 grad_norm=2.443 samples/s=74.90
[step 17460/20000] loss=1.2320 lr=1.479e-05 grad_norm=1.794 samples/s=74.90
[step 17470/20000] loss=1.1471 lr=1.470e-05 grad_norm=4.224 samples/s=74.91
[step 17480/20000] loss=0.9514 lr=1.461e-05 grad_norm=2.445 samples/s=74.90
[step 17490/20000] loss=1.5949 lr=1.452e-05 grad_norm=2.121 samples/s=74.90
[step 17500/20000] loss=1.3822 lr=1.443e-05 grad_norm=2.438 samples/s=74.90
[val step 17500] loss=1.2842772550582886 m01={'mean': 0.40872813415049297, 'median': 0.40858137532990735, 'p95': 0.678039774657797, 'tail_frac_gt4px': 8.195377806916898e-05, 'n_matched': 12202} m02={'12-16': 0.9152249134948097, '16-32': 0.9529185683401393, '32-64': 0.9461479000257665, '64-128': 0.9405815423514539} m04={'accuracy': 0.9564005900672021, 'by_octave': {'12-16': 0.8790170132325141, '16-32': 0.9611797327955633, '32-64': 0.9787581699346405, '64-128': 0.9637096774193549}} diag={'gate3_alpha_mean': 0.2524554133415222, 'gate3_alpha_min': 0.01599884033203125, 'gate3_alpha_max': 0.984130859375, 'gate3_alpha_std': 0.14932352304458618, 'gate3_alpha_p10': 0.083404541015625, 'gate3_alpha_p50': 0.22821044921875, 'gate3_alpha_p90': 0.45001792907714844, 'block0_attn_entropy': 7.127522945404053, 'block1_attn_entropy': 7.460475444793701}
[step 17510/20000] loss=1.3942 lr=1.434e-05 grad_norm=1.698 samples/s=74.93
[step 17520/20000] loss=1.2139 lr=1.425e-05 grad_norm=2.532 samples/s=74.95
[step 17530/20000] loss=0.8877 lr=1.416e-05 grad_norm=1.771 samples/s=74.95
[step 17540/20000] loss=1.6586 lr=1.407e-05 grad_norm=1.866 samples/s=74.95
[step 17550/20000] loss=1.0801 lr=1.398e-05 grad_norm=1.939 samples/s=74.94
[step 17560/20000] loss=1.4237 lr=1.389e-05 grad_norm=2.328 samples/s=74.94
[step 17570/20000] loss=0.7283 lr=1.380e-05 grad_norm=2.167 samples/s=74.94
[step 17580/20000] loss=1.1334 lr=1.371e-05 grad_norm=3.633 samples/s=74.94
[step 17590/20000] loss=1.7493 lr=1.363e-05 grad_norm=3.106 samples/s=74.94
[step 17600/20000] loss=1.1045 lr=1.354e-05 grad_norm=2.310 samples/s=74.94
[step 17610/20000] loss=1.0762 lr=1.345e-05 grad_norm=2.217 samples/s=74.93
[step 17620/20000] loss=0.9551 lr=1.337e-05 grad_norm=1.423 samples/s=74.94
[step 17630/20000] loss=1.0054 lr=1.328e-05 grad_norm=1.650 samples/s=74.94
[step 17640/20000] loss=1.1761 lr=1.320e-05 grad_norm=2.090 samples/s=74.94
[step 17650/20000] loss=1.6370 lr=1.311e-05 grad_norm=3.356 samples/s=74.94
[step 17660/20000] loss=1.7300 lr=1.303e-05 grad_norm=3.583 samples/s=74.94
[step 17670/20000] loss=0.6993 lr=1.294e-05 grad_norm=2.481 samples/s=74.93
[step 17680/20000] loss=1.9702 lr=1.286e-05 grad_norm=5.984 samples/s=74.93
[step 17690/20000] loss=1.6984 lr=1.277e-05 grad_norm=3.159 samples/s=74.93
[step 17700/20000] loss=1.0594 lr=1.269e-05 grad_norm=1.203 samples/s=74.94
[step 17710/20000] loss=1.9427 lr=1.261e-05 grad_norm=4.659 samples/s=74.93
[step 17720/20000] loss=0.6921 lr=1.252e-05 grad_norm=1.735 samples/s=74.94
[step 17730/20000] loss=1.5231 lr=1.244e-05 grad_norm=1.940 samples/s=74.93
[step 17740/20000] loss=0.7654 lr=1.236e-05 grad_norm=2.443 samples/s=74.93
[step 17750/20000] loss=0.9513 lr=1.228e-05 grad_norm=3.049 samples/s=74.93
[step 17760/20000] loss=1.1380 lr=1.220e-05 grad_norm=1.922 samples/s=74.93
[step 17770/20000] loss=1.1064 lr=1.212e-05 grad_norm=1.939 samples/s=74.92
[step 17780/20000] loss=1.4684 lr=1.204e-05 grad_norm=5.237 samples/s=74.93
[step 17790/20000] loss=0.9280 lr=1.195e-05 grad_norm=2.274 samples/s=74.92
[step 17800/20000] loss=1.3253 lr=1.187e-05 grad_norm=2.271 samples/s=74.93
[step 17810/20000] loss=0.8080 lr=1.180e-05 grad_norm=3.363 samples/s=74.92
[step 17820/20000] loss=0.8857 lr=1.172e-05 grad_norm=1.216 samples/s=74.93
[step 17830/20000] loss=0.7329 lr=1.164e-05 grad_norm=1.939 samples/s=74.91
[step 17840/20000] loss=1.3691 lr=1.156e-05 grad_norm=3.409 samples/s=74.93
[step 17850/20000] loss=0.8831 lr=1.148e-05 grad_norm=3.181 samples/s=74.92
[step 17860/20000] loss=0.9812 lr=1.140e-05 grad_norm=2.057 samples/s=74.92
[step 17870/20000] loss=1.8451 lr=1.132e-05 grad_norm=2.323 samples/s=74.92
[step 17880/20000] loss=1.5478 lr=1.125e-05 grad_norm=2.531 samples/s=74.92
[step 17890/20000] loss=1.1115 lr=1.117e-05 grad_norm=2.997 samples/s=74.92
[step 17900/20000] loss=0.7293 lr=1.109e-05 grad_norm=1.600 samples/s=74.93
[step 17910/20000] loss=0.7369 lr=1.102e-05 grad_norm=2.114 samples/s=74.92
[step 17920/20000] loss=0.8409 lr=1.094e-05 grad_norm=1.439 samples/s=74.93
[step 17930/20000] loss=1.8764 lr=1.087e-05 grad_norm=3.388 samples/s=74.93
[step 17940/20000] loss=1.2555 lr=1.079e-05 grad_norm=1.687 samples/s=74.93
[step 17950/20000] loss=1.1106 lr=1.072e-05 grad_norm=2.588 samples/s=74.93
[step 17960/20000] loss=1.2621 lr=1.064e-05 grad_norm=1.781 samples/s=74.93
[step 17970/20000] loss=1.3091 lr=1.057e-05 grad_norm=3.008 samples/s=74.93
[step 17980/20000] loss=0.8017 lr=1.049e-05 grad_norm=1.104 samples/s=74.93
[step 17990/20000] loss=1.5082 lr=1.042e-05 grad_norm=2.064 samples/s=74.93
[step 18000/20000] loss=1.5157 lr=1.035e-05 grad_norm=3.576 samples/s=74.93
[val step 18000] loss=1.2834997477531433 m01={'mean': 0.4087808646799007, 'median': 0.40862138680439386, 'p95': 0.6778050511892881, 'tail_frac_gt4px': 8.192692118630181e-05, 'n_matched': 12206} m02={'12-16': 0.9158016147635525, '16-32': 0.9536392024981984, '32-64': 0.9461479000257665, '64-128': 0.9405815423514539} m04={'accuracy': 0.9573980009831231, 'by_octave': {'12-16': 0.8778337531486146, '16-32': 0.96272040302267, '32-64': 0.9790305010893247, '64-128': 0.9660618279569892}} diag={'gate3_alpha_mean': 0.2533310055732727, 'gate3_alpha_min': 0.01619720458984375, 'gate3_alpha_max': 0.984130859375, 'gate3_alpha_std': 0.1495814472436905, 'gate3_alpha_p10': 0.0839080810546875, 'gate3_alpha_p50': 0.229217529296875, 'gate3_alpha_p90': 0.451171875, 'block0_attn_entropy': 7.127212047576904, 'block1_attn_entropy': 7.462137222290039}
[step 18010/20000] loss=1.4507 lr=1.028e-05 grad_norm=3.514 samples/s=74.95
[step 18020/20000] loss=1.1377 lr=1.020e-05 grad_norm=4.270 samples/s=74.98
[step 18030/20000] loss=0.9124 lr=1.013e-05 grad_norm=2.022 samples/s=74.98
[step 18040/20000] loss=1.0286 lr=1.006e-05 grad_norm=1.743 samples/s=74.98
[step 18050/20000] loss=1.6924 lr=9.988e-06 grad_norm=2.907 samples/s=74.97
[step 18060/20000] loss=1.1485 lr=9.917e-06 grad_norm=2.717 samples/s=74.97
[step 18070/20000] loss=1.5322 lr=9.847e-06 grad_norm=2.050 samples/s=74.96
[step 18080/20000] loss=1.3051 lr=9.777e-06 grad_norm=1.864 samples/s=74.96
[step 18090/20000] loss=1.3044 lr=9.707e-06 grad_norm=4.290 samples/s=74.97
[step 18100/20000] loss=1.3372 lr=9.637e-06 grad_norm=2.143 samples/s=74.96
[step 18110/20000] loss=0.9858 lr=9.568e-06 grad_norm=3.636 samples/s=74.97
[step 18120/20000] loss=1.2227 lr=9.499e-06 grad_norm=2.856 samples/s=74.97
[step 18130/20000] loss=1.2816 lr=9.431e-06 grad_norm=2.457 samples/s=74.97
[step 18140/20000] loss=0.5731 lr=9.363e-06 grad_norm=1.280 samples/s=74.97
[step 18150/20000] loss=1.0954 lr=9.295e-06 grad_norm=2.705 samples/s=74.97
[step 18160/20000] loss=1.5062 lr=9.228e-06 grad_norm=2.088 samples/s=74.97
[step 18170/20000] loss=0.7912 lr=9.161e-06 grad_norm=1.575 samples/s=74.97
[step 18180/20000] loss=1.0333 lr=9.094e-06 grad_norm=3.555 samples/s=74.97
[step 18190/20000] loss=0.6005 lr=9.028e-06 grad_norm=1.684 samples/s=74.97
[step 18200/20000] loss=1.0934 lr=8.962e-06 grad_norm=1.659 samples/s=74.97
[step 18210/20000] loss=1.2123 lr=8.896e-06 grad_norm=3.032 samples/s=74.97
[step 18220/20000] loss=1.0836 lr=8.831e-06 grad_norm=2.465 samples/s=74.96
[step 18230/20000] loss=0.7102 lr=8.766e-06 grad_norm=1.526 samples/s=74.97
[step 18240/20000] loss=2.3119 lr=8.702e-06 grad_norm=2.943 samples/s=74.97
[step 18250/20000] loss=0.7675 lr=8.638e-06 grad_norm=2.191 samples/s=74.97
[step 18260/20000] loss=1.0538 lr=8.574e-06 grad_norm=2.715 samples/s=74.97
[step 18270/20000] loss=1.1517 lr=8.510e-06 grad_norm=2.212 samples/s=74.97
[step 18280/20000] loss=1.1083 lr=8.447e-06 grad_norm=1.550 samples/s=74.97
[step 18290/20000] loss=1.0102 lr=8.385e-06 grad_norm=3.926 samples/s=74.97
[step 18300/20000] loss=1.5372 lr=8.322e-06 grad_norm=2.753 samples/s=74.96
[step 18310/20000] loss=0.7567 lr=8.260e-06 grad_norm=2.875 samples/s=74.96
[step 18320/20000] loss=1.0733 lr=8.198e-06 grad_norm=2.099 samples/s=74.96
[step 18330/20000] loss=1.6685 lr=8.137e-06 grad_norm=1.509 samples/s=74.97
[step 18340/20000] loss=1.1766 lr=8.076e-06 grad_norm=1.719 samples/s=74.97
[step 18350/20000] loss=1.1257 lr=8.016e-06 grad_norm=2.297 samples/s=74.97
[step 18360/20000] loss=1.6219 lr=7.955e-06 grad_norm=2.460 samples/s=74.97
[step 18370/20000] loss=0.7463 lr=7.896e-06 grad_norm=1.683 samples/s=74.97
[step 18380/20000] loss=1.6265 lr=7.836e-06 grad_norm=1.885 samples/s=74.97
[step 18390/20000] loss=0.8516 lr=7.777e-06 grad_norm=1.698 samples/s=74.97
[step 18400/20000] loss=1.7103 lr=7.718e-06 grad_norm=2.474 samples/s=74.97
[step 18410/20000] loss=1.4332 lr=7.660e-06 grad_norm=4.357 samples/s=74.97
[step 18420/20000] loss=1.1089 lr=7.601e-06 grad_norm=3.178 samples/s=74.97
[step 18430/20000] loss=0.9636 lr=7.544e-06 grad_norm=1.757 samples/s=74.97
[step 18440/20000] loss=0.8863 lr=7.486e-06 grad_norm=1.617 samples/s=74.96
[step 18450/20000] loss=1.0904 lr=7.429e-06 grad_norm=2.341 samples/s=74.97
[step 18460/20000] loss=0.8236 lr=7.373e-06 grad_norm=1.661 samples/s=74.96
[step 18470/20000] loss=1.2634 lr=7.316e-06 grad_norm=2.603 samples/s=74.97
[step 18480/20000] loss=1.4694 lr=7.261e-06 grad_norm=2.118 samples/s=74.97
[step 18490/20000] loss=0.9100 lr=7.205e-06 grad_norm=2.538 samples/s=74.98
[step 18500/20000] loss=0.9552 lr=7.150e-06 grad_norm=1.701 samples/s=74.97
[val step 18500] loss=1.2831444444656372 m01={'mean': 0.40881334887740095, 'median': 0.40864386144576836, 'p95': 0.6778066117758937, 'tail_frac_gt4px': 8.19336337566571e-05, 'n_matched': 12205} m02={'12-16': 0.9158016147635525, '16-32': 0.9533989911121787, '32-64': 0.9458902344756506, '64-128': 0.940897597977244} m04={'accuracy': 0.956739041376485, 'by_octave': {'12-16': 0.8778337531486146, '16-32': 0.9627110103300579, '32-64': 0.9784799782075728, '64-128': 0.9640577762848506}} diag={'gate3_alpha_mean': 0.2531086802482605, 'gate3_alpha_min': 0.01599884033203125, 'gate3_alpha_max': 0.984130859375, 'gate3_alpha_std': 0.14949074387550354, 'gate3_alpha_p10': 0.0836944580078125, 'gate3_alpha_p50': 0.22900390625, 'gate3_alpha_p90': 0.450927734375, 'block0_attn_entropy': 7.127185821533203, 'block1_attn_entropy': 7.4638447761535645}
[step 18510/20000] loss=0.6292 lr=7.095e-06 grad_norm=2.536 samples/s=74.99
[step 18520/20000] loss=1.4417 lr=7.040e-06 grad_norm=3.273 samples/s=75.02
[step 18530/20000] loss=1.4726 lr=6.986e-06 grad_norm=3.073 samples/s=75.02
[step 18540/20000] loss=1.3001 lr=6.932e-06 grad_norm=2.242 samples/s=75.01
[step 18550/20000] loss=1.5217 lr=6.879e-06 grad_norm=2.403 samples/s=75.00
[step 18560/20000] loss=0.7793 lr=6.826e-06 grad_norm=1.735 samples/s=75.00
[step 18570/20000] loss=1.1811 lr=6.773e-06 grad_norm=2.800 samples/s=75.00
[step 18580/20000] loss=0.6389 lr=6.721e-06 grad_norm=1.561 samples/s=75.01
[step 18590/20000] loss=1.0867 lr=6.669e-06 grad_norm=2.204 samples/s=75.00
[step 18600/20000] loss=1.4517 lr=6.617e-06 grad_norm=3.317 samples/s=75.00
[step 18610/20000] loss=1.0802 lr=6.566e-06 grad_norm=2.516 samples/s=74.99
[step 18620/20000] loss=1.5136 lr=6.515e-06 grad_norm=3.509 samples/s=75.00
[step 18630/20000] loss=1.2795 lr=6.465e-06 grad_norm=3.138 samples/s=74.99
[step 18640/20000] loss=0.8491 lr=6.415e-06 grad_norm=1.747 samples/s=74.99
[step 18650/20000] loss=1.1142 lr=6.365e-06 grad_norm=1.582 samples/s=74.99
[step 18660/20000] loss=1.4647 lr=6.315e-06 grad_norm=1.724 samples/s=75.00
[step 18670/20000] loss=0.5723 lr=6.266e-06 grad_norm=1.043 samples/s=74.99
[step 18680/20000] loss=0.9415 lr=6.218e-06 grad_norm=2.489 samples/s=74.99
[step 18690/20000] loss=1.0316 lr=6.169e-06 grad_norm=1.485 samples/s=74.99
[step 18700/20000] loss=1.4612 lr=6.121e-06 grad_norm=4.536 samples/s=75.00
[step 18710/20000] loss=1.8142 lr=6.074e-06 grad_norm=3.509 samples/s=74.99
[step 18720/20000] loss=2.0774 lr=6.026e-06 grad_norm=2.408 samples/s=75.00
[step 18730/20000] loss=0.9399 lr=5.979e-06 grad_norm=3.246 samples/s=74.99
[step 18740/20000] loss=0.9329 lr=5.933e-06 grad_norm=1.830 samples/s=74.99
[step 18750/20000] loss=1.1813 lr=5.887e-06 grad_norm=2.404 samples/s=74.98
[step 18760/20000] loss=1.4653 lr=5.841e-06 grad_norm=3.924 samples/s=74.99
[step 18770/20000] loss=1.0165 lr=5.795e-06 grad_norm=1.323 samples/s=74.98
[step 18780/20000] loss=1.0361 lr=5.750e-06 grad_norm=7.699 samples/s=74.98
[step 18790/20000] loss=0.6587 lr=5.706e-06 grad_norm=1.682 samples/s=74.98
[step 18800/20000] loss=1.1873 lr=5.661e-06 grad_norm=2.649 samples/s=74.99
[step 18810/20000] loss=1.0211 lr=5.617e-06 grad_norm=1.963 samples/s=74.98
[step 18820/20000] loss=0.8491 lr=5.574e-06 grad_norm=2.005 samples/s=74.98
[step 18830/20000] loss=0.8870 lr=5.530e-06 grad_norm=2.472 samples/s=74.98
[step 18840/20000] loss=1.5954 lr=5.487e-06 grad_norm=2.810 samples/s=74.98
[step 18850/20000] loss=0.9341 lr=5.445e-06 grad_norm=3.010 samples/s=74.98
[step 18860/20000] loss=1.3288 lr=5.403e-06 grad_norm=2.610 samples/s=74.98
[step 18870/20000] loss=1.1839 lr=5.361e-06 grad_norm=3.131 samples/s=74.98
[step 18880/20000] loss=1.7360 lr=5.319e-06 grad_norm=1.981 samples/s=74.98
[step 18890/20000] loss=1.5242 lr=5.278e-06 grad_norm=2.895 samples/s=74.98
[step 18900/20000] loss=0.9596 lr=5.238e-06 grad_norm=1.827 samples/s=74.99
[step 18910/20000] loss=0.7953 lr=5.197e-06 grad_norm=2.474 samples/s=74.98
[step 18920/20000] loss=1.5295 lr=5.157e-06 grad_norm=4.504 samples/s=74.99
[step 18930/20000] loss=0.8131 lr=5.118e-06 grad_norm=2.603 samples/s=74.99
[step 18940/20000] loss=1.5097 lr=5.078e-06 grad_norm=6.245 samples/s=74.98
[step 18950/20000] loss=1.2511 lr=5.039e-06 grad_norm=1.776 samples/s=74.98
[step 18960/20000] loss=0.7421 lr=5.001e-06 grad_norm=2.840 samples/s=74.97
[step 18970/20000] loss=1.3237 lr=4.963e-06 grad_norm=1.892 samples/s=74.97
[step 18980/20000] loss=1.3499 lr=4.925e-06 grad_norm=2.396 samples/s=74.97
[step 18990/20000] loss=0.7949 lr=4.887e-06 grad_norm=2.334 samples/s=74.98
[step 19000/20000] loss=1.0055 lr=4.850e-06 grad_norm=2.671 samples/s=74.98
[val step 19000] loss=1.2829356784820556 m01={'mean': 0.4087170886765635, 'median': 0.40855638516584547, 'p95': 0.6772045460103557, 'tail_frac_gt4px': 8.195377806916898e-05, 'n_matched': 12202} m02={'12-16': 0.9152249134948097, '16-32': 0.9533989911121787, '32-64': 0.9458902344756506, '64-128': 0.9402654867256637} m04={'accuracy': 0.9567284051794788, 'by_octave': {'12-16': 0.8764965343415249, '16-32': 0.963214915595868, '32-64': 0.9784799782075728, '64-128': 0.9640336134453782}} diag={'gate3_alpha_mean': 0.25269395112991333, 'gate3_alpha_min': 0.01595306396484375, 'gate3_alpha_max': 0.984130859375, 'gate3_alpha_std': 0.149415522813797, 'gate3_alpha_p10': 0.08352509140968323, 'gate3_alpha_p50': 0.2284393310546875, 'gate3_alpha_p90': 0.4501953125, 'block0_attn_entropy': 7.127352237701416, 'block1_attn_entropy': 7.463255405426025}
[step 19010/20000] loss=1.1748 lr=4.814e-06 grad_norm=2.903 samples/s=75.00
[step 19020/20000] loss=0.9286 lr=4.777e-06 grad_norm=1.764 samples/s=75.02
[step 19030/20000] loss=1.1504 lr=4.741e-06 grad_norm=3.159 samples/s=75.02
[step 19040/20000] loss=0.8690 lr=4.706e-06 grad_norm=1.944 samples/s=75.03
[step 19050/20000] loss=1.1625 lr=4.670e-06 grad_norm=1.964 samples/s=75.02
[step 19060/20000] loss=0.5519 lr=4.636e-06 grad_norm=1.482 samples/s=75.03
[step 19070/20000] loss=0.6919 lr=4.601e-06 grad_norm=1.355 samples/s=75.02
[step 19080/20000] loss=1.0130 lr=4.567e-06 grad_norm=2.615 samples/s=75.03
[step 19090/20000] loss=1.3733 lr=4.533e-06 grad_norm=2.106 samples/s=75.02
[step 19100/20000] loss=2.1533 lr=4.500e-06 grad_norm=3.769 samples/s=75.02
[step 19110/20000] loss=0.7187 lr=4.467e-06 grad_norm=2.629 samples/s=75.02
[step 19120/20000] loss=1.5491 lr=4.434e-06 grad_norm=2.613 samples/s=75.02
[step 19130/20000] loss=0.9213 lr=4.402e-06 grad_norm=2.505 samples/s=75.01
[step 19140/20000] loss=1.1664 lr=4.370e-06 grad_norm=2.421 samples/s=75.01
[step 19150/20000] loss=1.1127 lr=4.338e-06 grad_norm=2.394 samples/s=75.01
[step 19160/20000] loss=1.0393 lr=4.307e-06 grad_norm=1.624 samples/s=75.01
[step 19170/20000] loss=0.9619 lr=4.276e-06 grad_norm=2.859 samples/s=75.01
[step 19180/20000] loss=0.8932 lr=4.246e-06 grad_norm=1.616 samples/s=75.00
[step 19190/20000] loss=1.5266 lr=4.215e-06 grad_norm=2.266 samples/s=74.99
[step 19200/20000] loss=1.2563 lr=4.186e-06 grad_norm=3.165 samples/s=75.00
[step 19210/20000] loss=0.9283 lr=4.156e-06 grad_norm=1.309 samples/s=75.00
[step 19220/20000] loss=1.8328 lr=4.127e-06 grad_norm=5.217 samples/s=75.00
[step 19230/20000] loss=0.7517 lr=4.099e-06 grad_norm=1.874 samples/s=75.00
[step 19240/20000] loss=1.0885 lr=4.070e-06 grad_norm=1.553 samples/s=75.00
[step 19250/20000] loss=1.3713 lr=4.042e-06 grad_norm=2.301 samples/s=74.99
[step 19260/20000] loss=0.7713 lr=4.015e-06 grad_norm=1.405 samples/s=75.00
[step 19270/20000] loss=1.3103 lr=3.988e-06 grad_norm=3.006 samples/s=74.99
[step 19280/20000] loss=1.1790 lr=3.961e-06 grad_norm=2.567 samples/s=74.99
[step 19290/20000] loss=1.4398 lr=3.934e-06 grad_norm=2.442 samples/s=74.98
[step 19300/20000] loss=0.7972 lr=3.908e-06 grad_norm=1.441 samples/s=74.98
[step 19310/20000] loss=1.1776 lr=3.883e-06 grad_norm=2.034 samples/s=74.98
[step 19320/20000] loss=0.9266 lr=3.857e-06 grad_norm=2.336 samples/s=74.98
[step 19330/20000] loss=1.0664 lr=3.832e-06 grad_norm=2.286 samples/s=74.98
[step 19340/20000] loss=0.7654 lr=3.808e-06 grad_norm=1.283 samples/s=74.99
[step 19350/20000] loss=2.0401 lr=3.784e-06 grad_norm=2.576 samples/s=74.98
[step 19360/20000] loss=0.7741 lr=3.760e-06 grad_norm=1.457 samples/s=74.99
[step 19370/20000] loss=1.1602 lr=3.736e-06 grad_norm=1.512 samples/s=74.97
[step 19380/20000] loss=1.4364 lr=3.713e-06 grad_norm=2.650 samples/s=74.98
[step 19390/20000] loss=0.9881 lr=3.690e-06 grad_norm=2.182 samples/s=74.98
[step 19400/20000] loss=0.7249 lr=3.668e-06 grad_norm=1.767 samples/s=74.98
[step 19410/20000] loss=1.5295 lr=3.646e-06 grad_norm=2.328 samples/s=74.98
[step 19420/20000] loss=1.1859 lr=3.624e-06 grad_norm=2.438 samples/s=74.99
[step 19430/20000] loss=1.9608 lr=3.603e-06 grad_norm=1.638 samples/s=74.98
[step 19440/20000] loss=1.4318 lr=3.582e-06 grad_norm=1.953 samples/s=74.99
[step 19450/20000] loss=0.9007 lr=3.561e-06 grad_norm=2.113 samples/s=74.99
[step 19460/20000] loss=1.8571 lr=3.541e-06 grad_norm=3.744 samples/s=74.99
[step 19470/20000] loss=1.6226 lr=3.521e-06 grad_norm=3.862 samples/s=74.98
[step 19480/20000] loss=1.3129 lr=3.502e-06 grad_norm=3.044 samples/s=74.99
[step 19490/20000] loss=0.7535 lr=3.483e-06 grad_norm=1.749 samples/s=74.98
[step 19500/20000] loss=1.3586 lr=3.464e-06 grad_norm=2.957 samples/s=74.99
[val step 19500] loss=1.2830268077850342 m01={'mean': 0.4089779908286243, 'median': 0.4087474996963729, 'p95': 0.6783114515148778, 'tail_frac_gt4px': 8.19336337566571e-05, 'n_matched': 12205} m02={'12-16': 0.9158016147635525, '16-32': 0.953158779726159, '32-64': 0.9461479000257665, '64-128': 0.940897597977244} m04={'accuracy': 0.9565751741089717, 'by_octave': {'12-16': 0.8759445843828715, '16-32': 0.9632056451612904, '32-64': 0.9782135076252724, '64-128': 0.9640577762848506}} diag={'gate3_alpha_mean': 0.2525958716869354, 'gate3_alpha_min': 0.01586151123046875, 'gate3_alpha_max': 0.984130859375, 'gate3_alpha_std': 0.1493210643529892, 'gate3_alpha_p10': 0.083526611328125, 'gate3_alpha_p50': 0.22833251953125, 'gate3_alpha_p90': 0.4500732421875, 'block0_attn_entropy': 7.127344131469727, 'block1_attn_entropy': 7.463764667510986}
[step 19510/20000] loss=0.7102 lr=3.446e-06 grad_norm=1.706 samples/s=75.02
[step 19520/20000] loss=0.9156 lr=3.428e-06 grad_norm=2.351 samples/s=75.04
[step 19530/20000] loss=0.5374 lr=3.410e-06 grad_norm=1.882 samples/s=75.03
[step 19540/20000] loss=1.1094 lr=3.393e-06 grad_norm=1.890 samples/s=75.03
[step 19550/20000] loss=1.3751 lr=3.376e-06 grad_norm=1.837 samples/s=75.04
[step 19560/20000] loss=1.6381 lr=3.360e-06 grad_norm=4.125 samples/s=75.05
[step 19570/20000] loss=0.8551 lr=3.344e-06 grad_norm=1.368 samples/s=75.06
[step 19580/20000] loss=0.8251 lr=3.328e-06 grad_norm=2.029 samples/s=75.07
[step 19590/20000] loss=1.4755 lr=3.312e-06 grad_norm=4.024 samples/s=75.06
[step 19600/20000] loss=0.7950 lr=3.297e-06 grad_norm=2.441 samples/s=75.07
[step 19610/20000] loss=1.0601 lr=3.283e-06 grad_norm=1.362 samples/s=75.07
[step 19620/20000] loss=1.2888 lr=3.269e-06 grad_norm=2.455 samples/s=75.06
[step 19630/20000] loss=1.8653 lr=3.255e-06 grad_norm=3.487 samples/s=75.06
[step 19640/20000] loss=0.9642 lr=3.241e-06 grad_norm=1.617 samples/s=75.05
[step 19650/20000] loss=1.5025 lr=3.228e-06 grad_norm=3.052 samples/s=75.05
[step 19660/20000] loss=1.2335 lr=3.215e-06 grad_norm=3.060 samples/s=75.05
[step 19670/20000] loss=1.7671 lr=3.203e-06 grad_norm=2.401 samples/s=75.05
[step 19680/20000] loss=0.8440 lr=3.191e-06 grad_norm=2.330 samples/s=75.05
[step 19690/20000] loss=1.0038 lr=3.179e-06 grad_norm=1.996 samples/s=75.05
[step 19700/20000] loss=1.4842 lr=3.168e-06 grad_norm=2.910 samples/s=75.05
[step 19710/20000] loss=0.9479 lr=3.157e-06 grad_norm=3.179 samples/s=75.06
[step 19720/20000] loss=0.9810 lr=3.146e-06 grad_norm=2.086 samples/s=75.05
[step 19730/20000] loss=1.1113 lr=3.136e-06 grad_norm=2.748 samples/s=75.05
[step 19740/20000] loss=0.9942 lr=3.126e-06 grad_norm=3.054 samples/s=75.05
[step 19750/20000] loss=0.9579 lr=3.117e-06 grad_norm=3.155 samples/s=75.06
[step 19760/20000] loss=1.7475 lr=3.107e-06 grad_norm=2.285 samples/s=75.05
[step 19770/20000] loss=0.9326 lr=3.099e-06 grad_norm=2.467 samples/s=75.05
[step 19780/20000] loss=1.9007 lr=3.090e-06 grad_norm=3.209 samples/s=75.05
[step 19790/20000] loss=0.9290 lr=3.082e-06 grad_norm=2.204 samples/s=75.05
[step 19800/20000] loss=1.1843 lr=3.075e-06 grad_norm=2.401 samples/s=75.05
[step 19810/20000] loss=1.0790 lr=3.068e-06 grad_norm=2.010 samples/s=75.05
[step 19820/20000] loss=1.4323 lr=3.061e-06 grad_norm=3.577 samples/s=75.05
[step 19830/20000] loss=1.2990 lr=3.054e-06 grad_norm=2.890 samples/s=75.05
[step 19840/20000] loss=0.6936 lr=3.048e-06 grad_norm=1.629 samples/s=75.05
[step 19850/20000] loss=1.5968 lr=3.042e-06 grad_norm=3.054 samples/s=75.05
[step 19860/20000] loss=0.5296 lr=3.037e-06 grad_norm=1.518 samples/s=75.05
[step 19870/20000] loss=2.0061 lr=3.032e-06 grad_norm=3.054 samples/s=75.06
[step 19880/20000] loss=0.6216 lr=3.027e-06 grad_norm=1.775 samples/s=75.05
[step 19890/20000] loss=2.0640 lr=3.023e-06 grad_norm=2.609 samples/s=75.05
[step 19900/20000] loss=2.0389 lr=3.019e-06 grad_norm=3.134 samples/s=75.05
[step 19910/20000] loss=1.8630 lr=3.015e-06 grad_norm=2.739 samples/s=75.05
[step 19920/20000] loss=1.2108 lr=3.012e-06 grad_norm=2.190 samples/s=75.05
[step 19930/20000] loss=1.2284 lr=3.009e-06 grad_norm=1.767 samples/s=75.05
[step 19940/20000] loss=0.8009 lr=3.007e-06 grad_norm=1.603 samples/s=75.05
[step 19950/20000] loss=1.0119 lr=3.005e-06 grad_norm=1.594 samples/s=75.05
[step 19960/20000] loss=2.2715 lr=3.003e-06 grad_norm=3.151 samples/s=75.04
[step 19970/20000] loss=1.6563 lr=3.002e-06 grad_norm=4.925 samples/s=75.04
[step 19980/20000] loss=0.8040 lr=3.001e-06 grad_norm=1.622 samples/s=75.04
[step 19990/20000] loss=1.1759 lr=3.000e-06 grad_norm=2.210 samples/s=75.04
[step 20000/20000] loss=0.8934 lr=3.000e-06 grad_norm=1.871 samples/s=75.04
[val step 20000] loss=1.2827322421073915 m01={'mean': 0.4088276327637395, 'median': 0.40862138680439386, 'p95': 0.678039774657797, 'tail_frac_gt4px': 8.195377806916898e-05, 'n_matched': 12202} m02={'12-16': 0.9158016147635525, '16-32': 0.9533989911121787, '32-64': 0.9456325689255347, '64-128': 0.9402654867256637} m04={'accuracy': 0.9565644976233404, 'by_octave': {'12-16': 0.8753148614609572, '16-32': 0.9629629629629629, '32-64': 0.9784741144414169, '64-128': 0.9643697478991596}} diag={'gate3_alpha_mean': 0.25277891755104065, 'gate3_alpha_min': 0.01599884033203125, 'gate3_alpha_max': 0.984130859375, 'gate3_alpha_std': 0.14936064183712006, 'gate3_alpha_p10': 0.083587646484375, 'gate3_alpha_p50': 0.22857666015625, 'gate3_alpha_p90': 0.45025634765625, 'block0_attn_entropy': 7.127413749694824, 'block1_attn_entropy': 7.463218688964844}
[FULL val step 20000] loss=1.1954314311504364 m01={'mean': 0.40593387657034824, 'median': 0.4060671883707121, 'p95': 0.6732811980130918, 'tail_frac_gt4px': 5.651815847691637e-05, 'n_matched': 123854} m02={'12-16': 0.9181961490823105, '16-32': 0.9385912956952309, '32-64': 0.9538609989588888, '64-128': 0.9567683387950593} m04={'accuracy': 0.9597348490965169, 'by_octave': {'12-16': 0.8841130664050524, '16-32': 0.968700305424439, '32-64': 0.9824566073900544, '64-128': 0.9605453826900276}}
[train_detector] wrote checkpoint runs/ft13_head_bneck_hm_lr0p1_20k/ckpt_0020000.pt
[train_detector] done: step=20000 train_elapsed=8528.9s val_elapsed=808.7s samples/s=75.04
