[train_detector] finetune from runs/rel_w882_c2_100k_rev6/ckpt_0100000.pt (step 100000): 37,968 of 882,402 params trainable, lr_mult={'cls.*': 1.0}, reinit=[]
[train_detector] stream_seed=2100000 resume_count=0 start_step=0
[step 1/20000] loss=5.9405 lr=0.000e+00 grad_norm=11.364 samples/s=7.39
[step 2/20000] loss=6.1353 lr=3.000e-06 grad_norm=12.112 samples/s=14.59
[step 3/20000] loss=6.5122 lr=6.000e-06 grad_norm=10.302 samples/s=21.61
[step 4/20000] loss=6.2608 lr=9.000e-06 grad_norm=11.915 samples/s=28.46
[step 5/20000] loss=5.7552 lr=1.200e-05 grad_norm=10.073 samples/s=30.26
[step 6/20000] loss=5.1829 lr=1.500e-05 grad_norm=9.497 samples/s=35.65
[step 7/20000] loss=6.6444 lr=1.800e-05 grad_norm=10.520 samples/s=40.81
[step 8/20000] loss=5.8739 lr=2.100e-05 grad_norm=10.021 samples/s=45.74
[step 9/20000] loss=7.2104 lr=2.400e-05 grad_norm=10.428 samples/s=41.47
[step 10/20000] loss=6.4960 lr=2.700e-05 grad_norm=9.122 samples/s=45.18
[step 20/20000] loss=5.7289 lr=5.700e-05 grad_norm=9.497 samples/s=56.72
[step 30/20000] loss=5.1433 lr=8.700e-05 grad_norm=6.549 samples/s=60.29
[step 40/20000] loss=4.7785 lr=1.170e-04 grad_norm=5.522 samples/s=61.46
[step 50/20000] loss=4.3683 lr=1.470e-04 grad_norm=4.594 samples/s=64.10
[step 60/20000] loss=4.7072 lr=1.770e-04 grad_norm=5.499 samples/s=63.03
[step 70/20000] loss=3.7775 lr=2.070e-04 grad_norm=5.140 samples/s=65.74
[step 80/20000] loss=3.1457 lr=2.370e-04 grad_norm=3.865 samples/s=65.31
[step 90/20000] loss=3.5441 lr=2.670e-04 grad_norm=3.340 samples/s=66.53
[step 100/20000] loss=2.7318 lr=2.970e-04 grad_norm=1.775 samples/s=67.41
[step 110/20000] loss=2.3668 lr=3.000e-04 grad_norm=1.551 samples/s=67.57
[step 120/20000] loss=2.4272 lr=3.000e-04 grad_norm=1.217 samples/s=68.87
[step 130/20000] loss=2.2937 lr=3.000e-04 grad_norm=1.425 samples/s=69.77
[step 140/20000] loss=2.7149 lr=3.000e-04 grad_norm=1.055 samples/s=70.25
[step 150/20000] loss=2.3062 lr=3.000e-04 grad_norm=1.111 samples/s=70.77
[step 160/20000] loss=2.5062 lr=3.000e-04 grad_norm=1.170 samples/s=71.36
[step 170/20000] loss=2.5360 lr=3.000e-04 grad_norm=0.869 samples/s=70.78
[step 180/20000] loss=2.2893 lr=3.000e-04 grad_norm=0.888 samples/s=70.60
[step 190/20000] loss=2.1536 lr=3.000e-04 grad_norm=0.758 samples/s=70.30
[step 200/20000] loss=2.9595 lr=3.000e-04 grad_norm=0.936 samples/s=71.28
[step 210/20000] loss=2.7308 lr=3.000e-04 grad_norm=0.694 samples/s=70.80
[step 220/20000] loss=2.0162 lr=3.000e-04 grad_norm=0.729 samples/s=71.26
[step 230/20000] loss=2.5592 lr=3.000e-04 grad_norm=0.765 samples/s=71.28
[step 240/20000] loss=1.8720 lr=3.000e-04 grad_norm=0.670 samples/s=70.63
[step 250/20000] loss=2.1948 lr=3.000e-04 grad_norm=0.586 samples/s=71.07
[step 260/20000] loss=2.4452 lr=3.000e-04 grad_norm=0.672 samples/s=70.97
[step 270/20000] loss=2.4448 lr=2.999e-04 grad_norm=0.964 samples/s=71.18
[step 280/20000] loss=2.6911 lr=2.999e-04 grad_norm=0.733 samples/s=71.66
[step 290/20000] loss=2.0062 lr=2.999e-04 grad_norm=0.644 samples/s=71.92
[step 300/20000] loss=2.4442 lr=2.999e-04 grad_norm=0.763 samples/s=71.98
[step 310/20000] loss=2.2519 lr=2.999e-04 grad_norm=0.668 samples/s=71.79
[step 320/20000] loss=1.8215 lr=2.999e-04 grad_norm=0.762 samples/s=71.73
[step 330/20000] loss=2.4643 lr=2.999e-04 grad_norm=0.628 samples/s=71.25
[step 340/20000] loss=2.1916 lr=2.999e-04 grad_norm=0.798 samples/s=71.69
[step 350/20000] loss=2.4440 lr=2.999e-04 grad_norm=0.898 samples/s=71.14
[step 360/20000] loss=1.7426 lr=2.999e-04 grad_norm=0.734 samples/s=71.04
[step 370/20000] loss=1.8883 lr=2.999e-04 grad_norm=0.667 samples/s=70.84
[step 380/20000] loss=2.0115 lr=2.999e-04 grad_norm=0.545 samples/s=71.27
[step 390/20000] loss=2.1693 lr=2.998e-04 grad_norm=0.640 samples/s=71.63
[step 400/20000] loss=1.8493 lr=2.998e-04 grad_norm=0.620 samples/s=72.33
[step 410/20000] loss=2.3212 lr=2.998e-04 grad_norm=0.846 samples/s=72.58
[step 420/20000] loss=1.9452 lr=2.998e-04 grad_norm=0.738 samples/s=73.17
[step 430/20000] loss=2.0515 lr=2.998e-04 grad_norm=0.622 samples/s=72.63
[step 440/20000] loss=2.7184 lr=2.998e-04 grad_norm=0.687 samples/s=73.02
[step 450/20000] loss=2.5325 lr=2.998e-04 grad_norm=0.707 samples/s=72.97
[step 460/20000] loss=2.2631 lr=2.998e-04 grad_norm=0.699 samples/s=73.17
[step 470/20000] loss=2.7971 lr=2.997e-04 grad_norm=0.641 samples/s=73.21
[step 480/20000] loss=1.7031 lr=2.997e-04 grad_norm=0.657 samples/s=73.36
[step 490/20000] loss=1.8181 lr=2.997e-04 grad_norm=0.938 samples/s=73.36
[step 500/20000] loss=1.8903 lr=2.997e-04 grad_norm=0.714 samples/s=73.53
[val step 500] loss=2.277333801269531 m01={'mean': 0.4093998113886619, 'median': 0.40835430767447695, 'p95': 0.6784585187959586, 'tail_frac_gt4px': 8.185985592665357e-05, 'n_matched': 12216} m02={'12-16': 0.9192618223760092, '16-32': 0.9546000480422772, '32-64': 0.9451172378253028, '64-128': 0.9418457648546145} m04={'accuracy': 0.45088408644400785, 'by_octave': {'12-16': 0.44165621079046424, '16-32': 0.513839959738299, '32-64': 0.47464558342420937, '64-128': 0.34261744966442953}} diag={'gate3_alpha_mean': 0.28227534890174866, 'gate3_alpha_min': 0.01668548583984375, 'gate3_alpha_max': 0.98779296875, 'gate3_alpha_std': 0.1545737236738205, 'gate3_alpha_p10': 0.0999908447265625, 'gate3_alpha_p50': 0.2621116638183594, 'gate3_alpha_p90': 0.4891357421875, 'block0_attn_entropy': 7.1890082359313965, 'block1_attn_entropy': 7.4866156578063965}
[step 510/20000] loss=2.1476 lr=2.997e-04 grad_norm=0.757 samples/s=74.75
[step 520/20000] loss=1.9129 lr=2.997e-04 grad_norm=0.628 samples/s=75.61
[step 530/20000] loss=2.0188 lr=2.997e-04 grad_norm=0.613 samples/s=75.08
[step 540/20000] loss=2.4537 lr=2.996e-04 grad_norm=0.489 samples/s=75.37
[step 550/20000] loss=2.3193 lr=2.996e-04 grad_norm=0.668 samples/s=75.09
[step 560/20000] loss=1.7937 lr=2.996e-04 grad_norm=0.778 samples/s=75.18
[step 570/20000] loss=1.9539 lr=2.996e-04 grad_norm=0.789 samples/s=75.05
[step 580/20000] loss=1.8088 lr=2.996e-04 grad_norm=0.654 samples/s=75.27
[step 590/20000] loss=1.6803 lr=2.996e-04 grad_norm=0.687 samples/s=75.08
[step 600/20000] loss=1.9052 lr=2.995e-04 grad_norm=0.955 samples/s=75.28
[step 610/20000] loss=2.1820 lr=2.995e-04 grad_norm=0.719 samples/s=75.13
[step 620/20000] loss=2.5621 lr=2.995e-04 grad_norm=0.744 samples/s=75.10
[step 630/20000] loss=1.8514 lr=2.995e-04 grad_norm=0.697 samples/s=75.04
[step 640/20000] loss=2.1728 lr=2.995e-04 grad_norm=0.568 samples/s=75.21
[step 650/20000] loss=2.1838 lr=2.994e-04 grad_norm=0.633 samples/s=75.08
[step 660/20000] loss=2.0483 lr=2.994e-04 grad_norm=0.632 samples/s=75.13
[step 670/20000] loss=3.0979 lr=2.994e-04 grad_norm=0.909 samples/s=75.13
[step 680/20000] loss=2.0782 lr=2.994e-04 grad_norm=0.694 samples/s=75.14
[step 690/20000] loss=2.5369 lr=2.994e-04 grad_norm=0.711 samples/s=75.11
[step 700/20000] loss=1.9549 lr=2.993e-04 grad_norm=0.899 samples/s=75.46
[step 710/20000] loss=2.1448 lr=2.993e-04 grad_norm=0.804 samples/s=75.54
[step 720/20000] loss=2.0846 lr=2.993e-04 grad_norm=0.626 samples/s=75.90
[step 730/20000] loss=1.6352 lr=2.993e-04 grad_norm=0.671 samples/s=76.00
[step 740/20000] loss=1.5924 lr=2.992e-04 grad_norm=0.923 samples/s=76.36
[step 750/20000] loss=2.3049 lr=2.992e-04 grad_norm=0.677 samples/s=76.49
[step 760/20000] loss=1.9911 lr=2.992e-04 grad_norm=0.827 samples/s=76.97
[step 770/20000] loss=1.8648 lr=2.992e-04 grad_norm=0.601 samples/s=77.02
[step 780/20000] loss=2.0396 lr=2.991e-04 grad_norm=0.728 samples/s=77.23
[step 790/20000] loss=2.6754 lr=2.991e-04 grad_norm=0.902 samples/s=77.14
[step 800/20000] loss=2.0575 lr=2.991e-04 grad_norm=0.835 samples/s=77.16
[step 810/20000] loss=2.9065 lr=2.991e-04 grad_norm=0.718 samples/s=77.03
[step 820/20000] loss=1.7856 lr=2.990e-04 grad_norm=0.691 samples/s=77.21
[step 830/20000] loss=1.7915 lr=2.990e-04 grad_norm=0.725 samples/s=77.09
[step 840/20000] loss=1.5604 lr=2.990e-04 grad_norm=0.561 samples/s=77.18
[step 850/20000] loss=2.4512 lr=2.990e-04 grad_norm=0.834 samples/s=76.97
[step 860/20000] loss=1.9930 lr=2.989e-04 grad_norm=0.567 samples/s=77.09
[step 870/20000] loss=2.3508 lr=2.989e-04 grad_norm=0.584 samples/s=76.89
[step 880/20000] loss=2.3378 lr=2.989e-04 grad_norm=0.661 samples/s=77.02
[step 890/20000] loss=1.7810 lr=2.988e-04 grad_norm=0.736 samples/s=76.78
[step 900/20000] loss=1.7846 lr=2.988e-04 grad_norm=0.709 samples/s=76.89
[step 910/20000] loss=1.8305 lr=2.988e-04 grad_norm=0.840 samples/s=76.70
[step 920/20000] loss=2.2576 lr=2.988e-04 grad_norm=0.711 samples/s=76.86
[step 930/20000] loss=1.9501 lr=2.987e-04 grad_norm=1.002 samples/s=76.76
[step 940/20000] loss=1.7658 lr=2.987e-04 grad_norm=0.687 samples/s=76.75
[step 950/20000] loss=1.4234 lr=2.987e-04 grad_norm=0.809 samples/s=76.57
[step 960/20000] loss=2.8877 lr=2.986e-04 grad_norm=0.752 samples/s=76.76
[step 970/20000] loss=2.2794 lr=2.986e-04 grad_norm=0.725 samples/s=76.50
[step 980/20000] loss=2.2420 lr=2.986e-04 grad_norm=0.681 samples/s=76.62
[step 990/20000] loss=1.6531 lr=2.985e-04 grad_norm=0.703 samples/s=76.55
[step 1000/20000] loss=1.8470 lr=2.985e-04 grad_norm=0.984 samples/s=76.57
[val step 1000] loss=2.1739072513580324 m01={'mean': 0.4093998113886619, 'median': 0.40835430767447695, 'p95': 0.6784585187959586, 'tail_frac_gt4px': 8.185985592665357e-05, 'n_matched': 12216} m02={'12-16': 0.9192618223760092, '16-32': 0.9546000480422772, '32-64': 0.9451172378253028, '64-128': 0.9418457648546145} m04={'accuracy': 0.5325802226588081, 'by_octave': {'12-16': 0.5432873274780426, '16-32': 0.5870659285354807, '32-64': 0.5588876772082879, '64-128': 0.42181208053691277}} diag={'gate3_alpha_mean': 0.28227534890174866, 'gate3_alpha_min': 0.01668548583984375, 'gate3_alpha_max': 0.98779296875, 'gate3_alpha_std': 0.1545737236738205, 'gate3_alpha_p10': 0.0999908447265625, 'gate3_alpha_p50': 0.2621116638183594, 'gate3_alpha_p90': 0.4891357421875, 'block0_attn_entropy': 7.1890082359313965, 'block1_attn_entropy': 7.4866156578063965}
[step 1010/20000] loss=2.3091 lr=2.985e-04 grad_norm=0.840 samples/s=77.24
[step 1020/20000] loss=2.3923 lr=2.984e-04 grad_norm=0.895 samples/s=77.74
[step 1030/20000] loss=2.5596 lr=2.984e-04 grad_norm=0.593 samples/s=77.78
[step 1040/20000] loss=1.9629 lr=2.984e-04 grad_norm=0.727 samples/s=77.84
[step 1050/20000] loss=2.1740 lr=2.983e-04 grad_norm=0.824 samples/s=77.70
[step 1060/20000] loss=1.9148 lr=2.983e-04 grad_norm=0.598 samples/s=77.76
[step 1070/20000] loss=1.8779 lr=2.983e-04 grad_norm=0.619 samples/s=77.69
[step 1080/20000] loss=1.6979 lr=2.982e-04 grad_norm=0.693 samples/s=77.72
[step 1090/20000] loss=1.8694 lr=2.982e-04 grad_norm=0.626 samples/s=77.58
[step 1100/20000] loss=2.0858 lr=2.982e-04 grad_norm=0.647 samples/s=77.53
[step 1110/20000] loss=2.8061 lr=2.981e-04 grad_norm=0.711 samples/s=77.35
[step 1120/20000] loss=1.5382 lr=2.981e-04 grad_norm=0.809 samples/s=77.50
[step 1130/20000] loss=1.7990 lr=2.980e-04 grad_norm=0.718 samples/s=77.23
[step 1140/20000] loss=1.8344 lr=2.980e-04 grad_norm=0.766 samples/s=77.20
[step 1150/20000] loss=1.8864 lr=2.980e-04 grad_norm=0.617 samples/s=76.87
[step 1160/20000] loss=1.5480 lr=2.979e-04 grad_norm=0.765 samples/s=77.01
[step 1170/20000] loss=2.4409 lr=2.979e-04 grad_norm=0.798 samples/s=76.94
[step 1180/20000] loss=2.0600 lr=2.979e-04 grad_norm=0.903 samples/s=76.98
[step 1190/20000] loss=1.7191 lr=2.978e-04 grad_norm=0.663 samples/s=76.89
[step 1200/20000] loss=2.6346 lr=2.978e-04 grad_norm=0.925 samples/s=76.96
[step 1210/20000] loss=2.0218 lr=2.977e-04 grad_norm=0.684 samples/s=76.87
[step 1220/20000] loss=1.6890 lr=2.977e-04 grad_norm=1.102 samples/s=77.02
[step 1230/20000] loss=1.6112 lr=2.976e-04 grad_norm=0.893 samples/s=76.95
[step 1240/20000] loss=2.2084 lr=2.976e-04 grad_norm=0.753 samples/s=77.04
[step 1250/20000] loss=2.1875 lr=2.976e-04 grad_norm=0.584 samples/s=76.95
[step 1260/20000] loss=1.7154 lr=2.975e-04 grad_norm=0.634 samples/s=77.02
[step 1270/20000] loss=1.7077 lr=2.975e-04 grad_norm=0.719 samples/s=76.97
[step 1280/20000] loss=1.8142 lr=2.974e-04 grad_norm=0.655 samples/s=76.95
[step 1290/20000] loss=1.7822 lr=2.974e-04 grad_norm=0.929 samples/s=76.74
[step 1300/20000] loss=2.0606 lr=2.973e-04 grad_norm=1.030 samples/s=76.77
[step 1310/20000] loss=2.4188 lr=2.973e-04 grad_norm=0.929 samples/s=76.54
[step 1320/20000] loss=1.7671 lr=2.973e-04 grad_norm=0.894 samples/s=76.60
[step 1330/20000] loss=1.6819 lr=2.972e-04 grad_norm=0.626 samples/s=76.52
[step 1340/20000] loss=1.7307 lr=2.972e-04 grad_norm=0.781 samples/s=76.65
[step 1350/20000] loss=1.8339 lr=2.971e-04 grad_norm=0.686 samples/s=76.66
[step 1360/20000] loss=2.0045 lr=2.971e-04 grad_norm=0.814 samples/s=76.77
[step 1370/20000] loss=2.0804 lr=2.970e-04 grad_norm=0.770 samples/s=76.62
[step 1380/20000] loss=2.1531 lr=2.970e-04 grad_norm=0.756 samples/s=76.66
[step 1390/20000] loss=2.2154 lr=2.969e-04 grad_norm=0.923 samples/s=76.51
[step 1400/20000] loss=1.9090 lr=2.969e-04 grad_norm=0.681 samples/s=76.57
[step 1410/20000] loss=2.4555 lr=2.968e-04 grad_norm=0.879 samples/s=76.44
[step 1420/20000] loss=1.5940 lr=2.968e-04 grad_norm=0.834 samples/s=76.52
[step 1430/20000] loss=1.5870 lr=2.967e-04 grad_norm=0.838 samples/s=76.35
[step 1440/20000] loss=1.8275 lr=2.967e-04 grad_norm=0.937 samples/s=76.46
[step 1450/20000] loss=1.8410 lr=2.966e-04 grad_norm=0.748 samples/s=76.33
[step 1460/20000] loss=2.2098 lr=2.966e-04 grad_norm=0.908 samples/s=76.42
[step 1470/20000] loss=2.5057 lr=2.965e-04 grad_norm=0.615 samples/s=76.33
[step 1480/20000] loss=2.8400 lr=2.965e-04 grad_norm=0.730 samples/s=76.45
[step 1490/20000] loss=2.0552 lr=2.964e-04 grad_norm=0.861 samples/s=76.36
[step 1500/20000] loss=1.6133 lr=2.964e-04 grad_norm=1.035 samples/s=76.45
[val step 1500] loss=2.1473164901733397 m01={'mean': 0.4093998113886619, 'median': 0.40835430767447695, 'p95': 0.6784585187959586, 'tail_frac_gt4px': 8.185985592665357e-05, 'n_matched': 12216} m02={'12-16': 0.9192618223760092, '16-32': 0.9546000480422772, '32-64': 0.9451172378253028, '64-128': 0.9418457648546145} m04={'accuracy': 0.5493614931237721, 'by_octave': {'12-16': 0.5470514429109159, '16-32': 0.6092098641167589, '32-64': 0.5736095965103599, '64-128': 0.44093959731543625}} diag={'gate3_alpha_mean': 0.28227534890174866, 'gate3_alpha_min': 0.01668548583984375, 'gate3_alpha_max': 0.98779296875, 'gate3_alpha_std': 0.1545737236738205, 'gate3_alpha_p10': 0.0999908447265625, 'gate3_alpha_p50': 0.2621116638183594, 'gate3_alpha_p90': 0.4891357421875, 'block0_attn_entropy': 7.1890082359313965, 'block1_attn_entropy': 7.4866156578063965}
[step 1510/20000] loss=2.0589 lr=2.963e-04 grad_norm=0.882 samples/s=76.89
[step 1520/20000] loss=1.6869 lr=2.963e-04 grad_norm=0.791 samples/s=77.16
[step 1530/20000] loss=2.5020 lr=2.962e-04 grad_norm=0.919 samples/s=77.07
[step 1540/20000] loss=2.2307 lr=2.962e-04 grad_norm=0.779 samples/s=77.11
[step 1550/20000] loss=1.9987 lr=2.961e-04 grad_norm=0.703 samples/s=77.03
[step 1560/20000] loss=2.7684 lr=2.961e-04 grad_norm=0.638 samples/s=77.08
[step 1570/20000] loss=2.1856 lr=2.960e-04 grad_norm=0.793 samples/s=76.93
[step 1580/20000] loss=1.9867 lr=2.960e-04 grad_norm=0.692 samples/s=76.76
[step 1590/20000] loss=2.3568 lr=2.959e-04 grad_norm=0.578 samples/s=76.81
[step 1600/20000] loss=1.6706 lr=2.959e-04 grad_norm=0.829 samples/s=76.78
[step 1610/20000] loss=2.5301 lr=2.958e-04 grad_norm=0.825 samples/s=76.78
[step 1620/20000] loss=1.7031 lr=2.958e-04 grad_norm=0.703 samples/s=76.71
[step 1630/20000] loss=2.2633 lr=2.957e-04 grad_norm=0.987 samples/s=76.79
[step 1640/20000] loss=2.1767 lr=2.956e-04 grad_norm=0.643 samples/s=76.72
[step 1650/20000] loss=1.7008 lr=2.956e-04 grad_norm=0.777 samples/s=76.79
[step 1660/20000] loss=1.8034 lr=2.955e-04 grad_norm=0.850 samples/s=76.70
[step 1670/20000] loss=2.4076 lr=2.955e-04 grad_norm=0.964 samples/s=76.80
[step 1680/20000] loss=1.9255 lr=2.954e-04 grad_norm=0.706 samples/s=76.71
[step 1690/20000] loss=1.5619 lr=2.954e-04 grad_norm=0.840 samples/s=76.72
[step 1700/20000] loss=2.1104 lr=2.953e-04 grad_norm=0.792 samples/s=76.64
[step 1710/20000] loss=2.2263 lr=2.952e-04 grad_norm=0.845 samples/s=76.70
[step 1720/20000] loss=1.9722 lr=2.952e-04 grad_norm=0.900 samples/s=76.63
[step 1730/20000] loss=1.4457 lr=2.951e-04 grad_norm=0.969 samples/s=76.68
[step 1740/20000] loss=1.9235 lr=2.951e-04 grad_norm=0.827 samples/s=76.67
[step 1750/20000] loss=1.6991 lr=2.950e-04 grad_norm=0.909 samples/s=76.75
[step 1760/20000] loss=1.6571 lr=2.949e-04 grad_norm=0.683 samples/s=76.69
[step 1770/20000] loss=1.9625 lr=2.949e-04 grad_norm=0.702 samples/s=76.63
[step 1780/20000] loss=1.7430 lr=2.948e-04 grad_norm=0.849 samples/s=76.66
[step 1790/20000] loss=2.0201 lr=2.948e-04 grad_norm=0.874 samples/s=76.64
[step 1800/20000] loss=2.0184 lr=2.947e-04 grad_norm=0.698 samples/s=76.64
[step 1810/20000] loss=2.4733 lr=2.946e-04 grad_norm=0.669 samples/s=76.57
[step 1820/20000] loss=2.0717 lr=2.946e-04 grad_norm=0.805 samples/s=76.64
[step 1830/20000] loss=1.8875 lr=2.945e-04 grad_norm=0.633 samples/s=76.63
[step 1840/20000] loss=1.9692 lr=2.944e-04 grad_norm=0.774 samples/s=76.68
[step 1850/20000] loss=2.1086 lr=2.944e-04 grad_norm=0.664 samples/s=76.65
[step 1860/20000] loss=1.8975 lr=2.943e-04 grad_norm=0.686 samples/s=76.63
[step 1870/20000] loss=1.5693 lr=2.942e-04 grad_norm=0.719 samples/s=76.63
[step 1880/20000] loss=1.9034 lr=2.942e-04 grad_norm=0.576 samples/s=76.55
[step 1890/20000] loss=3.0874 lr=2.941e-04 grad_norm=0.649 samples/s=76.60
[step 1900/20000] loss=2.5597 lr=2.941e-04 grad_norm=0.734 samples/s=76.57
[step 1910/20000] loss=1.5198 lr=2.940e-04 grad_norm=0.784 samples/s=76.51
[step 1920/20000] loss=1.9234 lr=2.939e-04 grad_norm=0.806 samples/s=76.59
[step 1930/20000] loss=2.0361 lr=2.939e-04 grad_norm=0.817 samples/s=76.52
[step 1940/20000] loss=2.0969 lr=2.938e-04 grad_norm=0.831 samples/s=76.51
[step 1950/20000] loss=2.0805 lr=2.937e-04 grad_norm=0.778 samples/s=76.36
[step 1960/20000] loss=2.0760 lr=2.937e-04 grad_norm=0.695 samples/s=76.41
[step 1970/20000] loss=1.9796 lr=2.936e-04 grad_norm=0.769 samples/s=76.32
[step 1980/20000] loss=2.1421 lr=2.935e-04 grad_norm=0.850 samples/s=76.38
[step 1990/20000] loss=1.9772 lr=2.934e-04 grad_norm=0.621 samples/s=76.38
[step 2000/20000] loss=2.0195 lr=2.934e-04 grad_norm=0.761 samples/s=76.37
[val step 2000] loss=2.1333490161895754 m01={'mean': 0.4093998113886619, 'median': 0.40835430767447695, 'p95': 0.6784585187959586, 'tail_frac_gt4px': 8.185985592665357e-05, 'n_matched': 12216} m02={'12-16': 0.9192618223760092, '16-32': 0.9546000480422772, '32-64': 0.9451172378253028, '64-128': 0.9418457648546145} m04={'accuracy': 0.5611493123772102, 'by_octave': {'12-16': 0.5577164366373902, '16-32': 0.616758933064922, '32-64': 0.5861504907306434, '64-128': 0.45805369127516776}} diag={'gate3_alpha_mean': 0.28227534890174866, 'gate3_alpha_min': 0.01668548583984375, 'gate3_alpha_max': 0.98779296875, 'gate3_alpha_std': 0.1545737236738205, 'gate3_alpha_p10': 0.0999908447265625, 'gate3_alpha_p50': 0.2621116638183594, 'gate3_alpha_p90': 0.4891357421875, 'block0_attn_entropy': 7.1890082359313965, 'block1_attn_entropy': 7.4866156578063965}
[step 2010/20000] loss=2.1508 lr=2.933e-04 grad_norm=0.794 samples/s=76.67
[step 2020/20000] loss=1.5449 lr=2.932e-04 grad_norm=0.747 samples/s=76.92
[step 2030/20000] loss=1.9335 lr=2.932e-04 grad_norm=0.863 samples/s=76.77
[step 2040/20000] loss=1.6398 lr=2.931e-04 grad_norm=0.743 samples/s=76.84
[step 2050/20000] loss=2.4013 lr=2.930e-04 grad_norm=0.608 samples/s=76.68
[step 2060/20000] loss=2.0292 lr=2.930e-04 grad_norm=0.752 samples/s=76.76
[step 2070/20000] loss=1.7453 lr=2.929e-04 grad_norm=0.918 samples/s=76.72
[step 2080/20000] loss=2.3102 lr=2.928e-04 grad_norm=0.662 samples/s=76.78
[step 2090/20000] loss=2.1401 lr=2.927e-04 grad_norm=0.643 samples/s=76.69
[step 2100/20000] loss=2.1112 lr=2.927e-04 grad_norm=0.972 samples/s=76.79
[step 2110/20000] loss=3.1398 lr=2.926e-04 grad_norm=0.841 samples/s=76.75
[step 2120/20000] loss=2.0177 lr=2.925e-04 grad_norm=0.718 samples/s=76.72
[step 2130/20000] loss=1.9284 lr=2.924e-04 grad_norm=0.789 samples/s=76.63
[step 2140/20000] loss=2.4807 lr=2.924e-04 grad_norm=0.760 samples/s=76.67
[step 2150/20000] loss=2.0042 lr=2.923e-04 grad_norm=0.755 samples/s=76.70
[step 2160/20000] loss=1.7368 lr=2.922e-04 grad_norm=0.697 samples/s=76.71
[step 2170/20000] loss=1.5924 lr=2.921e-04 grad_norm=0.644 samples/s=76.68
[step 2180/20000] loss=2.4407 lr=2.921e-04 grad_norm=0.687 samples/s=76.66
[step 2190/20000] loss=1.9014 lr=2.920e-04 grad_norm=0.807 samples/s=76.54
[step 2200/20000] loss=2.8632 lr=2.919e-04 grad_norm=0.699 samples/s=76.57
[step 2210/20000] loss=2.7143 lr=2.918e-04 grad_norm=0.977 samples/s=76.47
[step 2220/20000] loss=1.7453 lr=2.918e-04 grad_norm=0.865 samples/s=76.56
[step 2230/20000] loss=2.2227 lr=2.917e-04 grad_norm=0.803 samples/s=76.46
[step 2240/20000] loss=2.2224 lr=2.916e-04 grad_norm=0.722 samples/s=76.48
[step 2250/20000] loss=2.2615 lr=2.915e-04 grad_norm=0.890 samples/s=76.42
[step 2260/20000] loss=1.8929 lr=2.915e-04 grad_norm=0.740 samples/s=76.46
[step 2270/20000] loss=1.7706 lr=2.914e-04 grad_norm=0.771 samples/s=76.45
[step 2280/20000] loss=1.8280 lr=2.913e-04 grad_norm=0.654 samples/s=76.51
[step 2290/20000] loss=2.4051 lr=2.912e-04 grad_norm=0.681 samples/s=76.43
[step 2300/20000] loss=2.2031 lr=2.911e-04 grad_norm=0.700 samples/s=76.48
[step 2310/20000] loss=2.0721 lr=2.911e-04 grad_norm=0.693 samples/s=76.45
[step 2320/20000] loss=1.7939 lr=2.910e-04 grad_norm=0.854 samples/s=76.49
[step 2330/20000] loss=1.8525 lr=2.909e-04 grad_norm=0.879 samples/s=76.43
[step 2340/20000] loss=1.9213 lr=2.908e-04 grad_norm=0.751 samples/s=76.49
[step 2350/20000] loss=2.1812 lr=2.907e-04 grad_norm=0.672 samples/s=76.42
[step 2360/20000] loss=2.1188 lr=2.907e-04 grad_norm=0.652 samples/s=76.47
[step 2370/20000] loss=1.9476 lr=2.906e-04 grad_norm=0.719 samples/s=76.39
[step 2380/20000] loss=2.2509 lr=2.905e-04 grad_norm=1.106 samples/s=76.41
[step 2390/20000] loss=2.5318 lr=2.904e-04 grad_norm=0.975 samples/s=76.30
[step 2400/20000] loss=2.3888 lr=2.903e-04 grad_norm=0.782 samples/s=76.21
[step 2410/20000] loss=2.0406 lr=2.902e-04 grad_norm=0.937 samples/s=76.15
[step 2420/20000] loss=2.5130 lr=2.902e-04 grad_norm=0.767 samples/s=76.19
[step 2430/20000] loss=1.9776 lr=2.901e-04 grad_norm=0.895 samples/s=76.21
[step 2440/20000] loss=1.7660 lr=2.900e-04 grad_norm=1.047 samples/s=76.29
[step 2450/20000] loss=2.2966 lr=2.899e-04 grad_norm=0.914 samples/s=76.23
[step 2460/20000] loss=1.8616 lr=2.898e-04 grad_norm=0.872 samples/s=76.25
[step 2470/20000] loss=1.8122 lr=2.897e-04 grad_norm=0.700 samples/s=76.22
[step 2480/20000] loss=2.0979 lr=2.896e-04 grad_norm=0.782 samples/s=76.26
[step 2490/20000] loss=2.2500 lr=2.896e-04 grad_norm=0.674 samples/s=76.11
[step 2500/20000] loss=1.8031 lr=2.895e-04 grad_norm=0.762 samples/s=76.19
[val step 2500] loss=2.1232412357330324 m01={'mean': 0.4093998113886619, 'median': 0.40835430767447695, 'p95': 0.6784585187959586, 'tail_frac_gt4px': 8.185985592665357e-05, 'n_matched': 12216} m02={'12-16': 0.9192618223760092, '16-32': 0.9546000480422772, '32-64': 0.9451172378253028, '64-128': 0.9418457648546145} m04={'accuracy': 0.5678618205631958, 'by_octave': {'12-16': 0.5627352572145545, '16-32': 0.6268243583291394, '32-64': 0.593784078516903, '64-128': 0.46006711409395973}} diag={'gate3_alpha_mean': 0.28227534890174866, 'gate3_alpha_min': 0.01668548583984375, 'gate3_alpha_max': 0.98779296875, 'gate3_alpha_std': 0.1545737236738205, 'gate3_alpha_p10': 0.0999908447265625, 'gate3_alpha_p50': 0.2621116638183594, 'gate3_alpha_p90': 0.4891357421875, 'block0_attn_entropy': 7.1890082359313965, 'block1_attn_entropy': 7.4866156578063965}
[step 2510/20000] loss=1.6794 lr=2.894e-04 grad_norm=0.667 samples/s=76.42
[step 2520/20000] loss=1.6815 lr=2.893e-04 grad_norm=0.664 samples/s=76.61
[step 2530/20000] loss=1.6883 lr=2.892e-04 grad_norm=0.650 samples/s=76.49
[step 2540/20000] loss=2.4153 lr=2.891e-04 grad_norm=0.771 samples/s=76.51
[step 2550/20000] loss=1.7677 lr=2.890e-04 grad_norm=0.798 samples/s=76.44
[step 2560/20000] loss=1.7053 lr=2.890e-04 grad_norm=0.850 samples/s=76.44
[step 2570/20000] loss=1.7113 lr=2.889e-04 grad_norm=0.808 samples/s=76.35
[step 2580/20000] loss=2.1728 lr=2.888e-04 grad_norm=0.612 samples/s=76.41
[step 2590/20000] loss=2.0774 lr=2.887e-04 grad_norm=0.663 samples/s=76.39
[step 2600/20000] loss=1.8966 lr=2.886e-04 grad_norm=0.876 samples/s=76.40
[step 2610/20000] loss=1.9288 lr=2.885e-04 grad_norm=0.855 samples/s=76.42
[step 2620/20000] loss=2.4983 lr=2.884e-04 grad_norm=0.858 samples/s=76.40
[step 2630/20000] loss=1.9725 lr=2.883e-04 grad_norm=1.018 samples/s=76.33
[step 2640/20000] loss=1.7320 lr=2.882e-04 grad_norm=0.704 samples/s=76.21
[step 2650/20000] loss=1.5680 lr=2.881e-04 grad_norm=0.656 samples/s=76.10
[step 2660/20000] loss=1.9607 lr=2.880e-04 grad_norm=0.676 samples/s=76.16
[step 2670/20000] loss=2.5715 lr=2.880e-04 grad_norm=0.651 samples/s=76.15
[step 2680/20000] loss=1.9789 lr=2.879e-04 grad_norm=0.846 samples/s=76.23
[step 2690/20000] loss=2.2383 lr=2.878e-04 grad_norm=0.862 samples/s=76.11
[step 2700/20000] loss=1.9948 lr=2.877e-04 grad_norm=0.902 samples/s=76.18
[step 2710/20000] loss=1.7815 lr=2.876e-04 grad_norm=0.800 samples/s=76.12
[step 2720/20000] loss=2.9459 lr=2.875e-04 grad_norm=0.749 samples/s=76.16
[step 2730/20000] loss=2.4785 lr=2.874e-04 grad_norm=0.721 samples/s=76.10
[step 2740/20000] loss=1.6812 lr=2.873e-04 grad_norm=0.800 samples/s=76.10
[step 2750/20000] loss=1.6200 lr=2.872e-04 grad_norm=0.900 samples/s=76.09
[step 2760/20000] loss=1.8160 lr=2.871e-04 grad_norm=0.930 samples/s=76.12
[step 2770/20000] loss=1.8284 lr=2.870e-04 grad_norm=0.969 samples/s=76.04
[step 2780/20000] loss=2.0640 lr=2.869e-04 grad_norm=0.707 samples/s=76.07
[step 2790/20000] loss=1.6360 lr=2.868e-04 grad_norm=0.970 samples/s=76.00
[step 2800/20000] loss=2.1024 lr=2.867e-04 grad_norm=0.942 samples/s=76.04
[step 2810/20000] loss=1.7083 lr=2.866e-04 grad_norm=0.800 samples/s=75.99
[step 2820/20000] loss=1.5895 lr=2.865e-04 grad_norm=0.712 samples/s=75.99
[step 2830/20000] loss=2.4212 lr=2.864e-04 grad_norm=0.801 samples/s=75.96
[step 2840/20000] loss=2.0186 lr=2.863e-04 grad_norm=0.631 samples/s=75.99
[step 2850/20000] loss=1.9216 lr=2.862e-04 grad_norm=0.719 samples/s=75.97
[step 2860/20000] loss=1.7501 lr=2.861e-04 grad_norm=0.637 samples/s=76.00
[step 2870/20000] loss=2.1575 lr=2.860e-04 grad_norm=0.817 samples/s=75.93
[step 2880/20000] loss=1.7780 lr=2.859e-04 grad_norm=0.688 samples/s=75.93
[step 2890/20000] loss=1.8455 lr=2.858e-04 grad_norm=0.923 samples/s=75.86
[step 2900/20000] loss=2.0313 lr=2.857e-04 grad_norm=0.746 samples/s=75.92
[step 2910/20000] loss=1.7019 lr=2.856e-04 grad_norm=0.661 samples/s=75.74
[step 2920/20000] loss=1.8221 lr=2.855e-04 grad_norm=0.855 samples/s=75.74
[step 2930/20000] loss=1.7078 lr=2.854e-04 grad_norm=0.568 samples/s=75.66
[step 2940/20000] loss=1.8176 lr=2.853e-04 grad_norm=0.649 samples/s=75.71
[step 2950/20000] loss=1.6632 lr=2.852e-04 grad_norm=0.798 samples/s=75.64
[step 2960/20000] loss=2.1867 lr=2.851e-04 grad_norm=0.765 samples/s=75.68
[step 2970/20000] loss=1.8214 lr=2.850e-04 grad_norm=0.723 samples/s=75.63
[step 2980/20000] loss=1.6671 lr=2.849e-04 grad_norm=0.566 samples/s=75.65
[step 2990/20000] loss=2.3381 lr=2.848e-04 grad_norm=0.669 samples/s=75.58
[step 3000/20000] loss=1.7303 lr=2.847e-04 grad_norm=0.910 samples/s=75.65
[val step 3000] loss=2.1149433555603028 m01={'mean': 0.4093998113886619, 'median': 0.40835430767447695, 'p95': 0.6784585187959586, 'tail_frac_gt4px': 8.185985592665357e-05, 'n_matched': 12216} m02={'12-16': 0.9192618223760092, '16-32': 0.9546000480422772, '32-64': 0.9451172378253028, '64-128': 0.9418457648546145} m04={'accuracy': 0.5708087753765554, 'by_octave': {'12-16': 0.5652446675031367, '16-32': 0.632360342224459, '32-64': 0.5965103598691385, '64-128': 0.46006711409395973}} diag={'gate3_alpha_mean': 0.28227534890174866, 'gate3_alpha_min': 0.01668548583984375, 'gate3_alpha_max': 0.98779296875, 'gate3_alpha_std': 0.1545737236738205, 'gate3_alpha_p10': 0.0999908447265625, 'gate3_alpha_p50': 0.2621116638183594, 'gate3_alpha_p90': 0.4891357421875, 'block0_attn_entropy': 7.1890082359313965, 'block1_attn_entropy': 7.4866156578063965}
[step 3010/20000] loss=1.9016 lr=2.846e-04 grad_norm=0.774 samples/s=75.87
[step 3020/20000] loss=1.7255 lr=2.845e-04 grad_norm=0.736 samples/s=76.01
[step 3030/20000] loss=2.2343 lr=2.844e-04 grad_norm=0.768 samples/s=75.93
[step 3040/20000] loss=1.5348 lr=2.843e-04 grad_norm=0.791 samples/s=75.97
[step 3050/20000] loss=1.7694 lr=2.842e-04 grad_norm=0.785 samples/s=75.92
[step 3060/20000] loss=2.1155 lr=2.841e-04 grad_norm=0.772 samples/s=75.97
[step 3070/20000] loss=1.8971 lr=2.840e-04 grad_norm=0.875 samples/s=75.91
[step 3080/20000] loss=2.1681 lr=2.839e-04 grad_norm=0.790 samples/s=75.94
[step 3090/20000] loss=1.8545 lr=2.838e-04 grad_norm=0.812 samples/s=75.86
[step 3100/20000] loss=1.5666 lr=2.837e-04 grad_norm=0.622 samples/s=75.91
[step 3110/20000] loss=2.1176 lr=2.836e-04 grad_norm=0.854 samples/s=75.86
[step 3120/20000] loss=2.0596 lr=2.835e-04 grad_norm=0.721 samples/s=75.92
[step 3130/20000] loss=2.3250 lr=2.833e-04 grad_norm=0.863 samples/s=75.88
[step 3140/20000] loss=2.2902 lr=2.832e-04 grad_norm=0.937 samples/s=75.91
[step 3150/20000] loss=1.6466 lr=2.831e-04 grad_norm=0.699 samples/s=75.86
[step 3160/20000] loss=2.0904 lr=2.830e-04 grad_norm=0.858 samples/s=75.87
[step 3170/20000] loss=1.8824 lr=2.829e-04 grad_norm=0.921 samples/s=75.73
[step 3180/20000] loss=2.2490 lr=2.828e-04 grad_norm=0.730 samples/s=75.77
[step 3190/20000] loss=1.8357 lr=2.827e-04 grad_norm=0.960 samples/s=75.77
[step 3200/20000] loss=1.7130 lr=2.826e-04 grad_norm=0.687 samples/s=75.81
[step 3210/20000] loss=1.9510 lr=2.825e-04 grad_norm=0.691 samples/s=75.78
[step 3220/20000] loss=1.8883 lr=2.824e-04 grad_norm=0.900 samples/s=75.85
[step 3230/20000] loss=1.9964 lr=2.822e-04 grad_norm=0.693 samples/s=75.83
[step 3240/20000] loss=2.9798 lr=2.821e-04 grad_norm=0.878 samples/s=75.86
[step 3250/20000] loss=2.5668 lr=2.820e-04 grad_norm=0.997 samples/s=75.82
[step 3260/20000] loss=1.7009 lr=2.819e-04 grad_norm=0.779 samples/s=75.83
[step 3270/20000] loss=1.8730 lr=2.818e-04 grad_norm=0.654 samples/s=75.82
[step 3280/20000] loss=2.5384 lr=2.817e-04 grad_norm=0.798 samples/s=75.86
[step 3290/20000] loss=2.0203 lr=2.816e-04 grad_norm=0.669 samples/s=75.81
[step 3300/20000] loss=2.0511 lr=2.815e-04 grad_norm=0.730 samples/s=75.85
[step 3310/20000] loss=1.4913 lr=2.813e-04 grad_norm=0.788 samples/s=75.79
[step 3320/20000] loss=1.9430 lr=2.812e-04 grad_norm=0.708 samples/s=75.84
[step 3330/20000] loss=2.4759 lr=2.811e-04 grad_norm=0.947 samples/s=75.79
[step 3340/20000] loss=1.9199 lr=2.810e-04 grad_norm=0.674 samples/s=75.79
[step 3350/20000] loss=2.3573 lr=2.809e-04 grad_norm=0.898 samples/s=75.74
[step 3360/20000] loss=2.3293 lr=2.808e-04 grad_norm=0.877 samples/s=75.75
[step 3370/20000] loss=1.9306 lr=2.807e-04 grad_norm=0.850 samples/s=75.73
[step 3380/20000] loss=2.1968 lr=2.805e-04 grad_norm=0.920 samples/s=75.76
[step 3390/20000] loss=1.7001 lr=2.804e-04 grad_norm=0.757 samples/s=75.75
[step 3400/20000] loss=2.7777 lr=2.803e-04 grad_norm=0.749 samples/s=75.81
[step 3410/20000] loss=1.5649 lr=2.802e-04 grad_norm=0.853 samples/s=75.78
[step 3420/20000] loss=2.0165 lr=2.801e-04 grad_norm=0.869 samples/s=75.78
[step 3430/20000] loss=1.9131 lr=2.800e-04 grad_norm=0.871 samples/s=75.73
[step 3440/20000] loss=1.8036 lr=2.798e-04 grad_norm=0.934 samples/s=75.73
[step 3450/20000] loss=1.7455 lr=2.797e-04 grad_norm=0.657 samples/s=75.56
[step 3460/20000] loss=1.6580 lr=2.796e-04 grad_norm=0.854 samples/s=75.61
[step 3470/20000] loss=2.8436 lr=2.795e-04 grad_norm=0.662 samples/s=75.59
[step 3480/20000] loss=1.7014 lr=2.794e-04 grad_norm=0.591 samples/s=75.66
[step 3490/20000] loss=1.7874 lr=2.792e-04 grad_norm=0.835 samples/s=75.63
[step 3500/20000] loss=2.2853 lr=2.791e-04 grad_norm=0.823 samples/s=75.64
[val step 3500] loss=2.1091181926727294 m01={'mean': 0.4093998113886619, 'median': 0.40835430767447695, 'p95': 0.6784585187959586, 'tail_frac_gt4px': 8.185985592665357e-05, 'n_matched': 12216} m02={'12-16': 0.9192618223760092, '16-32': 0.9546000480422772, '32-64': 0.9451172378253028, '64-128': 0.9418457648546145} m04={'accuracy': 0.5745743287491814, 'by_octave': {'12-16': 0.5602258469259724, '16-32': 0.6404126824358329, '32-64': 0.6022355507088332, '64-128': 0.4604026845637584}} diag={'gate3_alpha_mean': 0.28227534890174866, 'gate3_alpha_min': 0.01668548583984375, 'gate3_alpha_max': 0.98779296875, 'gate3_alpha_std': 0.1545737236738205, 'gate3_alpha_p10': 0.0999908447265625, 'gate3_alpha_p50': 0.2621116638183594, 'gate3_alpha_p90': 0.4891357421875, 'block0_attn_entropy': 7.1890082359313965, 'block1_attn_entropy': 7.4866156578063965}
[step 3510/20000] loss=1.7837 lr=2.790e-04 grad_norm=0.832 samples/s=75.81
[step 3520/20000] loss=1.5097 lr=2.789e-04 grad_norm=0.723 samples/s=75.95
[step 3530/20000] loss=2.1767 lr=2.788e-04 grad_norm=0.701 samples/s=75.91
[step 3540/20000] loss=1.9402 lr=2.786e-04 grad_norm=0.654 samples/s=75.93
[step 3550/20000] loss=1.7766 lr=2.785e-04 grad_norm=0.725 samples/s=75.86
[step 3560/20000] loss=3.0871 lr=2.784e-04 grad_norm=0.673 samples/s=75.87
[step 3570/20000] loss=1.4657 lr=2.783e-04 grad_norm=0.762 samples/s=75.85
[step 3580/20000] loss=1.7818 lr=2.782e-04 grad_norm=0.808 samples/s=75.87
[step 3590/20000] loss=1.8459 lr=2.780e-04 grad_norm=0.787 samples/s=75.79
[step 3600/20000] loss=1.8677 lr=2.779e-04 grad_norm=0.759 samples/s=75.81
[step 3610/20000] loss=2.4961 lr=2.778e-04 grad_norm=0.620 samples/s=75.76
[step 3620/20000] loss=1.6065 lr=2.777e-04 grad_norm=0.720 samples/s=75.79
[step 3630/20000] loss=1.8093 lr=2.775e-04 grad_norm=0.880 samples/s=75.76
[step 3640/20000] loss=1.6921 lr=2.774e-04 grad_norm=0.738 samples/s=75.77
[step 3650/20000] loss=2.0015 lr=2.773e-04 grad_norm=1.019 samples/s=75.75
[step 3660/20000] loss=2.5425 lr=2.772e-04 grad_norm=0.728 samples/s=75.78
[step 3670/20000] loss=1.5238 lr=2.770e-04 grad_norm=0.766 samples/s=75.74
[step 3680/20000] loss=2.0570 lr=2.769e-04 grad_norm=0.723 samples/s=75.78
[step 3690/20000] loss=1.8039 lr=2.768e-04 grad_norm=0.884 samples/s=75.70
[step 3700/20000] loss=2.0817 lr=2.767e-04 grad_norm=0.660 samples/s=75.67
[step 3710/20000] loss=1.9934 lr=2.765e-04 grad_norm=0.745 samples/s=75.62
[step 3720/20000] loss=1.9218 lr=2.764e-04 grad_norm=0.776 samples/s=75.67
[step 3730/20000] loss=2.1324 lr=2.763e-04 grad_norm=0.556 samples/s=75.68
[step 3740/20000] loss=1.9448 lr=2.762e-04 grad_norm=0.799 samples/s=75.71
[step 3750/20000] loss=2.0199 lr=2.760e-04 grad_norm=0.702 samples/s=75.66
[step 3760/20000] loss=1.5983 lr=2.759e-04 grad_norm=0.806 samples/s=75.70
[step 3770/20000] loss=1.4984 lr=2.758e-04 grad_norm=0.726 samples/s=75.66
[step 3780/20000] loss=3.0011 lr=2.756e-04 grad_norm=0.756 samples/s=75.67
[step 3790/20000] loss=1.7650 lr=2.755e-04 grad_norm=0.671 samples/s=75.62
[step 3800/20000] loss=2.4419 lr=2.754e-04 grad_norm=0.900 samples/s=75.69
[step 3810/20000] loss=2.1929 lr=2.753e-04 grad_norm=0.757 samples/s=75.67
[step 3820/20000] loss=2.1496 lr=2.751e-04 grad_norm=0.740 samples/s=75.69
[step 3830/20000] loss=2.3354 lr=2.750e-04 grad_norm=0.757 samples/s=75.62
[step 3840/20000] loss=1.7724 lr=2.749e-04 grad_norm=0.796 samples/s=75.66
[step 3850/20000] loss=1.7755 lr=2.747e-04 grad_norm=0.812 samples/s=75.61
[step 3860/20000] loss=1.9664 lr=2.746e-04 grad_norm=0.984 samples/s=75.66
[step 3870/20000] loss=2.7944 lr=2.745e-04 grad_norm=0.707 samples/s=75.63
[step 3880/20000] loss=1.7156 lr=2.743e-04 grad_norm=0.760 samples/s=75.66
[step 3890/20000] loss=1.6472 lr=2.742e-04 grad_norm=0.869 samples/s=75.61
[step 3900/20000] loss=1.5208 lr=2.741e-04 grad_norm=0.652 samples/s=75.63
[step 3910/20000] loss=1.6790 lr=2.740e-04 grad_norm=0.647 samples/s=75.57
[step 3920/20000] loss=2.5767 lr=2.738e-04 grad_norm=0.695 samples/s=75.59
[step 3930/20000] loss=1.8494 lr=2.737e-04 grad_norm=0.705 samples/s=75.58
[step 3940/20000] loss=2.4381 lr=2.736e-04 grad_norm=0.873 samples/s=75.60
[step 3950/20000] loss=1.5882 lr=2.734e-04 grad_norm=0.755 samples/s=75.56
[step 3960/20000] loss=2.1406 lr=2.733e-04 grad_norm=0.716 samples/s=75.60
[step 3970/20000] loss=1.9666 lr=2.732e-04 grad_norm=0.749 samples/s=75.57
[step 3980/20000] loss=1.9640 lr=2.730e-04 grad_norm=0.817 samples/s=75.56
[step 3990/20000] loss=1.6228 lr=2.729e-04 grad_norm=1.017 samples/s=75.47
[step 4000/20000] loss=2.0306 lr=2.727e-04 grad_norm=0.758 samples/s=75.48
[val step 4000] loss=2.103696947097778 m01={'mean': 0.4093998113886619, 'median': 0.40835430767447695, 'p95': 0.6784585187959586, 'tail_frac_gt4px': 8.185985592665357e-05, 'n_matched': 12216} m02={'12-16': 0.9192618223760092, '16-32': 0.9546000480422772, '32-64': 0.9451172378253028, '64-128': 0.9418457648546145} m04={'accuracy': 0.5740013097576948, 'by_octave': {'12-16': 0.5627352572145545, '16-32': 0.639909411172622, '32-64': 0.6019629225736096, '64-128': 0.4577181208053691}} diag={'gate3_alpha_mean': 0.28227534890174866, 'gate3_alpha_min': 0.01668548583984375, 'gate3_alpha_max': 0.98779296875, 'gate3_alpha_std': 0.1545737236738205, 'gate3_alpha_p10': 0.0999908447265625, 'gate3_alpha_p50': 0.2621116638183594, 'gate3_alpha_p90': 0.4891357421875, 'block0_attn_entropy': 7.1890082359313965, 'block1_attn_entropy': 7.4866156578063965}
[step 4010/20000] loss=2.0158 lr=2.726e-04 grad_norm=0.997 samples/s=75.62
[step 4020/20000] loss=1.8357 lr=2.725e-04 grad_norm=0.664 samples/s=75.75
[step 4030/20000] loss=2.0098 lr=2.723e-04 grad_norm=0.836 samples/s=75.71
[step 4040/20000] loss=1.8262 lr=2.722e-04 grad_norm=0.762 samples/s=75.72
[step 4050/20000] loss=1.8736 lr=2.721e-04 grad_norm=0.665 samples/s=75.71
[step 4060/20000] loss=1.9901 lr=2.719e-04 grad_norm=0.908 samples/s=75.71
[step 4070/20000] loss=2.0857 lr=2.718e-04 grad_norm=0.787 samples/s=75.67
[step 4080/20000] loss=1.7736 lr=2.717e-04 grad_norm=0.698 samples/s=75.66
[step 4090/20000] loss=2.1694 lr=2.715e-04 grad_norm=0.633 samples/s=75.67
[step 4100/20000] loss=2.6750 lr=2.714e-04 grad_norm=0.835 samples/s=75.62
[step 4110/20000] loss=2.4947 lr=2.712e-04 grad_norm=0.855 samples/s=75.63
[step 4120/20000] loss=2.1561 lr=2.711e-04 grad_norm=0.749 samples/s=75.62
[step 4130/20000] loss=2.4027 lr=2.710e-04 grad_norm=0.921 samples/s=75.64
[step 4140/20000] loss=1.9199 lr=2.708e-04 grad_norm=0.819 samples/s=75.57
[step 4150/20000] loss=1.8805 lr=2.707e-04 grad_norm=1.026 samples/s=75.59
[step 4160/20000] loss=2.1977 lr=2.705e-04 grad_norm=0.811 samples/s=75.56
[step 4170/20000] loss=1.7149 lr=2.704e-04 grad_norm=0.801 samples/s=75.60
[step 4180/20000] loss=2.0046 lr=2.703e-04 grad_norm=0.760 samples/s=75.58
[step 4190/20000] loss=1.5820 lr=2.701e-04 grad_norm=0.819 samples/s=75.62
[step 4200/20000] loss=1.7860 lr=2.700e-04 grad_norm=0.835 samples/s=75.59
[step 4210/20000] loss=1.8437 lr=2.698e-04 grad_norm=0.779 samples/s=75.60
[step 4220/20000] loss=2.4649 lr=2.697e-04 grad_norm=0.975 samples/s=75.58
[step 4230/20000] loss=2.1330 lr=2.696e-04 grad_norm=0.844 samples/s=75.59
[step 4240/20000] loss=2.6199 lr=2.694e-04 grad_norm=0.819 samples/s=75.54
[step 4250/20000] loss=2.2236 lr=2.693e-04 grad_norm=0.831 samples/s=75.58
[step 4260/20000] loss=2.1283 lr=2.691e-04 grad_norm=0.757 samples/s=75.58
[step 4270/20000] loss=1.7697 lr=2.690e-04 grad_norm=1.016 samples/s=75.62
[step 4280/20000] loss=2.6679 lr=2.688e-04 grad_norm=0.669 samples/s=75.60
[step 4290/20000] loss=1.9921 lr=2.687e-04 grad_norm=0.715 samples/s=75.63
[step 4300/20000] loss=2.2886 lr=2.686e-04 grad_norm=0.984 samples/s=75.59
[step 4310/20000] loss=2.1579 lr=2.684e-04 grad_norm=0.805 samples/s=75.61
[step 4320/20000] loss=2.2665 lr=2.683e-04 grad_norm=0.696 samples/s=75.56
[step 4330/20000] loss=2.1821 lr=2.681e-04 grad_norm=0.831 samples/s=75.59
[step 4340/20000] loss=1.7911 lr=2.680e-04 grad_norm=0.628 samples/s=75.56
[step 4350/20000] loss=1.9607 lr=2.678e-04 grad_norm=0.801 samples/s=75.60
[step 4360/20000] loss=1.6292 lr=2.677e-04 grad_norm=0.991 samples/s=75.57
[step 4370/20000] loss=1.9424 lr=2.675e-04 grad_norm=0.848 samples/s=75.57
[step 4380/20000] loss=1.7204 lr=2.674e-04 grad_norm=0.796 samples/s=75.56
[step 4390/20000] loss=1.8879 lr=2.672e-04 grad_norm=0.719 samples/s=75.59
[step 4400/20000] loss=1.9229 lr=2.671e-04 grad_norm=0.712 samples/s=75.51
[step 4410/20000] loss=1.9251 lr=2.669e-04 grad_norm=0.806 samples/s=75.54
[step 4420/20000] loss=1.6004 lr=2.668e-04 grad_norm=1.039 samples/s=75.53
[step 4430/20000] loss=2.0322 lr=2.667e-04 grad_norm=0.682 samples/s=75.48
[step 4440/20000] loss=1.4184 lr=2.665e-04 grad_norm=0.776 samples/s=75.50
[step 4450/20000] loss=1.7587 lr=2.664e-04 grad_norm=0.782 samples/s=75.51
[step 4460/20000] loss=2.1989 lr=2.662e-04 grad_norm=0.906 samples/s=75.51
[step 4470/20000] loss=2.6769 lr=2.661e-04 grad_norm=0.933 samples/s=75.49
[step 4480/20000] loss=1.6728 lr=2.659e-04 grad_norm=0.703 samples/s=75.51
[step 4490/20000] loss=2.5964 lr=2.658e-04 grad_norm=0.812 samples/s=75.49
[step 4500/20000] loss=1.7128 lr=2.656e-04 grad_norm=0.763 samples/s=75.50
[val step 4500] loss=2.0975810546875 m01={'mean': 0.4093998113886619, 'median': 0.40835430767447695, 'p95': 0.6784585187959586, 'tail_frac_gt4px': 8.185985592665357e-05, 'n_matched': 12216} m02={'12-16': 0.9192618223760092, '16-32': 0.9546000480422772, '32-64': 0.9451172378253028, '64-128': 0.9418457648546145} m04={'accuracy': 0.5802226588081205, 'by_octave': {'12-16': 0.5652446675031367, '16-32': 0.6464519375943634, '32-64': 0.6098691384950927, '64-128': 0.4634228187919463}} diag={'gate3_alpha_mean': 0.28227534890174866, 'gate3_alpha_min': 0.01668548583984375, 'gate3_alpha_max': 0.98779296875, 'gate3_alpha_std': 0.1545737236738205, 'gate3_alpha_p10': 0.0999908447265625, 'gate3_alpha_p50': 0.2621116638183594, 'gate3_alpha_p90': 0.4891357421875, 'block0_attn_entropy': 7.1890082359313965, 'block1_attn_entropy': 7.4866156578063965}
[step 4510/20000] loss=2.1323 lr=2.655e-04 grad_norm=0.851 samples/s=75.64
[step 4520/20000] loss=1.7579 lr=2.653e-04 grad_norm=0.774 samples/s=75.76
[step 4530/20000] loss=1.8043 lr=2.652e-04 grad_norm=0.856 samples/s=75.74
[step 4540/20000] loss=2.1202 lr=2.650e-04 grad_norm=0.726 samples/s=75.75
[step 4550/20000] loss=2.7795 lr=2.649e-04 grad_norm=0.950 samples/s=75.75
[step 4560/20000] loss=1.4161 lr=2.647e-04 grad_norm=0.655 samples/s=75.72
[step 4570/20000] loss=1.6821 lr=2.645e-04 grad_norm=0.892 samples/s=75.71
[step 4580/20000] loss=2.4752 lr=2.644e-04 grad_norm=0.833 samples/s=75.73
[step 4590/20000] loss=1.9127 lr=2.642e-04 grad_norm=0.815 samples/s=75.72
[step 4600/20000] loss=3.0408 lr=2.641e-04 grad_norm=0.714 samples/s=75.72
[step 4610/20000] loss=2.0864 lr=2.639e-04 grad_norm=0.774 samples/s=75.72
[step 4620/20000] loss=2.2123 lr=2.638e-04 grad_norm=0.685 samples/s=75.69
[step 4630/20000] loss=1.9708 lr=2.636e-04 grad_norm=0.742 samples/s=75.71
[step 4640/20000] loss=2.1059 lr=2.635e-04 grad_norm=0.795 samples/s=75.67
[step 4650/20000] loss=1.6338 lr=2.633e-04 grad_norm=0.845 samples/s=75.68
[step 4660/20000] loss=1.4550 lr=2.632e-04 grad_norm=0.666 samples/s=75.64
[step 4670/20000] loss=2.5044 lr=2.630e-04 grad_norm=0.691 samples/s=75.67
[step 4680/20000] loss=1.5181 lr=2.629e-04 grad_norm=0.851 samples/s=75.63
[step 4690/20000] loss=1.9753 lr=2.627e-04 grad_norm=0.840 samples/s=75.65
[step 4700/20000] loss=1.5218 lr=2.625e-04 grad_norm=1.068 samples/s=75.62
[step 4710/20000] loss=1.9046 lr=2.624e-04 grad_norm=0.997 samples/s=75.65
[step 4720/20000] loss=2.3010 lr=2.622e-04 grad_norm=0.842 samples/s=75.62
[step 4730/20000] loss=1.8628 lr=2.621e-04 grad_norm=1.328 samples/s=75.66
[step 4740/20000] loss=1.8409 lr=2.619e-04 grad_norm=0.876 samples/s=75.64
[step 4750/20000] loss=2.5297 lr=2.618e-04 grad_norm=0.770 samples/s=75.65
[step 4760/20000] loss=1.9733 lr=2.616e-04 grad_norm=0.729 samples/s=75.62
[step 4770/20000] loss=1.6640 lr=2.615e-04 grad_norm=0.811 samples/s=75.59
[step 4780/20000] loss=2.3091 lr=2.613e-04 grad_norm=0.730 samples/s=75.54
[step 4790/20000] loss=2.2776 lr=2.611e-04 grad_norm=1.024 samples/s=75.56
[step 4800/20000] loss=1.7861 lr=2.610e-04 grad_norm=0.888 samples/s=75.55
[step 4810/20000] loss=1.9153 lr=2.608e-04 grad_norm=0.859 samples/s=75.56
[step 4820/20000] loss=2.3675 lr=2.607e-04 grad_norm=0.708 samples/s=75.50
[step 4830/20000] loss=2.0757 lr=2.605e-04 grad_norm=0.731 samples/s=75.52
[step 4840/20000] loss=1.8802 lr=2.603e-04 grad_norm=0.797 samples/s=75.48
[step 4850/20000] loss=1.5921 lr=2.602e-04 grad_norm=0.702 samples/s=75.49
[step 4860/20000] loss=1.8328 lr=2.600e-04 grad_norm=0.843 samples/s=75.46
[step 4870/20000] loss=1.4919 lr=2.599e-04 grad_norm=0.676 samples/s=75.49
[step 4880/20000] loss=1.6741 lr=2.597e-04 grad_norm=0.763 samples/s=75.46
[step 4890/20000] loss=2.7286 lr=2.595e-04 grad_norm=1.256 samples/s=75.48
[step 4900/20000] loss=1.9104 lr=2.594e-04 grad_norm=0.826 samples/s=75.46
[step 4910/20000] loss=1.8771 lr=2.592e-04 grad_norm=0.927 samples/s=75.48
[step 4920/20000] loss=1.7821 lr=2.591e-04 grad_norm=1.136 samples/s=75.44
[step 4930/20000] loss=2.2569 lr=2.589e-04 grad_norm=0.712 samples/s=75.46
[step 4940/20000] loss=2.1330 lr=2.587e-04 grad_norm=0.975 samples/s=75.42
[step 4950/20000] loss=1.8981 lr=2.586e-04 grad_norm=0.746 samples/s=75.45
[step 4960/20000] loss=1.5282 lr=2.584e-04 grad_norm=0.794 samples/s=75.44
[step 4970/20000] loss=1.8895 lr=2.582e-04 grad_norm=0.773 samples/s=75.45
[step 4980/20000] loss=2.0594 lr=2.581e-04 grad_norm=0.806 samples/s=75.42
[step 4990/20000] loss=1.5881 lr=2.579e-04 grad_norm=0.842 samples/s=75.46
[step 5000/20000] loss=2.3443 lr=2.578e-04 grad_norm=0.838 samples/s=75.46
[val step 5000] loss=2.0941365890502928 m01={'mean': 0.4093998113886619, 'median': 0.40835430767447695, 'p95': 0.6784585187959586, 'tail_frac_gt4px': 8.185985592665357e-05, 'n_matched': 12216} m02={'12-16': 0.9192618223760092, '16-32': 0.9546000480422772, '32-64': 0.9451172378253028, '64-128': 0.9418457648546145} m04={'accuracy': 0.5816142763588736, 'by_octave': {'12-16': 0.5671267252195734, '16-32': 0.6462003019627579, '32-64': 0.6095965103598692, '64-128': 0.46879194630872484}} diag={'gate3_alpha_mean': 0.28227534890174866, 'gate3_alpha_min': 0.01668548583984375, 'gate3_alpha_max': 0.98779296875, 'gate3_alpha_std': 0.1545737236738205, 'gate3_alpha_p10': 0.0999908447265625, 'gate3_alpha_p50': 0.2621116638183594, 'gate3_alpha_p90': 0.4891357421875, 'block0_attn_entropy': 7.1890082359313965, 'block1_attn_entropy': 7.4866156578063965}
[step 5010/20000] loss=1.9165 lr=2.576e-04 grad_norm=0.709 samples/s=75.58
[step 5020/20000] loss=1.8116 lr=2.574e-04 grad_norm=0.715 samples/s=75.64
[step 5030/20000] loss=1.7687 lr=2.573e-04 grad_norm=0.739 samples/s=75.59
[step 5040/20000] loss=1.5409 lr=2.571e-04 grad_norm=0.683 samples/s=75.59
[step 5050/20000] loss=2.0392 lr=2.569e-04 grad_norm=0.832 samples/s=75.62
[step 5060/20000] loss=2.2032 lr=2.568e-04 grad_norm=0.854 samples/s=75.62
[step 5070/20000] loss=2.3277 lr=2.566e-04 grad_norm=0.957 samples/s=75.63
[step 5080/20000] loss=1.8397 lr=2.564e-04 grad_norm=1.014 samples/s=75.64
[step 5090/20000] loss=2.4329 lr=2.563e-04 grad_norm=0.959 samples/s=75.63
[step 5100/20000] loss=2.5886 lr=2.561e-04 grad_norm=0.995 samples/s=75.61
[step 5110/20000] loss=2.8949 lr=2.559e-04 grad_norm=0.894 samples/s=75.62
[step 5120/20000] loss=2.0874 lr=2.558e-04 grad_norm=1.071 samples/s=75.63
[step 5130/20000] loss=2.0386 lr=2.556e-04 grad_norm=0.758 samples/s=75.59
[step 5140/20000] loss=2.3955 lr=2.554e-04 grad_norm=0.897 samples/s=75.59
[step 5150/20000] loss=1.8753 lr=2.553e-04 grad_norm=0.827 samples/s=75.54
[step 5160/20000] loss=2.5131 lr=2.551e-04 grad_norm=0.970 samples/s=75.57
[step 5170/20000] loss=1.5098 lr=2.549e-04 grad_norm=0.832 samples/s=75.56
[step 5180/20000] loss=2.2562 lr=2.548e-04 grad_norm=0.913 samples/s=75.59
[step 5190/20000] loss=2.1079 lr=2.546e-04 grad_norm=0.981 samples/s=75.57
[step 5200/20000] loss=2.2668 lr=2.544e-04 grad_norm=0.805 samples/s=75.59
[step 5210/20000] loss=2.0327 lr=2.543e-04 grad_norm=0.916 samples/s=75.59
[step 5220/20000] loss=2.1956 lr=2.541e-04 grad_norm=0.827 samples/s=75.59
[step 5230/20000] loss=1.7550 lr=2.539e-04 grad_norm=0.655 samples/s=75.59
[step 5240/20000] loss=1.7123 lr=2.538e-04 grad_norm=0.893 samples/s=75.55
[step 5250/20000] loss=2.2627 lr=2.536e-04 grad_norm=0.768 samples/s=75.58
[step 5260/20000] loss=1.6460 lr=2.534e-04 grad_norm=0.852 samples/s=75.56
[step 5270/20000] loss=2.0298 lr=2.532e-04 grad_norm=0.706 samples/s=75.58
[step 5280/20000] loss=1.8883 lr=2.531e-04 grad_norm=0.759 samples/s=75.53
[step 5290/20000] loss=1.5203 lr=2.529e-04 grad_norm=0.872 samples/s=75.56
[step 5300/20000] loss=2.4232 lr=2.527e-04 grad_norm=0.826 samples/s=75.46
[step 5310/20000] loss=2.0074 lr=2.526e-04 grad_norm=0.783 samples/s=75.48
[step 5320/20000] loss=2.1665 lr=2.524e-04 grad_norm=0.905 samples/s=75.46
[step 5330/20000] loss=1.6064 lr=2.522e-04 grad_norm=0.993 samples/s=75.49
[step 5340/20000] loss=1.8525 lr=2.520e-04 grad_norm=0.571 samples/s=75.49
[step 5350/20000] loss=2.0956 lr=2.519e-04 grad_norm=0.849 samples/s=75.51
[step 5360/20000] loss=2.2334 lr=2.517e-04 grad_norm=0.734 samples/s=75.45
[step 5370/20000] loss=1.7334 lr=2.515e-04 grad_norm=0.900 samples/s=75.46
[step 5380/20000] loss=2.5146 lr=2.513e-04 grad_norm=0.844 samples/s=75.45
[step 5390/20000] loss=2.9745 lr=2.512e-04 grad_norm=0.775 samples/s=75.44
[step 5400/20000] loss=2.1324 lr=2.510e-04 grad_norm=0.723 samples/s=75.47
[step 5410/20000] loss=2.7406 lr=2.508e-04 grad_norm=0.897 samples/s=75.45
[step 5420/20000] loss=2.1731 lr=2.507e-04 grad_norm=1.246 samples/s=75.45
[step 5430/20000] loss=2.3291 lr=2.505e-04 grad_norm=0.856 samples/s=75.42
[step 5440/20000] loss=1.5083 lr=2.503e-04 grad_norm=0.703 samples/s=75.43
[step 5450/20000] loss=1.7390 lr=2.501e-04 grad_norm=0.861 samples/s=75.39
[step 5460/20000] loss=1.6895 lr=2.500e-04 grad_norm=0.993 samples/s=75.42
[step 5470/20000] loss=2.8547 lr=2.498e-04 grad_norm=0.758 samples/s=75.40
[step 5480/20000] loss=1.7045 lr=2.496e-04 grad_norm=0.837 samples/s=75.39
[step 5490/20000] loss=1.6712 lr=2.494e-04 grad_norm=0.787 samples/s=75.37
[step 5500/20000] loss=1.5462 lr=2.492e-04 grad_norm=0.914 samples/s=75.40
[val step 5500] loss=2.0894462242126464 m01={'mean': 0.4093998113886619, 'median': 0.40835430767447695, 'p95': 0.6784585187959586, 'tail_frac_gt4px': 8.185985592665357e-05, 'n_matched': 12216} m02={'12-16': 0.9192618223760092, '16-32': 0.9546000480422772, '32-64': 0.9451172378253028, '64-128': 0.9418457648546145} m04={'accuracy': 0.5844793713163065, 'by_octave': {'12-16': 0.5652446675031367, '16-32': 0.6489682939104178, '32-64': 0.6128680479825518, '64-128': 0.4738255033557047}} diag={'gate3_alpha_mean': 0.28227534890174866, 'gate3_alpha_min': 0.01668548583984375, 'gate3_alpha_max': 0.98779296875, 'gate3_alpha_std': 0.1545737236738205, 'gate3_alpha_p10': 0.0999908447265625, 'gate3_alpha_p50': 0.2621116638183594, 'gate3_alpha_p90': 0.4891357421875, 'block0_attn_entropy': 7.1890082359313965, 'block1_attn_entropy': 7.4866156578063965}
[step 5510/20000] loss=2.2105 lr=2.491e-04 grad_norm=0.807 samples/s=75.51
[step 5520/20000] loss=2.2068 lr=2.489e-04 grad_norm=0.673 samples/s=75.59
[step 5530/20000] loss=1.8595 lr=2.487e-04 grad_norm=0.847 samples/s=75.55
[step 5540/20000] loss=1.4995 lr=2.485e-04 grad_norm=0.814 samples/s=75.57
[step 5550/20000] loss=2.4598 lr=2.484e-04 grad_norm=0.871 samples/s=75.57
[step 5560/20000] loss=1.5597 lr=2.482e-04 grad_norm=1.098 samples/s=75.55
[step 5570/20000] loss=1.8390 lr=2.480e-04 grad_norm=0.743 samples/s=75.51
[step 5580/20000] loss=2.0863 lr=2.478e-04 grad_norm=0.697 samples/s=75.52
[step 5590/20000] loss=2.1184 lr=2.476e-04 grad_norm=0.728 samples/s=75.52
[step 5600/20000] loss=1.8947 lr=2.475e-04 grad_norm=0.822 samples/s=75.56
[step 5610/20000] loss=2.1032 lr=2.473e-04 grad_norm=0.846 samples/s=75.52
[step 5620/20000] loss=1.6667 lr=2.471e-04 grad_norm=0.645 samples/s=75.53
[step 5630/20000] loss=1.5836 lr=2.469e-04 grad_norm=0.844 samples/s=75.48
[step 5640/20000] loss=2.4381 lr=2.468e-04 grad_norm=0.721 samples/s=75.48
[step 5650/20000] loss=2.2609 lr=2.466e-04 grad_norm=0.922 samples/s=75.47
[step 5660/20000] loss=1.7984 lr=2.464e-04 grad_norm=0.820 samples/s=75.49
[step 5670/20000] loss=1.9054 lr=2.462e-04 grad_norm=0.811 samples/s=75.50
[step 5680/20000] loss=2.2722 lr=2.460e-04 grad_norm=0.893 samples/s=75.52
[step 5690/20000] loss=2.2217 lr=2.459e-04 grad_norm=0.966 samples/s=75.49
[step 5700/20000] loss=2.0641 lr=2.457e-04 grad_norm=0.809 samples/s=75.51
[step 5710/20000] loss=1.9139 lr=2.455e-04 grad_norm=0.700 samples/s=75.48
[step 5720/20000] loss=2.3251 lr=2.453e-04 grad_norm=0.968 samples/s=75.49
[step 5730/20000] loss=1.6698 lr=2.451e-04 grad_norm=0.848 samples/s=75.45
[step 5740/20000] loss=1.5251 lr=2.449e-04 grad_norm=0.761 samples/s=75.46
[step 5750/20000] loss=2.7976 lr=2.448e-04 grad_norm=0.881 samples/s=75.44
[step 5760/20000] loss=2.6044 lr=2.446e-04 grad_norm=0.759 samples/s=75.41
[step 5770/20000] loss=1.7654 lr=2.444e-04 grad_norm=0.841 samples/s=75.43
[step 5780/20000] loss=1.8710 lr=2.442e-04 grad_norm=1.131 samples/s=75.43
[step 5790/20000] loss=1.9101 lr=2.440e-04 grad_norm=0.983 samples/s=75.40
[step 5800/20000] loss=2.1312 lr=2.438e-04 grad_norm=0.680 samples/s=75.41
[step 5810/20000] loss=2.2662 lr=2.437e-04 grad_norm=1.010 samples/s=75.39
[step 5820/20000] loss=1.9075 lr=2.435e-04 grad_norm=0.763 samples/s=75.41
[step 5830/20000] loss=1.7257 lr=2.433e-04 grad_norm=0.821 samples/s=75.33
[step 5840/20000] loss=2.2692 lr=2.431e-04 grad_norm=0.946 samples/s=75.34
[step 5850/20000] loss=2.1904 lr=2.429e-04 grad_norm=0.764 samples/s=75.31
[step 5860/20000] loss=2.0080 lr=2.427e-04 grad_norm=0.780 samples/s=75.34
[step 5870/20000] loss=1.9787 lr=2.426e-04 grad_norm=0.736 samples/s=75.32
[step 5880/20000] loss=2.1614 lr=2.424e-04 grad_norm=0.857 samples/s=75.36
[step 5890/20000] loss=1.9899 lr=2.422e-04 grad_norm=0.815 samples/s=75.34
[step 5900/20000] loss=2.3988 lr=2.420e-04 grad_norm=0.788 samples/s=75.36
[step 5910/20000] loss=1.6664 lr=2.418e-04 grad_norm=0.837 samples/s=75.36
[step 5920/20000] loss=1.3824 lr=2.416e-04 grad_norm=0.739 samples/s=75.37
[step 5930/20000] loss=2.3124 lr=2.414e-04 grad_norm=0.874 samples/s=75.34
[step 5940/20000] loss=1.5617 lr=2.413e-04 grad_norm=0.842 samples/s=75.34
[step 5950/20000] loss=2.6781 lr=2.411e-04 grad_norm=0.860 samples/s=75.31
[step 5960/20000] loss=1.8495 lr=2.409e-04 grad_norm=0.870 samples/s=75.34
[step 5970/20000] loss=1.6369 lr=2.407e-04 grad_norm=0.936 samples/s=75.34
[step 5980/20000] loss=2.2093 lr=2.405e-04 grad_norm=0.694 samples/s=75.37
[step 5990/20000] loss=2.7386 lr=2.403e-04 grad_norm=0.827 samples/s=75.34
[step 6000/20000] loss=2.0046 lr=2.401e-04 grad_norm=0.927 samples/s=75.32
[val step 6000] loss=2.0852476768493653 m01={'mean': 0.4093998113886619, 'median': 0.40835430767447695, 'p95': 0.6784585187959586, 'tail_frac_gt4px': 8.185985592665357e-05, 'n_matched': 12216} m02={'12-16': 0.9192618223760092, '16-32': 0.9546000480422772, '32-64': 0.9451172378253028, '64-128': 0.9418457648546145} m04={'accuracy': 0.5875900458415193, 'by_octave': {'12-16': 0.5702634880803011, '16-32': 0.6494715651736286, '32-64': 0.6145038167938931, '64-128': 0.4812080536912752}} diag={'gate3_alpha_mean': 0.28227534890174866, 'gate3_alpha_min': 0.01668548583984375, 'gate3_alpha_max': 0.98779296875, 'gate3_alpha_std': 0.1545737236738205, 'gate3_alpha_p10': 0.0999908447265625, 'gate3_alpha_p50': 0.2621116638183594, 'gate3_alpha_p90': 0.4891357421875, 'block0_attn_entropy': 7.1890082359313965, 'block1_attn_entropy': 7.4866156578063965}
[step 6010/20000] loss=1.9284 lr=2.399e-04 grad_norm=0.815 samples/s=75.42
[step 6020/20000] loss=1.8348 lr=2.398e-04 grad_norm=1.049 samples/s=75.50
[step 6030/20000] loss=1.6035 lr=2.396e-04 grad_norm=0.708 samples/s=75.46
[step 6040/20000] loss=1.6428 lr=2.394e-04 grad_norm=0.750 samples/s=75.48
[step 6050/20000] loss=2.2275 lr=2.392e-04 grad_norm=1.085 samples/s=75.46
[step 6060/20000] loss=1.8055 lr=2.390e-04 grad_norm=1.021 samples/s=75.47
[step 6070/20000] loss=1.6483 lr=2.388e-04 grad_norm=0.945 samples/s=75.43
[step 6080/20000] loss=1.8872 lr=2.386e-04 grad_norm=0.941 samples/s=75.46
[step 6090/20000] loss=1.7058 lr=2.384e-04 grad_norm=0.737 samples/s=75.43
[step 6100/20000] loss=1.5122 lr=2.382e-04 grad_norm=1.020 samples/s=75.44
[step 6110/20000] loss=1.6844 lr=2.380e-04 grad_norm=0.873 samples/s=75.41
[step 6120/20000] loss=1.9972 lr=2.379e-04 grad_norm=1.167 samples/s=75.45
[step 6130/20000] loss=2.1150 lr=2.377e-04 grad_norm=0.743 samples/s=75.48
[step 6140/20000] loss=1.6693 lr=2.375e-04 grad_norm=0.908 samples/s=75.51
[step 6150/20000] loss=1.8832 lr=2.373e-04 grad_norm=0.804 samples/s=75.50
[step 6160/20000] loss=2.0908 lr=2.371e-04 grad_norm=0.830 samples/s=75.50
[step 6170/20000] loss=1.6085 lr=2.369e-04 grad_norm=0.729 samples/s=75.51
[step 6180/20000] loss=2.1578 lr=2.367e-04 grad_norm=0.732 samples/s=75.51
[step 6190/20000] loss=1.6513 lr=2.365e-04 grad_norm=0.746 samples/s=75.51
[step 6200/20000] loss=2.2538 lr=2.363e-04 grad_norm=0.834 samples/s=75.51
[step 6210/20000] loss=1.6542 lr=2.361e-04 grad_norm=0.831 samples/s=75.51
[step 6220/20000] loss=1.7641 lr=2.359e-04 grad_norm=0.614 samples/s=75.52
[step 6230/20000] loss=1.9906 lr=2.357e-04 grad_norm=0.766 samples/s=75.49
[step 6240/20000] loss=1.7547 lr=2.356e-04 grad_norm=0.737 samples/s=75.50
[step 6250/20000] loss=1.7347 lr=2.354e-04 grad_norm=1.158 samples/s=75.48
[step 6260/20000] loss=2.2941 lr=2.352e-04 grad_norm=0.992 samples/s=75.49
[step 6270/20000] loss=1.9001 lr=2.350e-04 grad_norm=0.761 samples/s=75.47
[step 6280/20000] loss=2.0382 lr=2.348e-04 grad_norm=1.051 samples/s=75.49
[step 6290/20000] loss=1.7829 lr=2.346e-04 grad_norm=0.885 samples/s=75.46
[step 6300/20000] loss=1.8142 lr=2.344e-04 grad_norm=0.704 samples/s=75.46
[step 6310/20000] loss=2.5915 lr=2.342e-04 grad_norm=0.774 samples/s=75.42
[step 6320/20000] loss=1.8073 lr=2.340e-04 grad_norm=0.807 samples/s=75.46
[step 6330/20000] loss=2.0835 lr=2.338e-04 grad_norm=0.744 samples/s=75.45
[step 6340/20000] loss=1.6145 lr=2.336e-04 grad_norm=0.982 samples/s=75.46
[step 6350/20000] loss=1.7766 lr=2.334e-04 grad_norm=0.972 samples/s=75.43
[step 6360/20000] loss=1.8925 lr=2.332e-04 grad_norm=0.727 samples/s=75.46
[step 6370/20000] loss=2.3454 lr=2.330e-04 grad_norm=0.884 samples/s=75.46
[step 6380/20000] loss=2.4855 lr=2.328e-04 grad_norm=0.981 samples/s=75.46
[step 6390/20000] loss=2.3419 lr=2.326e-04 grad_norm=0.840 samples/s=75.44
[step 6400/20000] loss=1.7784 lr=2.324e-04 grad_norm=1.001 samples/s=75.47
[step 6410/20000] loss=1.9013 lr=2.322e-04 grad_norm=0.846 samples/s=75.45
[step 6420/20000] loss=1.8315 lr=2.320e-04 grad_norm=0.707 samples/s=75.47
[step 6430/20000] loss=1.6594 lr=2.318e-04 grad_norm=0.778 samples/s=75.45
[step 6440/20000] loss=1.6269 lr=2.316e-04 grad_norm=0.922 samples/s=75.46
[step 6450/20000] loss=1.8728 lr=2.314e-04 grad_norm=0.918 samples/s=75.45
[step 6460/20000] loss=2.1715 lr=2.312e-04 grad_norm=0.998 samples/s=75.47
[step 6470/20000] loss=2.0029 lr=2.311e-04 grad_norm=0.800 samples/s=75.48
[step 6480/20000] loss=1.8472 lr=2.309e-04 grad_norm=0.899 samples/s=75.53
[step 6490/20000] loss=1.5082 lr=2.307e-04 grad_norm=1.101 samples/s=75.55
[step 6500/20000] loss=1.8814 lr=2.305e-04 grad_norm=0.879 samples/s=75.60
[val step 6500] loss=2.081360260009766 m01={'mean': 0.4093998113886619, 'median': 0.40835430767447695, 'p95': 0.6784585187959586, 'tail_frac_gt4px': 8.185985592665357e-05, 'n_matched': 12216} m02={'12-16': 0.9192618223760092, '16-32': 0.9546000480422772, '32-64': 0.9451172378253028, '64-128': 0.9418457648546145} m04={'accuracy': 0.5884086444007859, 'by_octave': {'12-16': 0.5696361355081556, '16-32': 0.6550075490689482, '32-64': 0.6131406761177753, '64-128': 0.4791946308724832}} diag={'gate3_alpha_mean': 0.28227534890174866, 'gate3_alpha_min': 0.01668548583984375, 'gate3_alpha_max': 0.98779296875, 'gate3_alpha_std': 0.1545737236738205, 'gate3_alpha_p10': 0.0999908447265625, 'gate3_alpha_p50': 0.2621116638183594, 'gate3_alpha_p90': 0.4891357421875, 'block0_attn_entropy': 7.1890082359313965, 'block1_attn_entropy': 7.4866156578063965}
[step 6510/20000] loss=2.4158 lr=2.303e-04 grad_norm=1.135 samples/s=75.70
[step 6520/20000] loss=2.3222 lr=2.301e-04 grad_norm=0.836 samples/s=75.79
[step 6530/20000] loss=2.1549 lr=2.299e-04 grad_norm=0.930 samples/s=75.80
[step 6540/20000] loss=1.6911 lr=2.297e-04 grad_norm=0.776 samples/s=75.85
[step 6550/20000] loss=2.0454 lr=2.295e-04 grad_norm=1.014 samples/s=75.87
[step 6560/20000] loss=1.5046 lr=2.293e-04 grad_norm=0.713 samples/s=75.91
[step 6570/20000] loss=2.7591 lr=2.291e-04 grad_norm=0.845 samples/s=75.92
[step 6580/20000] loss=2.4683 lr=2.289e-04 grad_norm=0.627 samples/s=75.97
[step 6590/20000] loss=1.4216 lr=2.287e-04 grad_norm=0.922 samples/s=76.00
[step 6600/20000] loss=3.6132 lr=2.285e-04 grad_norm=0.946 samples/s=76.04
[step 6610/20000] loss=1.9323 lr=2.283e-04 grad_norm=0.957 samples/s=76.05
[step 6620/20000] loss=1.6210 lr=2.281e-04 grad_norm=0.953 samples/s=76.06
[step 6630/20000] loss=1.6122 lr=2.279e-04 grad_norm=0.732 samples/s=76.03
[step 6640/20000] loss=1.7171 lr=2.277e-04 grad_norm=0.762 samples/s=76.03
[step 6650/20000] loss=1.9277 lr=2.275e-04 grad_norm=0.716 samples/s=76.05
[step 6660/20000] loss=1.5701 lr=2.273e-04 grad_norm=1.097 samples/s=76.03
[step 6670/20000] loss=1.5772 lr=2.271e-04 grad_norm=0.739 samples/s=76.04
[step 6680/20000] loss=2.4434 lr=2.269e-04 grad_norm=0.813 samples/s=76.00
[step 6690/20000] loss=2.8848 lr=2.266e-04 grad_norm=0.824 samples/s=76.02
[step 6700/20000] loss=1.5410 lr=2.264e-04 grad_norm=1.017 samples/s=75.98
[step 6710/20000] loss=2.2395 lr=2.262e-04 grad_norm=0.912 samples/s=76.01
[step 6720/20000] loss=1.7199 lr=2.260e-04 grad_norm=0.916 samples/s=75.97
[step 6730/20000] loss=1.8826 lr=2.258e-04 grad_norm=0.886 samples/s=75.99
[step 6740/20000] loss=1.6967 lr=2.256e-04 grad_norm=0.878 samples/s=75.96
[step 6750/20000] loss=1.7825 lr=2.254e-04 grad_norm=0.925 samples/s=75.99
[step 6760/20000] loss=1.5019 lr=2.252e-04 grad_norm=0.795 samples/s=75.99
[step 6770/20000] loss=2.1145 lr=2.250e-04 grad_norm=0.884 samples/s=76.00
[step 6780/20000] loss=2.0337 lr=2.248e-04 grad_norm=0.751 samples/s=75.97
[step 6790/20000] loss=1.3746 lr=2.246e-04 grad_norm=0.607 samples/s=75.97
[step 6800/20000] loss=2.4164 lr=2.244e-04 grad_norm=0.842 samples/s=75.96
[step 6810/20000] loss=1.5105 lr=2.242e-04 grad_norm=0.711 samples/s=75.96
[step 6820/20000] loss=2.0039 lr=2.240e-04 grad_norm=0.819 samples/s=75.94
[step 6830/20000] loss=1.6432 lr=2.238e-04 grad_norm=0.662 samples/s=75.95
[step 6840/20000] loss=1.8028 lr=2.236e-04 grad_norm=0.805 samples/s=75.93
[step 6850/20000] loss=1.9324 lr=2.234e-04 grad_norm=0.945 samples/s=75.95
[step 6860/20000] loss=1.9921 lr=2.232e-04 grad_norm=0.899 samples/s=75.94
[step 6870/20000] loss=2.1029 lr=2.230e-04 grad_norm=0.712 samples/s=75.97
[step 6880/20000] loss=1.9189 lr=2.228e-04 grad_norm=0.721 samples/s=75.96
[step 6890/20000] loss=2.1152 lr=2.226e-04 grad_norm=0.788 samples/s=75.99
[step 6900/20000] loss=1.9149 lr=2.224e-04 grad_norm=0.734 samples/s=75.97
[step 6910/20000] loss=2.1937 lr=2.222e-04 grad_norm=0.748 samples/s=75.98
[step 6920/20000] loss=1.7054 lr=2.219e-04 grad_norm=0.939 samples/s=75.97
[step 6930/20000] loss=1.6563 lr=2.217e-04 grad_norm=1.148 samples/s=75.99
[step 6940/20000] loss=1.7494 lr=2.215e-04 grad_norm=0.952 samples/s=75.97
[step 6950/20000] loss=1.7909 lr=2.213e-04 grad_norm=0.813 samples/s=75.97
[step 6960/20000] loss=1.9419 lr=2.211e-04 grad_norm=0.755 samples/s=75.96
[step 6970/20000] loss=1.9592 lr=2.209e-04 grad_norm=0.693 samples/s=75.98
[step 6980/20000] loss=1.5759 lr=2.207e-04 grad_norm=0.699 samples/s=75.96
[step 6990/20000] loss=1.6841 lr=2.205e-04 grad_norm=0.681 samples/s=75.98
[step 7000/20000] loss=2.5620 lr=2.203e-04 grad_norm=1.334 samples/s=75.95
[val step 7000] loss=2.0759071807861327 m01={'mean': 0.4093998113886619, 'median': 0.40835430767447695, 'p95': 0.6784585187959586, 'tail_frac_gt4px': 8.185985592665357e-05, 'n_matched': 12216} m02={'12-16': 0.9192618223760092, '16-32': 0.9546000480422772, '32-64': 0.9451172378253028, '64-128': 0.9418457648546145} m04={'accuracy': 0.5887360838244925, 'by_octave': {'12-16': 0.5696361355081556, '16-32': 0.6512330145948666, '32-64': 0.6136859323882224, '64-128': 0.4848993288590604}} diag={'gate3_alpha_mean': 0.28227534890174866, 'gate3_alpha_min': 0.01668548583984375, 'gate3_alpha_max': 0.98779296875, 'gate3_alpha_std': 0.1545737236738205, 'gate3_alpha_p10': 0.0999908447265625, 'gate3_alpha_p50': 0.2621116638183594, 'gate3_alpha_p90': 0.4891357421875, 'block0_attn_entropy': 7.1890082359313965, 'block1_attn_entropy': 7.4866156578063965}
[step 7010/20000] loss=1.3631 lr=2.201e-04 grad_norm=0.927 samples/s=76.04
[step 7020/20000] loss=2.2852 lr=2.199e-04 grad_norm=1.037 samples/s=76.11
[step 7030/20000] loss=2.5221 lr=2.197e-04 grad_norm=0.877 samples/s=76.10
[step 7040/20000] loss=1.7713 lr=2.195e-04 grad_norm=0.815 samples/s=76.08
[step 7050/20000] loss=1.5303 lr=2.193e-04 grad_norm=0.771 samples/s=76.07
[step 7060/20000] loss=1.8482 lr=2.190e-04 grad_norm=1.117 samples/s=76.05
[step 7070/20000] loss=2.9735 lr=2.188e-04 grad_norm=0.924 samples/s=76.05
[step 7080/20000] loss=2.0897 lr=2.186e-04 grad_norm=0.832 samples/s=76.05
[step 7090/20000] loss=2.7484 lr=2.184e-04 grad_norm=0.975 samples/s=76.02
[step 7100/20000] loss=2.1849 lr=2.182e-04 grad_norm=0.827 samples/s=76.03
[step 7110/20000] loss=2.0438 lr=2.180e-04 grad_norm=0.815 samples/s=76.01
[step 7120/20000] loss=1.7506 lr=2.178e-04 grad_norm=0.928 samples/s=76.01
[step 7130/20000] loss=1.8513 lr=2.176e-04 grad_norm=0.970 samples/s=76.01
[step 7140/20000] loss=1.7356 lr=2.174e-04 grad_norm=0.883 samples/s=75.94
[step 7150/20000] loss=1.9552 lr=2.172e-04 grad_norm=0.736 samples/s=75.94
[step 7160/20000] loss=1.7192 lr=2.169e-04 grad_norm=0.867 samples/s=75.94
[step 7170/20000] loss=1.9352 lr=2.167e-04 grad_norm=0.837 samples/s=75.96
[step 7180/20000] loss=2.0921 lr=2.165e-04 grad_norm=0.831 samples/s=75.95
[step 7190/20000] loss=1.6100 lr=2.163e-04 grad_norm=0.791 samples/s=75.96
[step 7200/20000] loss=2.1548 lr=2.161e-04 grad_norm=0.930 samples/s=75.94
[step 7210/20000] loss=1.9225 lr=2.159e-04 grad_norm=0.755 samples/s=75.94
[step 7220/20000] loss=2.6613 lr=2.157e-04 grad_norm=0.658 samples/s=75.92
[step 7230/20000] loss=2.4235 lr=2.155e-04 grad_norm=0.753 samples/s=75.93
[step 7240/20000] loss=1.7762 lr=2.153e-04 grad_norm=0.741 samples/s=75.93
[step 7250/20000] loss=2.0346 lr=2.150e-04 grad_norm=0.859 samples/s=75.95
[step 7260/20000] loss=1.9610 lr=2.148e-04 grad_norm=0.652 samples/s=75.91
[step 7270/20000] loss=1.4748 lr=2.146e-04 grad_norm=0.853 samples/s=75.93
[step 7280/20000] loss=2.0316 lr=2.144e-04 grad_norm=0.856 samples/s=75.89
[step 7290/20000] loss=2.2807 lr=2.142e-04 grad_norm=0.770 samples/s=75.89
[step 7300/20000] loss=1.5882 lr=2.140e-04 grad_norm=0.797 samples/s=75.86
[step 7310/20000] loss=2.1361 lr=2.138e-04 grad_norm=0.665 samples/s=75.87
[step 7320/20000] loss=1.7418 lr=2.136e-04 grad_norm=0.780 samples/s=75.85
[step 7330/20000] loss=2.5773 lr=2.133e-04 grad_norm=1.021 samples/s=75.87
[step 7340/20000] loss=1.5781 lr=2.131e-04 grad_norm=0.845 samples/s=75.86
[step 7350/20000] loss=2.5715 lr=2.129e-04 grad_norm=0.804 samples/s=75.87
[step 7360/20000] loss=1.8798 lr=2.127e-04 grad_norm=0.782 samples/s=75.85
[step 7370/20000] loss=2.0331 lr=2.125e-04 grad_norm=0.715 samples/s=75.87
[step 7380/20000] loss=1.4830 lr=2.123e-04 grad_norm=0.974 samples/s=75.84
[step 7390/20000] loss=1.8313 lr=2.121e-04 grad_norm=0.755 samples/s=75.87
[step 7400/20000] loss=2.0986 lr=2.119e-04 grad_norm=0.861 samples/s=75.84
[step 7410/20000] loss=2.1870 lr=2.116e-04 grad_norm=0.833 samples/s=75.80
[step 7420/20000] loss=1.9274 lr=2.114e-04 grad_norm=0.725 samples/s=75.79
[step 7430/20000] loss=1.7977 lr=2.112e-04 grad_norm=0.681 samples/s=75.80
[step 7440/20000] loss=1.9550 lr=2.110e-04 grad_norm=0.776 samples/s=75.80
[step 7450/20000] loss=1.9338 lr=2.108e-04 grad_norm=0.745 samples/s=75.83
[step 7460/20000] loss=1.9336 lr=2.106e-04 grad_norm=0.832 samples/s=75.82
[step 7470/20000] loss=1.9075 lr=2.103e-04 grad_norm=0.923 samples/s=75.83
[step 7480/20000] loss=2.0372 lr=2.101e-04 grad_norm=0.820 samples/s=75.81
[step 7490/20000] loss=1.8464 lr=2.099e-04 grad_norm=0.657 samples/s=75.83
[step 7500/20000] loss=2.2017 lr=2.097e-04 grad_norm=0.834 samples/s=75.81
[val step 7500] loss=2.0722974033355714 m01={'mean': 0.4093998113886619, 'median': 0.40835430767447695, 'p95': 0.6784585187959586, 'tail_frac_gt4px': 8.185985592665357e-05, 'n_matched': 12216} m02={'12-16': 0.9192618223760092, '16-32': 0.9546000480422772, '32-64': 0.9451172378253028, '64-128': 0.9418457648546145} m04={'accuracy': 0.5899639816633923, 'by_octave': {'12-16': 0.5677540777917189, '16-32': 0.649723200805234, '32-64': 0.6196837513631407, '64-128': 0.4855704697986577}} diag={'gate3_alpha_mean': 0.28227534890174866, 'gate3_alpha_min': 0.01668548583984375, 'gate3_alpha_max': 0.98779296875, 'gate3_alpha_std': 0.1545737236738205, 'gate3_alpha_p10': 0.0999908447265625, 'gate3_alpha_p50': 0.2621116638183594, 'gate3_alpha_p90': 0.4891357421875, 'block0_attn_entropy': 7.1890082359313965, 'block1_attn_entropy': 7.4866156578063965}
[step 7510/20000] loss=2.0925 lr=2.095e-04 grad_norm=1.270 samples/s=75.90
[step 7520/20000] loss=1.5393 lr=2.093e-04 grad_norm=0.808 samples/s=75.96
[step 7530/20000] loss=2.2744 lr=2.091e-04 grad_norm=0.795 samples/s=75.93
[step 7540/20000] loss=2.0536 lr=2.088e-04 grad_norm=0.928 samples/s=75.94
[step 7550/20000] loss=2.0264 lr=2.086e-04 grad_norm=0.861 samples/s=75.92
[step 7560/20000] loss=1.9351 lr=2.084e-04 grad_norm=1.050 samples/s=75.92
[step 7570/20000] loss=2.2981 lr=2.082e-04 grad_norm=0.778 samples/s=75.91
[step 7580/20000] loss=1.6064 lr=2.080e-04 grad_norm=1.036 samples/s=75.90
[step 7590/20000] loss=1.3456 lr=2.078e-04 grad_norm=0.859 samples/s=75.91
[step 7600/20000] loss=2.2034 lr=2.075e-04 grad_norm=0.913 samples/s=75.91
[step 7610/20000] loss=1.5266 lr=2.073e-04 grad_norm=0.722 samples/s=75.89
[step 7620/20000] loss=2.0177 lr=2.071e-04 grad_norm=0.847 samples/s=75.88
[step 7630/20000] loss=2.0848 lr=2.069e-04 grad_norm=0.840 samples/s=75.86
[step 7640/20000] loss=1.4797 lr=2.067e-04 grad_norm=0.905 samples/s=75.87
[step 7650/20000] loss=1.7762 lr=2.064e-04 grad_norm=1.047 samples/s=75.87
[step 7660/20000] loss=3.5261 lr=2.062e-04 grad_norm=1.161 samples/s=75.83
[step 7670/20000] loss=1.9466 lr=2.060e-04 grad_norm=0.824 samples/s=75.84
[step 7680/20000] loss=2.0666 lr=2.058e-04 grad_norm=0.938 samples/s=75.82
[step 7690/20000] loss=1.7939 lr=2.056e-04 grad_norm=0.823 samples/s=75.84
[step 7700/20000] loss=1.9243 lr=2.054e-04 grad_norm=0.776 samples/s=75.85
[step 7710/20000] loss=2.6975 lr=2.051e-04 grad_norm=1.059 samples/s=75.85
[step 7720/20000] loss=2.3990 lr=2.049e-04 grad_norm=0.897 samples/s=75.83
[step 7730/20000] loss=2.1399 lr=2.047e-04 grad_norm=0.936 samples/s=75.84
[step 7740/20000] loss=1.5128 lr=2.045e-04 grad_norm=1.052 samples/s=75.82
[step 7750/20000] loss=1.7579 lr=2.043e-04 grad_norm=0.904 samples/s=75.83
[step 7760/20000] loss=1.9138 lr=2.040e-04 grad_norm=0.852 samples/s=75.81
[step 7770/20000] loss=2.0420 lr=2.038e-04 grad_norm=0.700 samples/s=75.82
[step 7780/20000] loss=1.8555 lr=2.036e-04 grad_norm=0.890 samples/s=75.78
[step 7790/20000] loss=1.8072 lr=2.034e-04 grad_norm=0.716 samples/s=75.78
[step 7800/20000] loss=1.7388 lr=2.032e-04 grad_norm=0.941 samples/s=75.76
[step 7810/20000] loss=2.1208 lr=2.029e-04 grad_norm=0.745 samples/s=75.78
[step 7820/20000] loss=2.0069 lr=2.027e-04 grad_norm=0.816 samples/s=75.77
[step 7830/20000] loss=2.7662 lr=2.025e-04 grad_norm=1.040 samples/s=75.79
[step 7840/20000] loss=2.3674 lr=2.023e-04 grad_norm=0.709 samples/s=75.78
[step 7850/20000] loss=1.4913 lr=2.021e-04 grad_norm=0.829 samples/s=75.78
[step 7860/20000] loss=1.8822 lr=2.018e-04 grad_norm=0.852 samples/s=75.78
[step 7870/20000] loss=1.6497 lr=2.016e-04 grad_norm=0.822 samples/s=75.78
[step 7880/20000] loss=2.2566 lr=2.014e-04 grad_norm=0.809 samples/s=75.77
[step 7890/20000] loss=1.8440 lr=2.012e-04 grad_norm=0.954 samples/s=75.75
[step 7900/20000] loss=1.9711 lr=2.010e-04 grad_norm=1.267 samples/s=75.74
[step 7910/20000] loss=2.3194 lr=2.007e-04 grad_norm=0.705 samples/s=75.73
[step 7920/20000] loss=1.7045 lr=2.005e-04 grad_norm=0.755 samples/s=75.75
[step 7930/20000] loss=2.0950 lr=2.003e-04 grad_norm=0.710 samples/s=75.68
[step 7940/20000] loss=1.5485 lr=2.001e-04 grad_norm=1.046 samples/s=75.68
[step 7950/20000] loss=1.8881 lr=1.999e-04 grad_norm=0.979 samples/s=75.69
[step 7960/20000] loss=1.7750 lr=1.996e-04 grad_norm=0.941 samples/s=75.69
[step 7970/20000] loss=1.9028 lr=1.994e-04 grad_norm=0.778 samples/s=75.70
[step 7980/20000] loss=2.2484 lr=1.992e-04 grad_norm=0.862 samples/s=75.69
[step 7990/20000] loss=1.6417 lr=1.990e-04 grad_norm=0.995 samples/s=75.68
[step 8000/20000] loss=2.1669 lr=1.987e-04 grad_norm=0.715 samples/s=75.68
[val step 8000] loss=2.0690272369384766 m01={'mean': 0.4093998113886619, 'median': 0.40835430767447695, 'p95': 0.6784585187959586, 'tail_frac_gt4px': 8.185985592665357e-05, 'n_matched': 12216} m02={'12-16': 0.9192618223760092, '16-32': 0.9546000480422772, '32-64': 0.9451172378253028, '64-128': 0.9418457648546145} m04={'accuracy': 0.5953667321545514, 'by_octave': {'12-16': 0.5734002509410289, '16-32': 0.655510820332159, '32-64': 0.6210468920392584, '64-128': 0.49530201342281877}} diag={'gate3_alpha_mean': 0.28227534890174866, 'gate3_alpha_min': 0.01668548583984375, 'gate3_alpha_max': 0.98779296875, 'gate3_alpha_std': 0.1545737236738205, 'gate3_alpha_p10': 0.0999908447265625, 'gate3_alpha_p50': 0.2621116638183594, 'gate3_alpha_p90': 0.4891357421875, 'block0_attn_entropy': 7.1890082359313965, 'block1_attn_entropy': 7.4866156578063965}
[step 8010/20000] loss=1.7137 lr=1.985e-04 grad_norm=0.911 samples/s=75.76
[step 8020/20000] loss=2.1158 lr=1.983e-04 grad_norm=0.964 samples/s=75.81
[step 8030/20000] loss=1.7362 lr=1.981e-04 grad_norm=0.974 samples/s=75.77
[step 8040/20000] loss=2.0662 lr=1.979e-04 grad_norm=0.891 samples/s=75.79
[step 8050/20000] loss=1.7211 lr=1.976e-04 grad_norm=1.196 samples/s=75.75
[step 8060/20000] loss=1.7703 lr=1.974e-04 grad_norm=0.872 samples/s=75.78
[step 8070/20000] loss=1.7694 lr=1.972e-04 grad_norm=1.044 samples/s=75.76
[step 8080/20000] loss=1.8020 lr=1.970e-04 grad_norm=0.913 samples/s=75.78
[step 8090/20000] loss=1.8798 lr=1.967e-04 grad_norm=0.975 samples/s=75.74
[step 8100/20000] loss=1.5747 lr=1.965e-04 grad_norm=0.774 samples/s=75.73
[step 8110/20000] loss=1.9926 lr=1.963e-04 grad_norm=0.977 samples/s=75.73
[step 8120/20000] loss=2.3081 lr=1.961e-04 grad_norm=0.703 samples/s=75.73
[step 8130/20000] loss=1.9671 lr=1.958e-04 grad_norm=0.969 samples/s=75.72
[step 8140/20000] loss=2.4762 lr=1.956e-04 grad_norm=0.892 samples/s=75.74
[step 8150/20000] loss=2.1200 lr=1.954e-04 grad_norm=1.029 samples/s=75.73
[step 8160/20000] loss=2.4887 lr=1.952e-04 grad_norm=0.859 samples/s=75.75
[step 8170/20000] loss=1.6969 lr=1.950e-04 grad_norm=0.832 samples/s=75.74
[step 8180/20000] loss=2.6108 lr=1.947e-04 grad_norm=0.929 samples/s=75.75
[step 8190/20000] loss=2.2666 lr=1.945e-04 grad_norm=0.683 samples/s=75.71
[step 8200/20000] loss=1.9204 lr=1.943e-04 grad_norm=0.805 samples/s=75.72
[step 8210/20000] loss=2.2318 lr=1.941e-04 grad_norm=0.899 samples/s=75.71
[step 8220/20000] loss=1.7402 lr=1.938e-04 grad_norm=0.900 samples/s=75.74
[step 8230/20000] loss=1.8818 lr=1.936e-04 grad_norm=0.952 samples/s=75.73
[step 8240/20000] loss=1.3143 lr=1.934e-04 grad_norm=0.771 samples/s=75.75
[step 8250/20000] loss=2.0032 lr=1.932e-04 grad_norm=0.702 samples/s=75.73
[step 8260/20000] loss=1.9091 lr=1.929e-04 grad_norm=0.873 samples/s=75.74
[step 8270/20000] loss=2.2082 lr=1.927e-04 grad_norm=0.885 samples/s=75.73
[step 8280/20000] loss=1.8271 lr=1.925e-04 grad_norm=1.229 samples/s=75.75
[step 8290/20000] loss=1.6913 lr=1.923e-04 grad_norm=0.946 samples/s=75.76
[step 8300/20000] loss=2.5235 lr=1.920e-04 grad_norm=0.832 samples/s=75.76
[step 8310/20000] loss=1.9032 lr=1.918e-04 grad_norm=0.729 samples/s=75.75
[step 8320/20000] loss=1.5643 lr=1.916e-04 grad_norm=0.669 samples/s=75.75
[step 8330/20000] loss=2.2357 lr=1.914e-04 grad_norm=1.189 samples/s=75.74
[step 8340/20000] loss=2.3376 lr=1.911e-04 grad_norm=0.846 samples/s=75.73
[step 8350/20000] loss=1.6535 lr=1.909e-04 grad_norm=0.754 samples/s=75.73
[step 8360/20000] loss=2.0014 lr=1.907e-04 grad_norm=0.945 samples/s=75.72
[step 8370/20000] loss=1.8504 lr=1.904e-04 grad_norm=0.818 samples/s=75.72
[step 8380/20000] loss=2.2752 lr=1.902e-04 grad_norm=0.921 samples/s=75.73
[step 8390/20000] loss=1.5078 lr=1.900e-04 grad_norm=1.053 samples/s=75.71
[step 8400/20000] loss=2.0036 lr=1.898e-04 grad_norm=0.831 samples/s=75.72
[step 8410/20000] loss=2.2351 lr=1.895e-04 grad_norm=1.206 samples/s=75.72
[step 8420/20000] loss=1.7170 lr=1.893e-04 grad_norm=0.683 samples/s=75.70
[step 8430/20000] loss=1.6811 lr=1.891e-04 grad_norm=0.746 samples/s=75.71
[step 8440/20000] loss=2.5697 lr=1.889e-04 grad_norm=0.945 samples/s=75.69
[step 8450/20000] loss=2.3009 lr=1.886e-04 grad_norm=1.032 samples/s=75.69
[step 8460/20000] loss=1.9166 lr=1.884e-04 grad_norm=0.742 samples/s=75.66
[step 8470/20000] loss=2.0145 lr=1.882e-04 grad_norm=0.890 samples/s=75.65
[step 8480/20000] loss=1.7303 lr=1.880e-04 grad_norm=0.832 samples/s=75.62
[step 8490/20000] loss=2.5678 lr=1.877e-04 grad_norm=0.801 samples/s=75.64
[step 8500/20000] loss=1.9100 lr=1.875e-04 grad_norm=0.866 samples/s=75.63
[val step 8500] loss=2.0667635040283203 m01={'mean': 0.4093998113886619, 'median': 0.40835430767447695, 'p95': 0.6784585187959586, 'tail_frac_gt4px': 8.185985592665357e-05, 'n_matched': 12216} m02={'12-16': 0.9192618223760092, '16-32': 0.9546000480422772, '32-64': 0.9451172378253028, '64-128': 0.9418457648546145} m04={'accuracy': 0.5968402095612312, 'by_octave': {'12-16': 0.5790464240903388, '16-32': 0.6560140915953699, '32-64': 0.6202290076335878, '64-128': 0.4986577181208054}} diag={'gate3_alpha_mean': 0.28227534890174866, 'gate3_alpha_min': 0.01668548583984375, 'gate3_alpha_max': 0.98779296875, 'gate3_alpha_std': 0.1545737236738205, 'gate3_alpha_p10': 0.0999908447265625, 'gate3_alpha_p50': 0.2621116638183594, 'gate3_alpha_p90': 0.4891357421875, 'block0_attn_entropy': 7.1890082359313965, 'block1_attn_entropy': 7.4866156578063965}
[step 8510/20000] loss=1.7707 lr=1.873e-04 grad_norm=0.764 samples/s=75.71
[step 8520/20000] loss=2.3124 lr=1.870e-04 grad_norm=0.975 samples/s=75.76
[step 8530/20000] loss=1.4799 lr=1.868e-04 grad_norm=0.738 samples/s=75.74
[step 8540/20000] loss=1.6444 lr=1.866e-04 grad_norm=0.912 samples/s=75.75
[step 8550/20000] loss=1.9793 lr=1.864e-04 grad_norm=1.165 samples/s=75.74
[step 8560/20000] loss=1.5011 lr=1.861e-04 grad_norm=0.922 samples/s=75.74
[step 8570/20000] loss=1.9556 lr=1.859e-04 grad_norm=1.024 samples/s=75.73
[step 8580/20000] loss=1.8322 lr=1.857e-04 grad_norm=0.857 samples/s=75.74
[step 8590/20000] loss=1.4755 lr=1.854e-04 grad_norm=0.934 samples/s=75.73
[step 8600/20000] loss=2.1421 lr=1.852e-04 grad_norm=0.792 samples/s=75.74
[step 8610/20000] loss=2.0301 lr=1.850e-04 grad_norm=0.912 samples/s=75.71
[step 8620/20000] loss=2.0665 lr=1.848e-04 grad_norm=0.835 samples/s=75.72
[step 8630/20000] loss=1.5603 lr=1.845e-04 grad_norm=0.899 samples/s=75.71
[step 8640/20000] loss=1.8337 lr=1.843e-04 grad_norm=0.929 samples/s=75.71
[step 8650/20000] loss=2.2131 lr=1.841e-04 grad_norm=0.909 samples/s=75.69
[step 8660/20000] loss=1.7179 lr=1.838e-04 grad_norm=0.927 samples/s=75.71
[step 8670/20000] loss=1.7603 lr=1.836e-04 grad_norm=0.823 samples/s=75.69
[step 8680/20000] loss=1.5847 lr=1.834e-04 grad_norm=0.841 samples/s=75.67
[step 8690/20000] loss=2.2391 lr=1.832e-04 grad_norm=1.236 samples/s=75.68
[step 8700/20000] loss=2.0899 lr=1.829e-04 grad_norm=0.841 samples/s=75.63
[step 8710/20000] loss=1.9020 lr=1.827e-04 grad_norm=0.826 samples/s=75.63
[step 8720/20000] loss=2.3728 lr=1.825e-04 grad_norm=0.808 samples/s=75.62
[step 8730/20000] loss=1.6408 lr=1.822e-04 grad_norm=0.822 samples/s=75.64
[step 8740/20000] loss=2.9395 lr=1.820e-04 grad_norm=0.877 samples/s=75.64
[step 8750/20000] loss=2.3763 lr=1.818e-04 grad_norm=0.872 samples/s=75.66
[step 8760/20000] loss=1.9297 lr=1.816e-04 grad_norm=0.676 samples/s=75.64
[step 8770/20000] loss=1.8319 lr=1.813e-04 grad_norm=0.869 samples/s=75.64
[step 8780/20000] loss=2.1335 lr=1.811e-04 grad_norm=0.961 samples/s=75.64
[step 8790/20000] loss=1.5677 lr=1.809e-04 grad_norm=1.144 samples/s=75.65
[step 8800/20000] loss=1.5277 lr=1.806e-04 grad_norm=0.713 samples/s=75.63
[step 8810/20000] loss=1.8241 lr=1.804e-04 grad_norm=0.901 samples/s=75.65
[step 8820/20000] loss=2.0705 lr=1.802e-04 grad_norm=0.796 samples/s=75.63
[step 8830/20000] loss=1.5831 lr=1.799e-04 grad_norm=0.613 samples/s=75.64
[step 8840/20000] loss=1.9590 lr=1.797e-04 grad_norm=0.825 samples/s=75.62
[step 8850/20000] loss=2.3251 lr=1.795e-04 grad_norm=1.109 samples/s=75.62
[step 8860/20000] loss=2.0171 lr=1.793e-04 grad_norm=0.885 samples/s=75.61
[step 8870/20000] loss=1.6216 lr=1.790e-04 grad_norm=1.174 samples/s=75.61
[step 8880/20000] loss=2.4777 lr=1.788e-04 grad_norm=0.868 samples/s=75.61
[step 8890/20000] loss=1.7636 lr=1.786e-04 grad_norm=0.764 samples/s=75.61
[step 8900/20000] loss=2.0175 lr=1.783e-04 grad_norm=0.847 samples/s=75.62
[step 8910/20000] loss=1.8257 lr=1.781e-04 grad_norm=0.960 samples/s=75.61
[step 8920/20000] loss=1.9669 lr=1.779e-04 grad_norm=0.772 samples/s=75.61
[step 8930/20000] loss=1.7951 lr=1.776e-04 grad_norm=0.925 samples/s=75.61
[step 8940/20000] loss=2.0625 lr=1.774e-04 grad_norm=0.713 samples/s=75.60
[step 8950/20000] loss=2.0406 lr=1.772e-04 grad_norm=0.871 samples/s=75.61
[step 8960/20000] loss=2.5463 lr=1.770e-04 grad_norm=0.822 samples/s=75.60
[step 8970/20000] loss=1.7993 lr=1.767e-04 grad_norm=0.787 samples/s=75.60
[step 8980/20000] loss=2.3693 lr=1.765e-04 grad_norm=0.783 samples/s=75.59
[step 8990/20000] loss=1.4920 lr=1.763e-04 grad_norm=0.954 samples/s=75.58
[step 9000/20000] loss=2.2253 lr=1.760e-04 grad_norm=0.963 samples/s=75.57
[val step 9000] loss=2.063905773162842 m01={'mean': 0.4093998113886619, 'median': 0.40835430767447695, 'p95': 0.6784585187959586, 'tail_frac_gt4px': 8.185985592665357e-05, 'n_matched': 12216} m02={'12-16': 0.9192618223760092, '16-32': 0.9546000480422772, '32-64': 0.9451172378253028, '64-128': 0.9418457648546145} m04={'accuracy': 0.595694171578258, 'by_octave': {'12-16': 0.5677540777917189, '16-32': 0.6560140915953699, '32-64': 0.626226826608506, '64-128': 0.49261744966442955}} diag={'gate3_alpha_mean': 0.28227534890174866, 'gate3_alpha_min': 0.01668548583984375, 'gate3_alpha_max': 0.98779296875, 'gate3_alpha_std': 0.1545737236738205, 'gate3_alpha_p10': 0.0999908447265625, 'gate3_alpha_p50': 0.2621116638183594, 'gate3_alpha_p90': 0.4891357421875, 'block0_attn_entropy': 7.1890082359313965, 'block1_attn_entropy': 7.4866156578063965}
[step 9010/20000] loss=1.8541 lr=1.758e-04 grad_norm=1.001 samples/s=75.63
[step 9020/20000] loss=1.9607 lr=1.756e-04 grad_norm=0.760 samples/s=75.68
[step 9030/20000] loss=1.8245 lr=1.753e-04 grad_norm=0.720 samples/s=75.66
[step 9040/20000] loss=1.7515 lr=1.751e-04 grad_norm=0.773 samples/s=75.67
[step 9050/20000] loss=1.8399 lr=1.749e-04 grad_norm=0.814 samples/s=75.64
[step 9060/20000] loss=1.8665 lr=1.746e-04 grad_norm=0.888 samples/s=75.65
[step 9070/20000] loss=1.7314 lr=1.744e-04 grad_norm=0.816 samples/s=75.63
[step 9080/20000] loss=2.0993 lr=1.742e-04 grad_norm=0.796 samples/s=75.63
[step 9090/20000] loss=1.8691 lr=1.739e-04 grad_norm=1.043 samples/s=75.64
[step 9100/20000] loss=2.7062 lr=1.737e-04 grad_norm=0.805 samples/s=75.61
[step 9110/20000] loss=1.7292 lr=1.735e-04 grad_norm=0.747 samples/s=75.62
[step 9120/20000] loss=1.9341 lr=1.732e-04 grad_norm=0.670 samples/s=75.61
[step 9130/20000] loss=2.3806 lr=1.730e-04 grad_norm=0.756 samples/s=75.62
[step 9140/20000] loss=1.6931 lr=1.728e-04 grad_norm=0.844 samples/s=75.61
[step 9150/20000] loss=1.8009 lr=1.726e-04 grad_norm=0.858 samples/s=75.62
[step 9160/20000] loss=1.5580 lr=1.723e-04 grad_norm=0.794 samples/s=75.61
[step 9170/20000] loss=1.4362 lr=1.721e-04 grad_norm=0.882 samples/s=75.63
[step 9180/20000] loss=2.2515 lr=1.719e-04 grad_norm=0.817 samples/s=75.63
[step 9190/20000] loss=1.7217 lr=1.716e-04 grad_norm=0.890 samples/s=75.63
[step 9200/20000] loss=1.8175 lr=1.714e-04 grad_norm=0.691 samples/s=75.62
[step 9210/20000] loss=2.5059 lr=1.712e-04 grad_norm=0.699 samples/s=75.62
[step 9220/20000] loss=2.0418 lr=1.709e-04 grad_norm=0.961 samples/s=75.60
[step 9230/20000] loss=2.0939 lr=1.707e-04 grad_norm=0.951 samples/s=75.62
[step 9240/20000] loss=1.9126 lr=1.705e-04 grad_norm=0.796 samples/s=75.56
[step 9250/20000] loss=1.5251 lr=1.702e-04 grad_norm=0.985 samples/s=75.58
[step 9260/20000] loss=1.8245 lr=1.700e-04 grad_norm=0.899 samples/s=75.56
[step 9270/20000] loss=1.6002 lr=1.698e-04 grad_norm=1.042 samples/s=75.58
[step 9280/20000] loss=1.6788 lr=1.695e-04 grad_norm=0.787 samples/s=75.57
[step 9290/20000] loss=1.8738 lr=1.693e-04 grad_norm=0.777 samples/s=75.58
[step 9300/20000] loss=2.6778 lr=1.691e-04 grad_norm=0.784 samples/s=75.56
[step 9310/20000] loss=1.4655 lr=1.688e-04 grad_norm=1.224 samples/s=75.58
[step 9320/20000] loss=1.5648 lr=1.686e-04 grad_norm=1.009 samples/s=75.56
[step 9330/20000] loss=1.8099 lr=1.684e-04 grad_norm=0.642 samples/s=75.57
[step 9340/20000] loss=2.0064 lr=1.681e-04 grad_norm=0.747 samples/s=75.55
[step 9350/20000] loss=2.2354 lr=1.679e-04 grad_norm=0.867 samples/s=75.58
[step 9360/20000] loss=1.8692 lr=1.677e-04 grad_norm=0.764 samples/s=75.56
[step 9370/20000] loss=2.2616 lr=1.674e-04 grad_norm=1.302 samples/s=75.58
[step 9380/20000] loss=2.0936 lr=1.672e-04 grad_norm=1.045 samples/s=75.55
[step 9390/20000] loss=2.1939 lr=1.670e-04 grad_norm=0.867 samples/s=75.55
[step 9400/20000] loss=1.5530 lr=1.667e-04 grad_norm=0.961 samples/s=75.53
[step 9410/20000] loss=1.8261 lr=1.665e-04 grad_norm=0.885 samples/s=75.53
[step 9420/20000] loss=1.6846 lr=1.663e-04 grad_norm=0.975 samples/s=75.50
[step 9430/20000] loss=2.0544 lr=1.660e-04 grad_norm=0.746 samples/s=75.49
[step 9440/20000] loss=1.9811 lr=1.658e-04 grad_norm=0.711 samples/s=75.49
[step 9450/20000] loss=1.8842 lr=1.656e-04 grad_norm=1.114 samples/s=75.49
[step 9460/20000] loss=2.0280 lr=1.653e-04 grad_norm=0.828 samples/s=75.48
[step 9470/20000] loss=1.5654 lr=1.651e-04 grad_norm=0.804 samples/s=75.50
[step 9480/20000] loss=1.5677 lr=1.649e-04 grad_norm=0.774 samples/s=75.48
[step 9490/20000] loss=2.1808 lr=1.646e-04 grad_norm=0.801 samples/s=75.48
[step 9500/20000] loss=1.5729 lr=1.644e-04 grad_norm=0.880 samples/s=75.45
[val step 9500] loss=2.061513969421387 m01={'mean': 0.4093998113886619, 'median': 0.40835430767447695, 'p95': 0.6784585187959586, 'tail_frac_gt4px': 8.185985592665357e-05, 'n_matched': 12216} m02={'12-16': 0.9192618223760092, '16-32': 0.9546000480422772, '32-64': 0.9451172378253028, '64-128': 0.9418457648546145} m04={'accuracy': 0.5983955468238376, 'by_octave': {'12-16': 0.5734002509410289, '16-32': 0.659536990437846, '32-64': 0.6240458015267175, '64-128': 0.4986577181208054}} diag={'gate3_alpha_mean': 0.28227534890174866, 'gate3_alpha_min': 0.01668548583984375, 'gate3_alpha_max': 0.98779296875, 'gate3_alpha_std': 0.1545737236738205, 'gate3_alpha_p10': 0.0999908447265625, 'gate3_alpha_p50': 0.2621116638183594, 'gate3_alpha_p90': 0.4891357421875, 'block0_attn_entropy': 7.1890082359313965, 'block1_attn_entropy': 7.4866156578063965}
[step 9510/20000] loss=1.8382 lr=1.642e-04 grad_norm=0.769 samples/s=75.52
[step 9520/20000] loss=1.8037 lr=1.639e-04 grad_norm=0.810 samples/s=75.56
[step 9530/20000] loss=1.8493 lr=1.637e-04 grad_norm=0.951 samples/s=75.54
[step 9540/20000] loss=1.5505 lr=1.635e-04 grad_norm=0.622 samples/s=75.55
[step 9550/20000] loss=1.7332 lr=1.632e-04 grad_norm=0.846 samples/s=75.51
[step 9560/20000] loss=2.2262 lr=1.630e-04 grad_norm=0.785 samples/s=75.53
[step 9570/20000] loss=1.5623 lr=1.628e-04 grad_norm=0.942 samples/s=75.52
[step 9580/20000] loss=1.6442 lr=1.625e-04 grad_norm=0.778 samples/s=75.53
[step 9590/20000] loss=2.4943 lr=1.623e-04 grad_norm=0.871 samples/s=75.50
[step 9600/20000] loss=1.8138 lr=1.621e-04 grad_norm=0.921 samples/s=75.53
[step 9610/20000] loss=2.5250 lr=1.618e-04 grad_norm=0.798 samples/s=75.50
[step 9620/20000] loss=2.5429 lr=1.616e-04 grad_norm=0.973 samples/s=75.51
[step 9630/20000] loss=2.2778 lr=1.614e-04 grad_norm=0.819 samples/s=75.50
[step 9640/20000] loss=1.7020 lr=1.611e-04 grad_norm=0.811 samples/s=75.51
[step 9650/20000] loss=2.0406 lr=1.609e-04 grad_norm=0.800 samples/s=75.50
[step 9660/20000] loss=1.7526 lr=1.607e-04 grad_norm=0.949 samples/s=75.51
[step 9670/20000] loss=1.8918 lr=1.604e-04 grad_norm=0.901 samples/s=75.49
[step 9680/20000] loss=2.5571 lr=1.602e-04 grad_norm=0.793 samples/s=75.50
[step 9690/20000] loss=2.4299 lr=1.600e-04 grad_norm=0.986 samples/s=75.49
[step 9700/20000] loss=1.7202 lr=1.597e-04 grad_norm=0.939 samples/s=75.49
[step 9710/20000] loss=2.1440 lr=1.595e-04 grad_norm=0.702 samples/s=75.48
[step 9720/20000] loss=2.0090 lr=1.593e-04 grad_norm=1.081 samples/s=75.50
[step 9730/20000] loss=1.9880 lr=1.590e-04 grad_norm=0.907 samples/s=75.48
[step 9740/20000] loss=1.7654 lr=1.588e-04 grad_norm=0.747 samples/s=75.49
[step 9750/20000] loss=1.7759 lr=1.586e-04 grad_norm=0.768 samples/s=75.45
[step 9760/20000] loss=1.8706 lr=1.583e-04 grad_norm=0.822 samples/s=75.46
[step 9770/20000] loss=2.1414 lr=1.581e-04 grad_norm=0.897 samples/s=75.43
[step 9780/20000] loss=1.6949 lr=1.579e-04 grad_norm=0.750 samples/s=75.44
[step 9790/20000] loss=1.7457 lr=1.576e-04 grad_norm=0.908 samples/s=75.43
[step 9800/20000] loss=2.1799 lr=1.574e-04 grad_norm=1.278 samples/s=75.44
[step 9810/20000] loss=2.0210 lr=1.571e-04 grad_norm=0.864 samples/s=75.43
[step 9820/20000] loss=1.5727 lr=1.569e-04 grad_norm=0.815 samples/s=75.44
[step 9830/20000] loss=1.7665 lr=1.567e-04 grad_norm=0.930 samples/s=75.43
[step 9840/20000] loss=1.8191 lr=1.564e-04 grad_norm=0.760 samples/s=75.44
[step 9850/20000] loss=1.7744 lr=1.562e-04 grad_norm=0.695 samples/s=75.43
[step 9860/20000] loss=2.2281 lr=1.560e-04 grad_norm=0.709 samples/s=75.44
[step 9870/20000] loss=2.0388 lr=1.557e-04 grad_norm=0.869 samples/s=75.41
[step 9880/20000] loss=1.5758 lr=1.555e-04 grad_norm=0.775 samples/s=75.43
[step 9890/20000] loss=2.0331 lr=1.553e-04 grad_norm=0.839 samples/s=75.40
[step 9900/20000] loss=1.7271 lr=1.550e-04 grad_norm=0.807 samples/s=75.41
[step 9910/20000] loss=1.7169 lr=1.548e-04 grad_norm=0.867 samples/s=75.39
[step 9920/20000] loss=1.7732 lr=1.546e-04 grad_norm=1.081 samples/s=75.41
[step 9930/20000] loss=3.0609 lr=1.543e-04 grad_norm=0.954 samples/s=75.39
[step 9940/20000] loss=2.1199 lr=1.541e-04 grad_norm=0.809 samples/s=75.40
[step 9950/20000] loss=1.9475 lr=1.539e-04 grad_norm=0.955 samples/s=75.40
[step 9960/20000] loss=1.5133 lr=1.536e-04 grad_norm=0.857 samples/s=75.40
[step 9970/20000] loss=1.8421 lr=1.534e-04 grad_norm=1.000 samples/s=75.40
[step 9980/20000] loss=1.9595 lr=1.532e-04 grad_norm=0.944 samples/s=75.41
[step 9990/20000] loss=1.7836 lr=1.529e-04 grad_norm=0.784 samples/s=75.40
[step 10000/20000] loss=1.8525 lr=1.527e-04 grad_norm=0.874 samples/s=75.40
[val step 10000] loss=2.0590658626556397 m01={'mean': 0.4093998113886619, 'median': 0.40835430767447695, 'p95': 0.6784585187959586, 'tail_frac_gt4px': 8.185985592665357e-05, 'n_matched': 12216} m02={'12-16': 0.9192618223760092, '16-32': 0.9546000480422772, '32-64': 0.9451172378253028, '64-128': 0.9418457648546145} m04={'accuracy': 0.5989685658153242, 'by_octave': {'12-16': 0.5765370138017566, '16-32': 0.6575239053850025, '32-64': 0.6264994547437296, '64-128': 0.49899328859060404}} diag={'gate3_alpha_mean': 0.28227534890174866, 'gate3_alpha_min': 0.01668548583984375, 'gate3_alpha_max': 0.98779296875, 'gate3_alpha_std': 0.1545737236738205, 'gate3_alpha_p10': 0.0999908447265625, 'gate3_alpha_p50': 0.2621116638183594, 'gate3_alpha_p90': 0.4891357421875, 'block0_attn_entropy': 7.1890082359313965, 'block1_attn_entropy': 7.4866156578063965}
[step 10010/20000] loss=1.5363 lr=1.525e-04 grad_norm=0.750 samples/s=75.46
[step 10020/20000] loss=1.5708 lr=1.522e-04 grad_norm=0.935 samples/s=75.51
[step 10030/20000] loss=1.8090 lr=1.520e-04 grad_norm=0.838 samples/s=75.50
[step 10040/20000] loss=2.3280 lr=1.518e-04 grad_norm=0.730 samples/s=75.51
[step 10050/20000] loss=1.6990 lr=1.515e-04 grad_norm=0.819 samples/s=75.47
[step 10060/20000] loss=1.9240 lr=1.513e-04 grad_norm=0.852 samples/s=75.48
[step 10070/20000] loss=1.7206 lr=1.511e-04 grad_norm=0.919 samples/s=75.47
[step 10080/20000] loss=1.6325 lr=1.508e-04 grad_norm=0.972 samples/s=75.49
[step 10090/20000] loss=1.8300 lr=1.506e-04 grad_norm=0.859 samples/s=75.48
[step 10100/20000] loss=2.0908 lr=1.504e-04 grad_norm=0.791 samples/s=75.49
[step 10110/20000] loss=2.0507 lr=1.501e-04 grad_norm=1.067 samples/s=75.48
[step 10120/20000] loss=1.7949 lr=1.499e-04 grad_norm=0.946 samples/s=75.50
[step 10130/20000] loss=1.9885 lr=1.496e-04 grad_norm=0.850 samples/s=75.48
[step 10140/20000] loss=1.7222 lr=1.494e-04 grad_norm=0.702 samples/s=75.48
[step 10150/20000] loss=1.6866 lr=1.492e-04 grad_norm=0.799 samples/s=75.46
[step 10160/20000] loss=1.7063 lr=1.489e-04 grad_norm=0.812 samples/s=75.48
[step 10170/20000] loss=1.9328 lr=1.487e-04 grad_norm=0.897 samples/s=75.48
[step 10180/20000] loss=1.8076 lr=1.485e-04 grad_norm=0.715 samples/s=75.48
[step 10190/20000] loss=2.0183 lr=1.482e-04 grad_norm=0.929 samples/s=75.48
[step 10200/20000] loss=1.4558 lr=1.480e-04 grad_norm=0.872 samples/s=75.46
[step 10210/20000] loss=2.1643 lr=1.478e-04 grad_norm=0.985 samples/s=75.47
[step 10220/20000] loss=1.7783 lr=1.475e-04 grad_norm=0.948 samples/s=75.46
[step 10230/20000] loss=1.7101 lr=1.473e-04 grad_norm=0.742 samples/s=75.45
[step 10240/20000] loss=1.5826 lr=1.471e-04 grad_norm=0.728 samples/s=75.47
[step 10250/20000] loss=1.8360 lr=1.468e-04 grad_norm=0.907 samples/s=75.44
[step 10260/20000] loss=2.0883 lr=1.466e-04 grad_norm=0.722 samples/s=75.46
[step 10270/20000] loss=1.6563 lr=1.464e-04 grad_norm=1.132 samples/s=75.44
[step 10280/20000] loss=2.3936 lr=1.461e-04 grad_norm=0.746 samples/s=75.45
[step 10290/20000] loss=2.2277 lr=1.459e-04 grad_norm=0.855 samples/s=75.43
[step 10300/20000] loss=1.9525 lr=1.457e-04 grad_norm=0.817 samples/s=75.45
[step 10310/20000] loss=1.6215 lr=1.454e-04 grad_norm=1.109 samples/s=75.45
[step 10320/20000] loss=1.5375 lr=1.452e-04 grad_norm=0.945 samples/s=75.46
[step 10330/20000] loss=2.2629 lr=1.450e-04 grad_norm=1.126 samples/s=75.45
[step 10340/20000] loss=2.1055 lr=1.447e-04 grad_norm=0.920 samples/s=75.45
[step 10350/20000] loss=1.9101 lr=1.445e-04 grad_norm=0.856 samples/s=75.45
[step 10360/20000] loss=2.0660 lr=1.443e-04 grad_norm=1.143 samples/s=75.46
[step 10370/20000] loss=2.2480 lr=1.440e-04 grad_norm=0.877 samples/s=75.46
[step 10380/20000] loss=2.0515 lr=1.438e-04 grad_norm=0.950 samples/s=75.45
[step 10390/20000] loss=1.6665 lr=1.436e-04 grad_norm=0.863 samples/s=75.45
[step 10400/20000] loss=1.8144 lr=1.433e-04 grad_norm=0.660 samples/s=75.44
[step 10410/20000] loss=1.4731 lr=1.431e-04 grad_norm=0.805 samples/s=75.44
[step 10420/20000] loss=1.7265 lr=1.429e-04 grad_norm=0.989 samples/s=75.43
[step 10430/20000] loss=1.8774 lr=1.426e-04 grad_norm=0.833 samples/s=75.45
[step 10440/20000] loss=1.7783 lr=1.424e-04 grad_norm=1.094 samples/s=75.43
[step 10450/20000] loss=1.8790 lr=1.422e-04 grad_norm=0.951 samples/s=75.44
[step 10460/20000] loss=1.5274 lr=1.419e-04 grad_norm=0.765 samples/s=75.40
[step 10470/20000] loss=1.6446 lr=1.417e-04 grad_norm=1.083 samples/s=75.42
[step 10480/20000] loss=1.7933 lr=1.415e-04 grad_norm=1.195 samples/s=75.42
[step 10490/20000] loss=2.1169 lr=1.412e-04 grad_norm=0.828 samples/s=75.43
[step 10500/20000] loss=2.4400 lr=1.410e-04 grad_norm=0.856 samples/s=75.42
[val step 10500] loss=2.057786907196045 m01={'mean': 0.4093998113886619, 'median': 0.40835430767447695, 'p95': 0.6784585187959586, 'tail_frac_gt4px': 8.185985592665357e-05, 'n_matched': 12216} m02={'12-16': 0.9192618223760092, '16-32': 0.9546000480422772, '32-64': 0.9451172378253028, '64-128': 0.9418457648546145} m04={'accuracy': 0.599705304518664, 'by_octave': {'12-16': 0.5771643663739021, '16-32': 0.6602918973326624, '32-64': 0.6235005452562704, '64-128': 0.5016778523489933}} diag={'gate3_alpha_mean': 0.28227534890174866, 'gate3_alpha_min': 0.01668548583984375, 'gate3_alpha_max': 0.98779296875, 'gate3_alpha_std': 0.1545737236738205, 'gate3_alpha_p10': 0.0999908447265625, 'gate3_alpha_p50': 0.2621116638183594, 'gate3_alpha_p90': 0.4891357421875, 'block0_attn_entropy': 7.1890082359313965, 'block1_attn_entropy': 7.4866156578063965}
[step 10510/20000] loss=1.3978 lr=1.407e-04 grad_norm=0.826 samples/s=75.48
[step 10520/20000] loss=1.6941 lr=1.405e-04 grad_norm=0.687 samples/s=75.52
[step 10530/20000] loss=1.7419 lr=1.403e-04 grad_norm=0.672 samples/s=75.51
[step 10540/20000] loss=1.6964 lr=1.400e-04 grad_norm=0.842 samples/s=75.51
[step 10550/20000] loss=1.7307 lr=1.398e-04 grad_norm=0.872 samples/s=75.48
[step 10560/20000] loss=1.9545 lr=1.396e-04 grad_norm=0.795 samples/s=75.49
[step 10570/20000] loss=1.8920 lr=1.393e-04 grad_norm=0.857 samples/s=75.48
[step 10580/20000] loss=2.4107 lr=1.391e-04 grad_norm=0.947 samples/s=75.49
[step 10590/20000] loss=1.8328 lr=1.389e-04 grad_norm=0.813 samples/s=75.46
[step 10600/20000] loss=2.2409 lr=1.386e-04 grad_norm=0.836 samples/s=75.48
[step 10610/20000] loss=1.5327 lr=1.384e-04 grad_norm=1.043 samples/s=75.46
[step 10620/20000] loss=1.7528 lr=1.382e-04 grad_norm=0.815 samples/s=75.46
[step 10630/20000] loss=1.5569 lr=1.379e-04 grad_norm=0.717 samples/s=75.45
[step 10640/20000] loss=1.4994 lr=1.377e-04 grad_norm=0.996 samples/s=75.46
[step 10650/20000] loss=1.6966 lr=1.375e-04 grad_norm=1.100 samples/s=75.45
[step 10660/20000] loss=1.7755 lr=1.372e-04 grad_norm=1.005 samples/s=75.45
[step 10670/20000] loss=1.8467 lr=1.370e-04 grad_norm=0.890 samples/s=75.44
[step 10680/20000] loss=1.5211 lr=1.368e-04 grad_norm=0.966 samples/s=75.46
[step 10690/20000] loss=2.5779 lr=1.365e-04 grad_norm=0.817 samples/s=75.45
[step 10700/20000] loss=2.6990 lr=1.363e-04 grad_norm=0.935 samples/s=75.45
[step 10710/20000] loss=1.7146 lr=1.361e-04 grad_norm=0.822 samples/s=75.44
[step 10720/20000] loss=1.9975 lr=1.358e-04 grad_norm=0.905 samples/s=75.45
[step 10730/20000] loss=1.5707 lr=1.356e-04 grad_norm=1.002 samples/s=75.43
[step 10740/20000] loss=1.9846 lr=1.354e-04 grad_norm=0.993 samples/s=75.45
[step 10750/20000] loss=2.2409 lr=1.351e-04 grad_norm=0.712 samples/s=75.42
[step 10760/20000] loss=1.7127 lr=1.349e-04 grad_norm=0.823 samples/s=75.43
[step 10770/20000] loss=1.4396 lr=1.347e-04 grad_norm=0.874 samples/s=75.42
[step 10780/20000] loss=1.4863 lr=1.344e-04 grad_norm=1.044 samples/s=75.43
[step 10790/20000] loss=1.9832 lr=1.342e-04 grad_norm=1.069 samples/s=75.42
[step 10800/20000] loss=1.7750 lr=1.340e-04 grad_norm=1.260 samples/s=75.44
[step 10810/20000] loss=1.7940 lr=1.337e-04 grad_norm=0.788 samples/s=75.42
[step 10820/20000] loss=1.7242 lr=1.335e-04 grad_norm=0.916 samples/s=75.44
[step 10830/20000] loss=2.1711 lr=1.333e-04 grad_norm=0.832 samples/s=75.42
[step 10840/20000] loss=1.5278 lr=1.331e-04 grad_norm=0.701 samples/s=75.43
[step 10850/20000] loss=2.0827 lr=1.328e-04 grad_norm=0.852 samples/s=75.44
[step 10860/20000] loss=1.3948 lr=1.326e-04 grad_norm=0.909 samples/s=75.45
[step 10870/20000] loss=1.9833 lr=1.324e-04 grad_norm=0.866 samples/s=75.45
[step 10880/20000] loss=1.7561 lr=1.321e-04 grad_norm=0.878 samples/s=75.44
[step 10890/20000] loss=1.4493 lr=1.319e-04 grad_norm=0.902 samples/s=75.44
[step 10900/20000] loss=1.7990 lr=1.317e-04 grad_norm=0.985 samples/s=75.44
[step 10910/20000] loss=2.0288 lr=1.314e-04 grad_norm=1.006 samples/s=75.43
[step 10920/20000] loss=1.5943 lr=1.312e-04 grad_norm=1.005 samples/s=75.43
[step 10930/20000] loss=1.8894 lr=1.310e-04 grad_norm=0.976 samples/s=75.41
[step 10940/20000] loss=1.7708 lr=1.307e-04 grad_norm=0.792 samples/s=75.43
[step 10950/20000] loss=1.9764 lr=1.305e-04 grad_norm=1.070 samples/s=75.41
[step 10960/20000] loss=2.4670 lr=1.303e-04 grad_norm=1.051 samples/s=75.43
[step 10970/20000] loss=1.7294 lr=1.300e-04 grad_norm=0.757 samples/s=75.41
[step 10980/20000] loss=1.4825 lr=1.298e-04 grad_norm=0.751 samples/s=75.42
[step 10990/20000] loss=1.7477 lr=1.296e-04 grad_norm=1.034 samples/s=75.40
[step 11000/20000] loss=1.4796 lr=1.293e-04 grad_norm=0.955 samples/s=75.41
[val step 11000] loss=2.05635929107666 m01={'mean': 0.4093998113886619, 'median': 0.40835430767447695, 'p95': 0.6784585187959586, 'tail_frac_gt4px': 8.185985592665357e-05, 'n_matched': 12216} m02={'12-16': 0.9192618223760092, '16-32': 0.9546000480422772, '32-64': 0.9451172378253028, '64-128': 0.9418457648546145} m04={'accuracy': 0.6003601833660773, 'by_octave': {'12-16': 0.5784190715181933, '16-32': 0.6610468042274786, '32-64': 0.6240458015267175, '64-128': 0.5020134228187919}} diag={'gate3_alpha_mean': 0.28227534890174866, 'gate3_alpha_min': 0.01668548583984375, 'gate3_alpha_max': 0.98779296875, 'gate3_alpha_std': 0.1545737236738205, 'gate3_alpha_p10': 0.0999908447265625, 'gate3_alpha_p50': 0.2621116638183594, 'gate3_alpha_p90': 0.4891357421875, 'block0_attn_entropy': 7.1890082359313965, 'block1_attn_entropy': 7.4866156578063965}
[step 11010/20000] loss=1.8659 lr=1.291e-04 grad_norm=0.805 samples/s=75.47
[step 11020/20000] loss=1.6232 lr=1.289e-04 grad_norm=0.787 samples/s=75.50
[step 11030/20000] loss=2.4815 lr=1.286e-04 grad_norm=0.843 samples/s=75.48
[step 11040/20000] loss=1.8097 lr=1.284e-04 grad_norm=0.751 samples/s=75.49
[step 11050/20000] loss=2.2823 lr=1.282e-04 grad_norm=0.862 samples/s=75.49
[step 11060/20000] loss=1.8369 lr=1.279e-04 grad_norm=0.877 samples/s=75.46
[step 11070/20000] loss=1.6728 lr=1.277e-04 grad_norm=0.902 samples/s=75.45
[step 11080/20000] loss=1.7764 lr=1.275e-04 grad_norm=1.281 samples/s=75.43
[step 11090/20000] loss=2.2284 lr=1.273e-04 grad_norm=0.980 samples/s=75.44
[step 11100/20000] loss=1.6583 lr=1.270e-04 grad_norm=0.877 samples/s=75.44
[step 11110/20000] loss=1.8488 lr=1.268e-04 grad_norm=0.976 samples/s=75.45
[step 11120/20000] loss=1.7879 lr=1.266e-04 grad_norm=0.733 samples/s=75.46
[step 11130/20000] loss=1.6111 lr=1.263e-04 grad_norm=1.115 samples/s=75.47
[step 11140/20000] loss=1.9978 lr=1.261e-04 grad_norm=0.794 samples/s=75.46
[step 11150/20000] loss=1.4397 lr=1.259e-04 grad_norm=0.886 samples/s=75.47
[step 11160/20000] loss=1.9472 lr=1.256e-04 grad_norm=0.781 samples/s=75.45
[step 11170/20000] loss=2.0653 lr=1.254e-04 grad_norm=0.972 samples/s=75.46
[step 11180/20000] loss=1.6117 lr=1.252e-04 grad_norm=0.814 samples/s=75.46
[step 11190/20000] loss=1.9702 lr=1.249e-04 grad_norm=1.076 samples/s=75.46
[step 11200/20000] loss=1.3604 lr=1.247e-04 grad_norm=0.839 samples/s=75.45
[step 11210/20000] loss=1.5038 lr=1.245e-04 grad_norm=0.868 samples/s=75.45
[step 11220/20000] loss=1.6553 lr=1.242e-04 grad_norm=0.857 samples/s=75.44
[step 11230/20000] loss=2.4175 lr=1.240e-04 grad_norm=0.868 samples/s=75.45
[step 11240/20000] loss=2.5747 lr=1.238e-04 grad_norm=0.821 samples/s=75.43
[step 11250/20000] loss=1.7692 lr=1.236e-04 grad_norm=0.798 samples/s=75.43
[step 11260/20000] loss=1.5571 lr=1.233e-04 grad_norm=0.876 samples/s=75.43
[step 11270/20000] loss=2.0647 lr=1.231e-04 grad_norm=0.644 samples/s=75.41
[step 11280/20000] loss=1.6619 lr=1.229e-04 grad_norm=0.962 samples/s=75.41
[step 11290/20000] loss=2.2287 lr=1.226e-04 grad_norm=0.951 samples/s=75.39
[step 11300/20000] loss=1.8042 lr=1.224e-04 grad_norm=0.850 samples/s=75.41
[step 11310/20000] loss=1.4583 lr=1.222e-04 grad_norm=1.039 samples/s=75.40
[step 11320/20000] loss=1.9268 lr=1.219e-04 grad_norm=0.952 samples/s=75.41
[step 11330/20000] loss=2.3833 lr=1.217e-04 grad_norm=1.119 samples/s=75.40
[step 11340/20000] loss=2.1417 lr=1.215e-04 grad_norm=0.716 samples/s=75.39
[step 11350/20000] loss=1.6378 lr=1.213e-04 grad_norm=1.016 samples/s=75.37
[step 11360/20000] loss=1.6097 lr=1.210e-04 grad_norm=0.887 samples/s=75.39
[step 11370/20000] loss=1.7358 lr=1.208e-04 grad_norm=0.892 samples/s=75.39
[step 11380/20000] loss=1.7129 lr=1.206e-04 grad_norm=0.836 samples/s=75.39
[step 11390/20000] loss=1.4456 lr=1.203e-04 grad_norm=0.860 samples/s=75.37
[step 11400/20000] loss=1.7009 lr=1.201e-04 grad_norm=0.959 samples/s=75.38
[step 11410/20000] loss=1.9862 lr=1.199e-04 grad_norm=0.922 samples/s=75.37
[step 11420/20000] loss=2.1504 lr=1.197e-04 grad_norm=0.700 samples/s=75.38
[step 11430/20000] loss=2.0469 lr=1.194e-04 grad_norm=0.999 samples/s=75.36
[step 11440/20000] loss=2.1655 lr=1.192e-04 grad_norm=1.048 samples/s=75.37
[step 11450/20000] loss=1.5387 lr=1.190e-04 grad_norm=0.722 samples/s=75.36
[step 11460/20000] loss=2.5446 lr=1.187e-04 grad_norm=0.859 samples/s=75.37
[step 11470/20000] loss=1.9811 lr=1.185e-04 grad_norm=0.913 samples/s=75.35
[step 11480/20000] loss=1.9197 lr=1.183e-04 grad_norm=0.854 samples/s=75.35
[step 11490/20000] loss=1.9034 lr=1.181e-04 grad_norm=0.841 samples/s=75.35
[step 11500/20000] loss=1.6433 lr=1.178e-04 grad_norm=0.822 samples/s=75.36
[val step 11500] loss=2.055072021484375 m01={'mean': 0.4093998113886619, 'median': 0.40835430767447695, 'p95': 0.6784585187959586, 'tail_frac_gt4px': 8.185985592665357e-05, 'n_matched': 12216} m02={'12-16': 0.9192618223760092, '16-32': 0.9546000480422772, '32-64': 0.9451172378253028, '64-128': 0.9418457648546145} m04={'accuracy': 0.6015062213490504, 'by_octave': {'12-16': 0.5790464240903388, '16-32': 0.6615500754906894, '32-64': 0.6254089422028354, '64-128': 0.5040268456375839}} diag={'gate3_alpha_mean': 0.28227534890174866, 'gate3_alpha_min': 0.01668548583984375, 'gate3_alpha_max': 0.98779296875, 'gate3_alpha_std': 0.1545737236738205, 'gate3_alpha_p10': 0.0999908447265625, 'gate3_alpha_p50': 0.2621116638183594, 'gate3_alpha_p90': 0.4891357421875, 'block0_attn_entropy': 7.1890082359313965, 'block1_attn_entropy': 7.4866156578063965}
[step 11510/20000] loss=1.6099 lr=1.176e-04 grad_norm=1.000 samples/s=75.41
[step 11520/20000] loss=2.4938 lr=1.174e-04 grad_norm=1.022 samples/s=75.45
[step 11530/20000] loss=1.6323 lr=1.171e-04 grad_norm=0.882 samples/s=75.43
[step 11540/20000] loss=1.9287 lr=1.169e-04 grad_norm=0.906 samples/s=75.45
[step 11550/20000] loss=1.5020 lr=1.167e-04 grad_norm=1.232 samples/s=75.45
[step 11560/20000] loss=1.7415 lr=1.165e-04 grad_norm=0.701 samples/s=75.45
[step 11570/20000] loss=1.5832 lr=1.162e-04 grad_norm=0.853 samples/s=75.44
[step 11580/20000] loss=1.6797 lr=1.160e-04 grad_norm=0.767 samples/s=75.43
[step 11590/20000] loss=1.8703 lr=1.158e-04 grad_norm=0.826 samples/s=75.43
[step 11600/20000] loss=2.1521 lr=1.155e-04 grad_norm=1.034 samples/s=75.41
[step 11610/20000] loss=2.0890 lr=1.153e-04 grad_norm=0.951 samples/s=75.40
[step 11620/20000] loss=2.7068 lr=1.151e-04 grad_norm=0.875 samples/s=75.40
[step 11630/20000] loss=2.0919 lr=1.149e-04 grad_norm=0.816 samples/s=75.40
[step 11640/20000] loss=1.7357 lr=1.146e-04 grad_norm=0.903 samples/s=75.42
[step 11650/20000] loss=1.6222 lr=1.144e-04 grad_norm=0.739 samples/s=75.40
[step 11660/20000] loss=1.8918 lr=1.142e-04 grad_norm=0.824 samples/s=75.41
[step 11670/20000] loss=1.8451 lr=1.140e-04 grad_norm=1.030 samples/s=75.41
[step 11680/20000] loss=1.9824 lr=1.137e-04 grad_norm=0.938 samples/s=75.42
[step 11690/20000] loss=1.9863 lr=1.135e-04 grad_norm=0.744 samples/s=75.40
[step 11700/20000] loss=1.6449 lr=1.133e-04 grad_norm=0.860 samples/s=75.41
[step 11710/20000] loss=1.7058 lr=1.131e-04 grad_norm=0.822 samples/s=75.40
[step 11720/20000] loss=2.7476 lr=1.128e-04 grad_norm=1.035 samples/s=75.41
[step 11730/20000] loss=2.1369 lr=1.126e-04 grad_norm=0.747 samples/s=75.40
[step 11740/20000] loss=1.8540 lr=1.124e-04 grad_norm=0.841 samples/s=75.41
[step 11750/20000] loss=2.3327 lr=1.121e-04 grad_norm=0.752 samples/s=75.39
[step 11760/20000] loss=1.7969 lr=1.119e-04 grad_norm=0.994 samples/s=75.40
[step 11770/20000] loss=2.2544 lr=1.117e-04 grad_norm=1.031 samples/s=75.39
[step 11780/20000] loss=1.8121 lr=1.115e-04 grad_norm=0.918 samples/s=75.40
[step 11790/20000] loss=2.1399 lr=1.112e-04 grad_norm=1.107 samples/s=75.40
[step 11800/20000] loss=1.9463 lr=1.110e-04 grad_norm=0.968 samples/s=75.40
[step 11810/20000] loss=1.7584 lr=1.108e-04 grad_norm=0.740 samples/s=75.41
[step 11820/20000] loss=1.6263 lr=1.106e-04 grad_norm=0.835 samples/s=75.39
[step 11830/20000] loss=2.0746 lr=1.103e-04 grad_norm=1.223 samples/s=75.38
[step 11840/20000] loss=2.1232 lr=1.101e-04 grad_norm=0.910 samples/s=75.38
[step 11850/20000] loss=1.9192 lr=1.099e-04 grad_norm=0.884 samples/s=75.36
[step 11860/20000] loss=1.8698 lr=1.097e-04 grad_norm=0.873 samples/s=75.37
[step 11870/20000] loss=2.4703 lr=1.094e-04 grad_norm=0.755 samples/s=75.35
[step 11880/20000] loss=2.0361 lr=1.092e-04 grad_norm=0.883 samples/s=75.36
[step 11890/20000] loss=1.7490 lr=1.090e-04 grad_norm=0.759 samples/s=75.34
[step 11900/20000] loss=1.7383 lr=1.088e-04 grad_norm=0.971 samples/s=75.35
[step 11910/20000] loss=1.9485 lr=1.085e-04 grad_norm=0.807 samples/s=75.36
[step 11920/20000] loss=1.7251 lr=1.083e-04 grad_norm=0.864 samples/s=75.39
[step 11930/20000] loss=2.1787 lr=1.081e-04 grad_norm=0.863 samples/s=75.38
[step 11940/20000] loss=1.7741 lr=1.079e-04 grad_norm=0.893 samples/s=75.39
[step 11950/20000] loss=2.1532 lr=1.076e-04 grad_norm=0.938 samples/s=75.38
[step 11960/20000] loss=2.1654 lr=1.074e-04 grad_norm=0.932 samples/s=75.39
[step 11970/20000] loss=2.8583 lr=1.072e-04 grad_norm=0.770 samples/s=75.37
[step 11980/20000] loss=1.5444 lr=1.070e-04 grad_norm=0.875 samples/s=75.37
[step 11990/20000] loss=1.9249 lr=1.067e-04 grad_norm=1.211 samples/s=75.36
[step 12000/20000] loss=1.6873 lr=1.065e-04 grad_norm=1.122 samples/s=75.38
[val step 12000] loss=2.0540897617340086 m01={'mean': 0.4093998113886619, 'median': 0.40835430767447695, 'p95': 0.6784585187959586, 'tail_frac_gt4px': 8.185985592665357e-05, 'n_matched': 12216} m02={'12-16': 0.9192618223760092, '16-32': 0.9546000480422772, '32-64': 0.9451172378253028, '64-128': 0.9418457648546145} m04={'accuracy': 0.6016699410609038, 'by_octave': {'12-16': 0.5746549560853199, '16-32': 0.6623049823855058, '32-64': 0.6264994547437296, '64-128': 0.5046979865771812}} diag={'gate3_alpha_mean': 0.28227534890174866, 'gate3_alpha_min': 0.01668548583984375, 'gate3_alpha_max': 0.98779296875, 'gate3_alpha_std': 0.1545737236738205, 'gate3_alpha_p10': 0.0999908447265625, 'gate3_alpha_p50': 0.2621116638183594, 'gate3_alpha_p90': 0.4891357421875, 'block0_attn_entropy': 7.1890082359313965, 'block1_attn_entropy': 7.4866156578063965}
[step 12010/20000] loss=1.9254 lr=1.063e-04 grad_norm=0.908 samples/s=75.43
[step 12020/20000] loss=1.7669 lr=1.061e-04 grad_norm=0.841 samples/s=75.46
[step 12030/20000] loss=2.5627 lr=1.059e-04 grad_norm=0.935 samples/s=75.46
[step 12040/20000] loss=2.3195 lr=1.056e-04 grad_norm=0.926 samples/s=75.46
[step 12050/20000] loss=1.6333 lr=1.054e-04 grad_norm=1.081 samples/s=75.45
[step 12060/20000] loss=1.7055 lr=1.052e-04 grad_norm=0.783 samples/s=75.45
[step 12070/20000] loss=2.2288 lr=1.050e-04 grad_norm=0.877 samples/s=75.45
[step 12080/20000] loss=1.8710 lr=1.047e-04 grad_norm=0.968 samples/s=75.45
[step 12090/20000] loss=1.5497 lr=1.045e-04 grad_norm=0.823 samples/s=75.45
[step 12100/20000] loss=1.4855 lr=1.043e-04 grad_norm=0.752 samples/s=75.44
[step 12110/20000] loss=1.7939 lr=1.041e-04 grad_norm=0.780 samples/s=75.45
[step 12120/20000] loss=1.9897 lr=1.039e-04 grad_norm=0.592 samples/s=75.45
[step 12130/20000] loss=1.7727 lr=1.036e-04 grad_norm=1.047 samples/s=75.43
[step 12140/20000] loss=2.2189 lr=1.034e-04 grad_norm=0.924 samples/s=75.43
[step 12150/20000] loss=2.2352 lr=1.032e-04 grad_norm=0.947 samples/s=75.43
[step 12160/20000] loss=1.7957 lr=1.030e-04 grad_norm=0.748 samples/s=75.42
[step 12170/20000] loss=1.6945 lr=1.027e-04 grad_norm=0.914 samples/s=75.43
[step 12180/20000] loss=1.8557 lr=1.025e-04 grad_norm=0.797 samples/s=75.42
[step 12190/20000] loss=2.0363 lr=1.023e-04 grad_norm=0.955 samples/s=75.42
[step 12200/20000] loss=2.5389 lr=1.021e-04 grad_norm=0.802 samples/s=75.42
[step 12210/20000] loss=1.7167 lr=1.019e-04 grad_norm=0.678 samples/s=75.42
[step 12220/20000] loss=2.0863 lr=1.016e-04 grad_norm=0.818 samples/s=75.44
[step 12230/20000] loss=1.8264 lr=1.014e-04 grad_norm=0.870 samples/s=75.45
[step 12240/20000] loss=1.8212 lr=1.012e-04 grad_norm=0.869 samples/s=75.47
[step 12250/20000] loss=1.8434 lr=1.010e-04 grad_norm=0.950 samples/s=75.48
[step 12260/20000] loss=1.7619 lr=1.008e-04 grad_norm=0.867 samples/s=75.50
[step 12270/20000] loss=1.9175 lr=1.005e-04 grad_norm=1.005 samples/s=75.51
[step 12280/20000] loss=1.7096 lr=1.003e-04 grad_norm=0.778 samples/s=75.53
[step 12290/20000] loss=1.9123 lr=1.001e-04 grad_norm=0.873 samples/s=75.54
[step 12300/20000] loss=1.4416 lr=9.988e-05 grad_norm=0.759 samples/s=75.57
[step 12310/20000] loss=1.4017 lr=9.966e-05 grad_norm=0.843 samples/s=75.57
[step 12320/20000] loss=1.8562 lr=9.944e-05 grad_norm=0.803 samples/s=75.60
[step 12330/20000] loss=2.4785 lr=9.922e-05 grad_norm=0.848 samples/s=75.61
[step 12340/20000] loss=2.0522 lr=9.900e-05 grad_norm=0.808 samples/s=75.63
[step 12350/20000] loss=2.8735 lr=9.878e-05 grad_norm=0.875 samples/s=75.64
[step 12360/20000] loss=2.0823 lr=9.856e-05 grad_norm=1.115 samples/s=75.66
[step 12370/20000] loss=1.6416 lr=9.834e-05 grad_norm=0.947 samples/s=75.67
[step 12380/20000] loss=1.6727 lr=9.812e-05 grad_norm=0.924 samples/s=75.70
[step 12390/20000] loss=2.4251 lr=9.790e-05 grad_norm=0.876 samples/s=75.71
[step 12400/20000] loss=1.9525 lr=9.768e-05 grad_norm=0.884 samples/s=75.73
[step 12410/20000] loss=1.8209 lr=9.747e-05 grad_norm=0.799 samples/s=75.74
[step 12420/20000] loss=1.9085 lr=9.725e-05 grad_norm=1.044 samples/s=75.76
[step 12430/20000] loss=1.5663 lr=9.703e-05 grad_norm=0.878 samples/s=75.77
[step 12440/20000] loss=1.8754 lr=9.681e-05 grad_norm=0.865 samples/s=75.79
[step 12450/20000] loss=1.6839 lr=9.659e-05 grad_norm=0.612 samples/s=75.80
[step 12460/20000] loss=1.8475 lr=9.638e-05 grad_norm=0.955 samples/s=75.83
[step 12470/20000] loss=1.8937 lr=9.616e-05 grad_norm=0.874 samples/s=75.84
[step 12480/20000] loss=1.4036 lr=9.594e-05 grad_norm=0.949 samples/s=75.86
[step 12490/20000] loss=2.3245 lr=9.572e-05 grad_norm=0.892 samples/s=75.87
[step 12500/20000] loss=2.0572 lr=9.551e-05 grad_norm=0.960 samples/s=75.89
[val step 12500] loss=2.052504093170166 m01={'mean': 0.4093998113886619, 'median': 0.40835430767447695, 'p95': 0.6784585187959586, 'tail_frac_gt4px': 8.185985592665357e-05, 'n_matched': 12216} m02={'12-16': 0.9192618223760092, '16-32': 0.9546000480422772, '32-64': 0.9451172378253028, '64-128': 0.9418457648546145} m04={'accuracy': 0.6033071381794368, 'by_octave': {'12-16': 0.581555834378921, '16-32': 0.659536990437846, '32-64': 0.6278625954198473, '64-128': 0.5097315436241611}} diag={'gate3_alpha_mean': 0.28227534890174866, 'gate3_alpha_min': 0.01668548583984375, 'gate3_alpha_max': 0.98779296875, 'gate3_alpha_std': 0.1545737236738205, 'gate3_alpha_p10': 0.0999908447265625, 'gate3_alpha_p50': 0.2621116638183594, 'gate3_alpha_p90': 0.4891357421875, 'block0_attn_entropy': 7.1890082359313965, 'block1_attn_entropy': 7.4866156578063965}
[step 12510/20000] loss=1.7356 lr=9.529e-05 grad_norm=0.872 samples/s=75.94
[step 12520/20000] loss=2.1094 lr=9.507e-05 grad_norm=0.884 samples/s=75.98
[step 12530/20000] loss=2.1123 lr=9.486e-05 grad_norm=1.109 samples/s=76.00
[step 12540/20000] loss=1.7719 lr=9.464e-05 grad_norm=1.102 samples/s=76.02
[step 12550/20000] loss=2.6935 lr=9.442e-05 grad_norm=1.153 samples/s=76.03
[step 12560/20000] loss=1.8295 lr=9.421e-05 grad_norm=0.957 samples/s=76.05
[step 12570/20000] loss=1.8940 lr=9.399e-05 grad_norm=0.890 samples/s=76.06
[step 12580/20000] loss=2.1046 lr=9.377e-05 grad_norm=0.838 samples/s=76.08
[step 12590/20000] loss=2.0413 lr=9.356e-05 grad_norm=0.896 samples/s=76.09
[step 12600/20000] loss=2.4649 lr=9.334e-05 grad_norm=0.788 samples/s=76.11
[step 12610/20000] loss=1.9522 lr=9.313e-05 grad_norm=0.818 samples/s=76.11
[step 12620/20000] loss=1.8673 lr=9.291e-05 grad_norm=0.900 samples/s=76.13
[step 12630/20000] loss=1.8881 lr=9.270e-05 grad_norm=0.989 samples/s=76.14
[step 12640/20000] loss=1.7365 lr=9.248e-05 grad_norm=0.965 samples/s=76.17
[step 12650/20000] loss=1.8835 lr=9.227e-05 grad_norm=1.125 samples/s=76.17
[step 12660/20000] loss=1.8133 lr=9.205e-05 grad_norm=0.876 samples/s=76.20
[step 12670/20000] loss=1.7350 lr=9.184e-05 grad_norm=1.005 samples/s=76.20
[step 12680/20000] loss=1.4932 lr=9.162e-05 grad_norm=0.794 samples/s=76.23
[step 12690/20000] loss=1.8452 lr=9.141e-05 grad_norm=0.851 samples/s=76.23
[step 12700/20000] loss=1.5993 lr=9.119e-05 grad_norm=0.802 samples/s=76.26
[step 12710/20000] loss=1.7591 lr=9.098e-05 grad_norm=0.803 samples/s=76.26
[step 12720/20000] loss=2.2734 lr=9.076e-05 grad_norm=0.811 samples/s=76.29
[step 12730/20000] loss=2.3105 lr=9.055e-05 grad_norm=0.895 samples/s=76.29
[step 12740/20000] loss=1.7904 lr=9.034e-05 grad_norm=0.648 samples/s=76.31
[step 12750/20000] loss=1.8587 lr=9.012e-05 grad_norm=0.953 samples/s=76.33
[step 12760/20000] loss=1.5409 lr=8.991e-05 grad_norm=0.892 samples/s=76.35
[step 12770/20000] loss=1.6606 lr=8.970e-05 grad_norm=0.981 samples/s=76.35
[step 12780/20000] loss=1.8554 lr=8.948e-05 grad_norm=0.892 samples/s=76.38
[step 12790/20000] loss=2.1009 lr=8.927e-05 grad_norm=1.068 samples/s=76.38
[step 12800/20000] loss=1.4800 lr=8.906e-05 grad_norm=0.716 samples/s=76.41
[step 12810/20000] loss=1.6672 lr=8.885e-05 grad_norm=0.906 samples/s=76.42
[step 12820/20000] loss=1.4209 lr=8.863e-05 grad_norm=1.014 samples/s=76.45
[step 12830/20000] loss=1.8025 lr=8.842e-05 grad_norm=1.008 samples/s=76.45
[step 12840/20000] loss=2.2272 lr=8.821e-05 grad_norm=0.849 samples/s=76.48
[step 12850/20000] loss=1.9564 lr=8.800e-05 grad_norm=0.930 samples/s=76.49
[step 12860/20000] loss=1.4015 lr=8.778e-05 grad_norm=0.845 samples/s=76.51
[step 12870/20000] loss=1.7259 lr=8.757e-05 grad_norm=1.108 samples/s=76.51
[step 12880/20000] loss=1.9212 lr=8.736e-05 grad_norm=0.729 samples/s=76.53
[step 12890/20000] loss=2.3909 lr=8.715e-05 grad_norm=0.833 samples/s=76.54
[step 12900/20000] loss=2.1599 lr=8.694e-05 grad_norm=0.975 samples/s=76.56
[step 12910/20000] loss=2.0203 lr=8.673e-05 grad_norm=0.972 samples/s=76.57
[step 12920/20000] loss=1.8030 lr=8.652e-05 grad_norm=0.915 samples/s=76.59
[step 12930/20000] loss=1.6213 lr=8.631e-05 grad_norm=0.891 samples/s=76.60
[step 12940/20000] loss=1.6215 lr=8.610e-05 grad_norm=0.883 samples/s=76.63
[step 12950/20000] loss=1.8028 lr=8.588e-05 grad_norm=0.815 samples/s=76.64
[step 12960/20000] loss=1.9246 lr=8.567e-05 grad_norm=0.783 samples/s=76.66
[step 12970/20000] loss=1.7165 lr=8.546e-05 grad_norm=0.744 samples/s=76.67
[step 12980/20000] loss=2.2128 lr=8.525e-05 grad_norm=0.976 samples/s=76.69
[step 12990/20000] loss=2.6412 lr=8.505e-05 grad_norm=0.978 samples/s=76.70
[step 13000/20000] loss=1.7031 lr=8.484e-05 grad_norm=0.897 samples/s=76.72
[val step 13000] loss=2.051418432235718 m01={'mean': 0.4093998113886619, 'median': 0.40835430767447695, 'p95': 0.6784585187959586, 'tail_frac_gt4px': 8.185985592665357e-05, 'n_matched': 12216} m02={'12-16': 0.9192618223760092, '16-32': 0.9546000480422772, '32-64': 0.9451172378253028, '64-128': 0.9418457648546145} m04={'accuracy': 0.6055992141453831, 'by_octave': {'12-16': 0.5834378920953576, '16-32': 0.6625566180171112, '32-64': 0.63113413304253, '64-128': 0.5100671140939598}} diag={'gate3_alpha_mean': 0.28227534890174866, 'gate3_alpha_min': 0.01668548583984375, 'gate3_alpha_max': 0.98779296875, 'gate3_alpha_std': 0.1545737236738205, 'gate3_alpha_p10': 0.0999908447265625, 'gate3_alpha_p50': 0.2621116638183594, 'gate3_alpha_p90': 0.4891357421875, 'block0_attn_entropy': 7.1890082359313965, 'block1_attn_entropy': 7.4866156578063965}
[step 13010/20000] loss=2.1717 lr=8.463e-05 grad_norm=1.021 samples/s=76.78
[step 13020/20000] loss=2.0554 lr=8.442e-05 grad_norm=0.937 samples/s=76.82
[step 13030/20000] loss=2.2129 lr=8.421e-05 grad_norm=0.821 samples/s=76.83
[step 13040/20000] loss=2.2528 lr=8.400e-05 grad_norm=1.069 samples/s=76.84
[step 13050/20000] loss=1.7673 lr=8.379e-05 grad_norm=0.720 samples/s=76.86
[step 13060/20000] loss=1.8169 lr=8.358e-05 grad_norm=1.030 samples/s=76.87
[step 13070/20000] loss=2.0480 lr=8.337e-05 grad_norm=0.883 samples/s=76.89
[step 13080/20000] loss=1.7830 lr=8.316e-05 grad_norm=0.763 samples/s=76.90
[step 13090/20000] loss=1.8891 lr=8.296e-05 grad_norm=0.889 samples/s=76.92
[step 13100/20000] loss=1.4589 lr=8.275e-05 grad_norm=1.005 samples/s=76.94
[step 13110/20000] loss=1.9485 lr=8.254e-05 grad_norm=0.965 samples/s=76.95
[step 13120/20000] loss=2.1899 lr=8.233e-05 grad_norm=0.914 samples/s=76.97
[step 13130/20000] loss=1.5658 lr=8.213e-05 grad_norm=0.832 samples/s=76.98
[step 13140/20000] loss=1.7035 lr=8.192e-05 grad_norm=1.054 samples/s=77.00
[step 13150/20000] loss=1.4924 lr=8.171e-05 grad_norm=0.671 samples/s=77.01
[step 13160/20000] loss=1.7836 lr=8.151e-05 grad_norm=1.011 samples/s=77.03
[step 13170/20000] loss=2.1897 lr=8.130e-05 grad_norm=0.843 samples/s=77.04
[step 13180/20000] loss=1.8832 lr=8.109e-05 grad_norm=0.870 samples/s=77.06
[step 13190/20000] loss=1.8597 lr=8.089e-05 grad_norm=0.913 samples/s=77.07
[step 13200/20000] loss=2.7452 lr=8.068e-05 grad_norm=0.827 samples/s=77.08
[step 13210/20000] loss=2.4421 lr=8.047e-05 grad_norm=0.800 samples/s=77.09
[step 13220/20000] loss=1.7387 lr=8.027e-05 grad_norm=0.908 samples/s=77.11
[step 13230/20000] loss=1.8134 lr=8.006e-05 grad_norm=0.899 samples/s=77.12
[step 13240/20000] loss=2.2310 lr=7.986e-05 grad_norm=0.733 samples/s=77.14
[step 13250/20000] loss=1.9704 lr=7.965e-05 grad_norm=1.224 samples/s=77.14
[step 13260/20000] loss=2.0177 lr=7.945e-05 grad_norm=0.865 samples/s=77.17
[step 13270/20000] loss=1.9711 lr=7.924e-05 grad_norm=0.886 samples/s=77.18
[step 13280/20000] loss=1.6843 lr=7.904e-05 grad_norm=0.887 samples/s=77.20
[step 13290/20000] loss=2.1911 lr=7.883e-05 grad_norm=0.836 samples/s=77.21
[step 13300/20000] loss=2.2167 lr=7.863e-05 grad_norm=0.841 samples/s=77.24
[step 13310/20000] loss=2.3574 lr=7.842e-05 grad_norm=0.821 samples/s=77.25
[step 13320/20000] loss=1.9475 lr=7.822e-05 grad_norm=1.039 samples/s=77.26
[step 13330/20000] loss=2.0972 lr=7.802e-05 grad_norm=0.918 samples/s=77.27
[step 13340/20000] loss=1.9463 lr=7.781e-05 grad_norm=0.922 samples/s=77.29
[step 13350/20000] loss=2.0181 lr=7.761e-05 grad_norm=0.782 samples/s=77.30
[step 13360/20000] loss=2.2656 lr=7.741e-05 grad_norm=0.803 samples/s=77.32
[step 13370/20000] loss=1.5574 lr=7.720e-05 grad_norm=0.883 samples/s=77.32
[step 13380/20000] loss=1.8680 lr=7.700e-05 grad_norm=1.038 samples/s=77.34
[step 13390/20000] loss=1.6500 lr=7.680e-05 grad_norm=0.769 samples/s=77.35
[step 13400/20000] loss=1.8549 lr=7.659e-05 grad_norm=0.766 samples/s=77.37
[step 13410/20000] loss=1.7887 lr=7.639e-05 grad_norm=0.839 samples/s=77.38
[step 13420/20000] loss=1.9882 lr=7.619e-05 grad_norm=1.309 samples/s=77.40
[step 13430/20000] loss=1.6652 lr=7.599e-05 grad_norm=0.860 samples/s=77.41
[step 13440/20000] loss=2.1221 lr=7.579e-05 grad_norm=0.997 samples/s=77.43
[step 13450/20000] loss=2.0398 lr=7.558e-05 grad_norm=1.099 samples/s=77.43
[step 13460/20000] loss=1.5719 lr=7.538e-05 grad_norm=0.894 samples/s=77.46
[step 13470/20000] loss=1.5420 lr=7.518e-05 grad_norm=0.811 samples/s=77.46
[step 13480/20000] loss=1.6597 lr=7.498e-05 grad_norm=0.861 samples/s=77.48
[step 13490/20000] loss=1.7348 lr=7.478e-05 grad_norm=0.864 samples/s=77.49
[step 13500/20000] loss=2.8692 lr=7.458e-05 grad_norm=0.876 samples/s=77.52
[val step 13500] loss=2.050929182052612 m01={'mean': 0.4093998113886619, 'median': 0.40835430767447695, 'p95': 0.6784585187959586, 'tail_frac_gt4px': 8.185985592665357e-05, 'n_matched': 12216} m02={'12-16': 0.9192618223760092, '16-32': 0.9546000480422772, '32-64': 0.9451172378253028, '64-128': 0.9418457648546145} m04={'accuracy': 0.6051080550098232, 'by_octave': {'12-16': 0.5859473023839398, '16-32': 0.6620533467539004, '32-64': 0.63113413304253, '64-128': 0.5073825503355704}} diag={'gate3_alpha_mean': 0.28227534890174866, 'gate3_alpha_min': 0.01668548583984375, 'gate3_alpha_max': 0.98779296875, 'gate3_alpha_std': 0.1545737236738205, 'gate3_alpha_p10': 0.0999908447265625, 'gate3_alpha_p50': 0.2621116638183594, 'gate3_alpha_p90': 0.4891357421875, 'block0_attn_entropy': 7.1890082359313965, 'block1_attn_entropy': 7.4866156578063965}
[step 13510/20000] loss=1.4406 lr=7.438e-05 grad_norm=0.756 samples/s=77.57
[step 13520/20000] loss=1.8357 lr=7.418e-05 grad_norm=0.868 samples/s=77.61
[step 13530/20000] loss=1.7619 lr=7.398e-05 grad_norm=1.058 samples/s=77.61
[step 13540/20000] loss=1.5775 lr=7.378e-05 grad_norm=0.873 samples/s=77.63
[step 13550/20000] loss=1.9901 lr=7.358e-05 grad_norm=0.834 samples/s=77.64
[step 13560/20000] loss=1.8391 lr=7.338e-05 grad_norm=0.787 samples/s=77.66
[step 13570/20000] loss=2.4641 lr=7.318e-05 grad_norm=0.880 samples/s=77.67
[step 13580/20000] loss=1.9710 lr=7.298e-05 grad_norm=1.014 samples/s=77.69
[step 13590/20000] loss=2.2972 lr=7.278e-05 grad_norm=0.907 samples/s=77.70
[step 13600/20000] loss=1.8860 lr=7.258e-05 grad_norm=0.896 samples/s=77.72
[step 13610/20000] loss=2.0852 lr=7.239e-05 grad_norm=0.925 samples/s=77.72
[step 13620/20000] loss=1.5288 lr=7.219e-05 grad_norm=0.803 samples/s=77.75
[step 13630/20000] loss=1.6856 lr=7.199e-05 grad_norm=0.904 samples/s=77.75
[step 13640/20000] loss=1.5291 lr=7.179e-05 grad_norm=0.854 samples/s=77.78
[step 13650/20000] loss=2.0098 lr=7.159e-05 grad_norm=1.161 samples/s=77.78
[step 13660/20000] loss=1.5029 lr=7.140e-05 grad_norm=1.058 samples/s=77.80
[step 13670/20000] loss=2.6207 lr=7.120e-05 grad_norm=0.726 samples/s=77.81
[step 13680/20000] loss=3.0345 lr=7.100e-05 grad_norm=0.992 samples/s=77.83
[step 13690/20000] loss=1.6340 lr=7.080e-05 grad_norm=0.746 samples/s=77.84
[step 13700/20000] loss=1.5020 lr=7.061e-05 grad_norm=0.970 samples/s=77.86
[step 13710/20000] loss=1.6732 lr=7.041e-05 grad_norm=0.957 samples/s=77.86
[step 13720/20000] loss=2.0861 lr=7.022e-05 grad_norm=0.865 samples/s=77.88
[step 13730/20000] loss=1.9578 lr=7.002e-05 grad_norm=0.718 samples/s=77.89
[step 13740/20000] loss=1.6262 lr=6.982e-05 grad_norm=0.894 samples/s=77.91
[step 13750/20000] loss=1.9005 lr=6.963e-05 grad_norm=0.918 samples/s=77.92
[step 13760/20000] loss=2.2937 lr=6.943e-05 grad_norm=0.849 samples/s=77.95
[step 13770/20000] loss=2.2622 lr=6.924e-05 grad_norm=1.003 samples/s=77.95
[step 13780/20000] loss=2.7602 lr=6.904e-05 grad_norm=0.838 samples/s=77.97
[step 13790/20000] loss=1.9796 lr=6.885e-05 grad_norm=0.799 samples/s=77.98
[step 13800/20000] loss=2.7021 lr=6.865e-05 grad_norm=0.872 samples/s=78.00
[step 13810/20000] loss=1.6944 lr=6.846e-05 grad_norm=1.016 samples/s=78.01
[step 13820/20000] loss=2.4125 lr=6.826e-05 grad_norm=0.824 samples/s=78.03
[step 13830/20000] loss=1.5982 lr=6.807e-05 grad_norm=0.827 samples/s=78.04
[step 13840/20000] loss=2.3667 lr=6.788e-05 grad_norm=0.847 samples/s=78.06
[step 13850/20000] loss=2.1959 lr=6.768e-05 grad_norm=0.820 samples/s=78.07
[step 13860/20000] loss=1.8082 lr=6.749e-05 grad_norm=0.917 samples/s=78.09
[step 13870/20000] loss=1.5354 lr=6.730e-05 grad_norm=1.044 samples/s=78.09
[step 13880/20000] loss=1.5540 lr=6.710e-05 grad_norm=0.873 samples/s=78.12
[step 13890/20000] loss=2.5575 lr=6.691e-05 grad_norm=0.857 samples/s=78.12
[step 13900/20000] loss=1.9602 lr=6.672e-05 grad_norm=1.046 samples/s=78.14
[step 13910/20000] loss=2.0331 lr=6.652e-05 grad_norm=0.897 samples/s=78.15
[step 13920/20000] loss=2.2371 lr=6.633e-05 grad_norm=0.774 samples/s=78.17
[step 13930/20000] loss=1.7370 lr=6.614e-05 grad_norm=0.890 samples/s=78.17
[step 13940/20000] loss=2.0437 lr=6.595e-05 grad_norm=1.216 samples/s=78.19
[step 13950/20000] loss=1.8884 lr=6.576e-05 grad_norm=0.729 samples/s=78.20
[step 13960/20000] loss=1.9412 lr=6.557e-05 grad_norm=0.742 samples/s=78.22
[step 13970/20000] loss=1.8309 lr=6.537e-05 grad_norm=0.792 samples/s=78.22
[step 13980/20000] loss=2.2511 lr=6.518e-05 grad_norm=0.881 samples/s=78.24
[step 13990/20000] loss=1.5535 lr=6.499e-05 grad_norm=0.830 samples/s=78.25
[step 14000/20000] loss=2.2192 lr=6.480e-05 grad_norm=0.896 samples/s=78.27
[val step 14000] loss=2.0497614650726317 m01={'mean': 0.4093998113886619, 'median': 0.40835430767447695, 'p95': 0.6784585187959586, 'tail_frac_gt4px': 8.185985592665357e-05, 'n_matched': 12216} m02={'12-16': 0.9192618223760092, '16-32': 0.9546000480422772, '32-64': 0.9451172378253028, '64-128': 0.9418457648546145} m04={'accuracy': 0.6051899148657498, 'by_octave': {'12-16': 0.5821831869510665, '16-32': 0.6615500754906894, '32-64': 0.6319520174482006, '64-128': 0.5093959731543625}} diag={'gate3_alpha_mean': 0.28227534890174866, 'gate3_alpha_min': 0.01668548583984375, 'gate3_alpha_max': 0.98779296875, 'gate3_alpha_std': 0.1545737236738205, 'gate3_alpha_p10': 0.0999908447265625, 'gate3_alpha_p50': 0.2621116638183594, 'gate3_alpha_p90': 0.4891357421875, 'block0_attn_entropy': 7.1890082359313965, 'block1_attn_entropy': 7.4866156578063965}
[step 14010/20000] loss=2.7587 lr=6.461e-05 grad_norm=0.824 samples/s=78.32
[step 14020/20000] loss=1.9465 lr=6.442e-05 grad_norm=0.747 samples/s=78.36
[step 14030/20000] loss=1.8297 lr=6.423e-05 grad_norm=0.953 samples/s=78.36
[step 14040/20000] loss=1.8785 lr=6.404e-05 grad_norm=0.852 samples/s=78.38
[step 14050/20000] loss=1.6055 lr=6.385e-05 grad_norm=0.756 samples/s=78.39
[step 14060/20000] loss=2.4551 lr=6.366e-05 grad_norm=0.853 samples/s=78.41
[step 14070/20000] loss=2.0224 lr=6.348e-05 grad_norm=0.914 samples/s=78.42
[step 14080/20000] loss=2.0185 lr=6.329e-05 grad_norm=0.888 samples/s=78.44
[step 14090/20000] loss=2.0000 lr=6.310e-05 grad_norm=0.779 samples/s=78.45
[step 14100/20000] loss=1.9287 lr=6.291e-05 grad_norm=0.828 samples/s=78.47
[step 14110/20000] loss=2.3680 lr=6.272e-05 grad_norm=0.805 samples/s=78.48
[step 14120/20000] loss=1.9424 lr=6.253e-05 grad_norm=0.751 samples/s=78.50
[step 14130/20000] loss=1.8370 lr=6.235e-05 grad_norm=0.873 samples/s=78.50
[step 14140/20000] loss=1.5518 lr=6.216e-05 grad_norm=0.810 samples/s=78.52
[step 14150/20000] loss=2.2008 lr=6.197e-05 grad_norm=0.858 samples/s=78.53
[step 14160/20000] loss=2.2181 lr=6.179e-05 grad_norm=0.931 samples/s=78.55
[step 14170/20000] loss=1.7268 lr=6.160e-05 grad_norm=0.789 samples/s=78.55
[step 14180/20000] loss=2.3519 lr=6.141e-05 grad_norm=0.894 samples/s=78.58
[step 14190/20000] loss=2.0743 lr=6.123e-05 grad_norm=0.810 samples/s=78.59
[step 14200/20000] loss=1.6441 lr=6.104e-05 grad_norm=0.937 samples/s=78.61
[step 14210/20000] loss=1.5903 lr=6.085e-05 grad_norm=0.872 samples/s=78.61
[step 14220/20000] loss=2.0746 lr=6.067e-05 grad_norm=0.716 samples/s=78.63
[step 14230/20000] loss=1.6821 lr=6.048e-05 grad_norm=0.830 samples/s=78.64
[step 14240/20000] loss=1.9625 lr=6.030e-05 grad_norm=0.903 samples/s=78.66
[step 14250/20000] loss=1.5594 lr=6.011e-05 grad_norm=0.872 samples/s=78.67
[step 14260/20000] loss=1.7366 lr=5.993e-05 grad_norm=0.853 samples/s=78.68
[step 14270/20000] loss=1.6432 lr=5.974e-05 grad_norm=1.067 samples/s=78.69
[step 14280/20000] loss=1.6011 lr=5.956e-05 grad_norm=1.019 samples/s=78.71
[step 14290/20000] loss=1.5697 lr=5.938e-05 grad_norm=0.977 samples/s=78.72
[step 14300/20000] loss=1.7367 lr=5.919e-05 grad_norm=0.967 samples/s=78.74
[step 14310/20000] loss=2.2237 lr=5.901e-05 grad_norm=0.999 samples/s=78.74
[step 14320/20000] loss=2.0925 lr=5.883e-05 grad_norm=0.867 samples/s=78.76
[step 14330/20000] loss=1.8418 lr=5.864e-05 grad_norm=0.918 samples/s=78.76
[step 14340/20000] loss=2.2518 lr=5.846e-05 grad_norm=0.925 samples/s=78.79
[step 14350/20000] loss=1.9570 lr=5.828e-05 grad_norm=0.778 samples/s=78.80
[step 14360/20000] loss=1.5186 lr=5.809e-05 grad_norm=0.861 samples/s=78.82
[step 14370/20000] loss=1.7002 lr=5.791e-05 grad_norm=0.874 samples/s=78.82
[step 14380/20000] loss=1.8500 lr=5.773e-05 grad_norm=0.742 samples/s=78.84
[step 14390/20000] loss=1.6653 lr=5.755e-05 grad_norm=0.724 samples/s=78.85
[step 14400/20000] loss=2.1869 lr=5.737e-05 grad_norm=0.707 samples/s=78.87
[step 14410/20000] loss=1.5935 lr=5.719e-05 grad_norm=0.604 samples/s=78.87
[step 14420/20000] loss=2.4242 lr=5.701e-05 grad_norm=0.937 samples/s=78.89
[step 14430/20000] loss=2.4069 lr=5.682e-05 grad_norm=0.871 samples/s=78.90
[step 14440/20000] loss=1.9606 lr=5.664e-05 grad_norm=0.806 samples/s=78.92
[step 14450/20000] loss=1.8311 lr=5.646e-05 grad_norm=0.804 samples/s=78.93
[step 14460/20000] loss=2.2947 lr=5.628e-05 grad_norm=1.208 samples/s=78.95
[step 14470/20000] loss=1.8414 lr=5.610e-05 grad_norm=0.803 samples/s=78.96
[step 14480/20000] loss=1.7831 lr=5.592e-05 grad_norm=0.921 samples/s=78.97
[step 14490/20000] loss=2.1377 lr=5.575e-05 grad_norm=0.990 samples/s=78.98
[step 14500/20000] loss=1.9432 lr=5.557e-05 grad_norm=0.714 samples/s=79.00
[val step 14500] loss=2.0491752777099608 m01={'mean': 0.4093998113886619, 'median': 0.40835430767447695, 'p95': 0.6784585187959586, 'tail_frac_gt4px': 8.185985592665357e-05, 'n_matched': 12216} m02={'12-16': 0.9192618223760092, '16-32': 0.9546000480422772, '32-64': 0.9451172378253028, '64-128': 0.9418457648546145} m04={'accuracy': 0.6054354944335298, 'by_octave': {'12-16': 0.5859473023839398, '16-32': 0.6623049823855058, '32-64': 0.6316793893129771, '64-128': 0.5077181208053692}} diag={'gate3_alpha_mean': 0.28227534890174866, 'gate3_alpha_min': 0.01668548583984375, 'gate3_alpha_max': 0.98779296875, 'gate3_alpha_std': 0.1545737236738205, 'gate3_alpha_p10': 0.0999908447265625, 'gate3_alpha_p50': 0.2621116638183594, 'gate3_alpha_p90': 0.4891357421875, 'block0_attn_entropy': 7.1890082359313965, 'block1_attn_entropy': 7.4866156578063965}
[step 14510/20000] loss=2.2338 lr=5.539e-05 grad_norm=1.018 samples/s=79.05
[step 14520/20000] loss=1.7920 lr=5.521e-05 grad_norm=1.081 samples/s=79.09
[step 14530/20000] loss=1.4589 lr=5.503e-05 grad_norm=0.787 samples/s=79.10
[step 14540/20000] loss=2.3549 lr=5.485e-05 grad_norm=0.922 samples/s=79.12
[step 14550/20000] loss=3.1713 lr=5.467e-05 grad_norm=0.912 samples/s=79.13
[step 14560/20000] loss=1.3956 lr=5.450e-05 grad_norm=0.772 samples/s=79.14
[step 14570/20000] loss=2.1189 lr=5.432e-05 grad_norm=1.092 samples/s=79.15
[step 14580/20000] loss=1.8520 lr=5.414e-05 grad_norm=0.757 samples/s=79.17
[step 14590/20000] loss=1.8788 lr=5.397e-05 grad_norm=0.739 samples/s=79.18
[step 14600/20000] loss=1.7493 lr=5.379e-05 grad_norm=0.758 samples/s=79.20
[step 14610/20000] loss=1.6671 lr=5.361e-05 grad_norm=0.786 samples/s=79.21
[step 14620/20000] loss=1.7155 lr=5.344e-05 grad_norm=0.803 samples/s=79.22
[step 14630/20000] loss=2.2062 lr=5.326e-05 grad_norm=0.801 samples/s=79.23
[step 14640/20000] loss=1.9375 lr=5.308e-05 grad_norm=1.205 samples/s=79.25
[step 14650/20000] loss=2.7034 lr=5.291e-05 grad_norm=0.963 samples/s=79.26
[step 14660/20000] loss=1.6601 lr=5.273e-05 grad_norm=0.979 samples/s=79.27
[step 14670/20000] loss=2.0410 lr=5.256e-05 grad_norm=0.872 samples/s=79.29
[step 14680/20000] loss=2.3795 lr=5.238e-05 grad_norm=0.910 samples/s=79.29
[step 14690/20000] loss=1.5753 lr=5.221e-05 grad_norm=1.061 samples/s=79.31
[step 14700/20000] loss=2.2931 lr=5.204e-05 grad_norm=0.711 samples/s=79.32
[step 14710/20000] loss=1.8265 lr=5.186e-05 grad_norm=0.926 samples/s=79.34
[step 14720/20000] loss=1.8632 lr=5.169e-05 grad_norm=0.731 samples/s=79.34
[step 14730/20000] loss=2.4147 lr=5.151e-05 grad_norm=1.004 samples/s=79.36
[step 14740/20000] loss=1.7925 lr=5.134e-05 grad_norm=0.849 samples/s=79.36
[step 14750/20000] loss=1.8286 lr=5.117e-05 grad_norm=0.877 samples/s=79.38
[step 14760/20000] loss=2.3060 lr=5.100e-05 grad_norm=0.762 samples/s=79.39
[step 14770/20000] loss=1.8782 lr=5.082e-05 grad_norm=0.907 samples/s=79.41
[step 14780/20000] loss=1.5295 lr=5.065e-05 grad_norm=0.811 samples/s=79.42
[step 14790/20000] loss=2.0854 lr=5.048e-05 grad_norm=0.928 samples/s=79.43
[step 14800/20000] loss=2.0254 lr=5.031e-05 grad_norm=0.943 samples/s=79.44
[step 14810/20000] loss=1.9724 lr=5.014e-05 grad_norm=0.936 samples/s=79.46
[step 14820/20000] loss=1.9922 lr=4.996e-05 grad_norm=0.908 samples/s=79.46
[step 14830/20000] loss=1.6923 lr=4.979e-05 grad_norm=0.869 samples/s=79.49
[step 14840/20000] loss=1.8776 lr=4.962e-05 grad_norm=1.031 samples/s=79.49
[step 14850/20000] loss=3.4027 lr=4.945e-05 grad_norm=0.856 samples/s=79.51
[step 14860/20000] loss=1.7432 lr=4.928e-05 grad_norm=0.646 samples/s=79.52
[step 14870/20000] loss=2.3228 lr=4.911e-05 grad_norm=0.946 samples/s=79.53
[step 14880/20000] loss=2.2434 lr=4.894e-05 grad_norm=1.004 samples/s=79.54
[step 14890/20000] loss=1.5476 lr=4.877e-05 grad_norm=0.921 samples/s=79.56
[step 14900/20000] loss=1.9907 lr=4.860e-05 grad_norm=0.757 samples/s=79.56
[step 14910/20000] loss=1.8941 lr=4.844e-05 grad_norm=0.718 samples/s=79.58
[step 14920/20000] loss=1.8974 lr=4.827e-05 grad_norm=0.964 samples/s=79.59
[step 14930/20000] loss=1.5417 lr=4.810e-05 grad_norm=0.892 samples/s=79.61
[step 14940/20000] loss=2.0007 lr=4.793e-05 grad_norm=0.785 samples/s=79.62
[step 14950/20000] loss=2.1065 lr=4.776e-05 grad_norm=0.914 samples/s=79.63
[step 14960/20000] loss=2.1409 lr=4.759e-05 grad_norm=0.859 samples/s=79.65
[step 14970/20000] loss=1.5073 lr=4.743e-05 grad_norm=0.766 samples/s=79.66
[step 14980/20000] loss=1.6802 lr=4.726e-05 grad_norm=0.865 samples/s=79.66
[step 14990/20000] loss=1.5788 lr=4.709e-05 grad_norm=0.976 samples/s=79.68
[step 15000/20000] loss=1.5006 lr=4.693e-05 grad_norm=0.911 samples/s=79.69
[val step 15000] loss=2.047939937591553 m01={'mean': 0.4093998113886619, 'median': 0.40835430767447695, 'p95': 0.6784585187959586, 'tail_frac_gt4px': 8.185985592665357e-05, 'n_matched': 12216} m02={'12-16': 0.9192618223760092, '16-32': 0.9546000480422772, '32-64': 0.9451172378253028, '64-128': 0.9418457648546145} m04={'accuracy': 0.6069089718402095, 'by_octave': {'12-16': 0.5853199498117942, '16-32': 0.6645697030699547, '32-64': 0.6322246455834242, '64-128': 0.5104026845637584}} diag={'gate3_alpha_mean': 0.28227534890174866, 'gate3_alpha_min': 0.01668548583984375, 'gate3_alpha_max': 0.98779296875, 'gate3_alpha_std': 0.1545737236738205, 'gate3_alpha_p10': 0.0999908447265625, 'gate3_alpha_p50': 0.2621116638183594, 'gate3_alpha_p90': 0.4891357421875, 'block0_attn_entropy': 7.1890082359313965, 'block1_attn_entropy': 7.4866156578063965}
[step 15010/20000] loss=2.0511 lr=4.676e-05 grad_norm=0.858 samples/s=79.74
[step 15020/20000] loss=1.8094 lr=4.659e-05 grad_norm=0.864 samples/s=79.78
[step 15030/20000] loss=1.7827 lr=4.643e-05 grad_norm=0.859 samples/s=79.78
[step 15040/20000] loss=1.8043 lr=4.626e-05 grad_norm=0.846 samples/s=79.80
[step 15050/20000] loss=2.0749 lr=4.610e-05 grad_norm=0.935 samples/s=79.81
[step 15060/20000] loss=1.7765 lr=4.593e-05 grad_norm=0.991 samples/s=79.82
[step 15070/20000] loss=2.3606 lr=4.577e-05 grad_norm=0.986 samples/s=79.83
[step 15080/20000] loss=1.8206 lr=4.560e-05 grad_norm=0.877 samples/s=79.85
[step 15090/20000] loss=2.4400 lr=4.544e-05 grad_norm=0.870 samples/s=79.85
[step 15100/20000] loss=2.1128 lr=4.528e-05 grad_norm=1.032 samples/s=79.88
[step 15110/20000] loss=2.1625 lr=4.511e-05 grad_norm=0.879 samples/s=79.88
[step 15120/20000] loss=1.8179 lr=4.495e-05 grad_norm=0.742 samples/s=79.90
[step 15130/20000] loss=1.6122 lr=4.478e-05 grad_norm=0.860 samples/s=79.91
[step 15140/20000] loss=1.8118 lr=4.462e-05 grad_norm=0.897 samples/s=79.92
[step 15150/20000] loss=1.8628 lr=4.446e-05 grad_norm=0.914 samples/s=79.93
[step 15160/20000] loss=1.7014 lr=4.430e-05 grad_norm=0.793 samples/s=79.95
[step 15170/20000] loss=1.5832 lr=4.413e-05 grad_norm=0.884 samples/s=79.96
[step 15180/20000] loss=1.5832 lr=4.397e-05 grad_norm=0.909 samples/s=79.97
[step 15190/20000] loss=1.7070 lr=4.381e-05 grad_norm=0.767 samples/s=79.99
[step 15200/20000] loss=1.6724 lr=4.365e-05 grad_norm=0.896 samples/s=79.99
[step 15210/20000] loss=1.4685 lr=4.349e-05 grad_norm=0.714 samples/s=80.01
[step 15220/20000] loss=2.1958 lr=4.333e-05 grad_norm=1.066 samples/s=80.02
[step 15230/20000] loss=1.7610 lr=4.317e-05 grad_norm=0.863 samples/s=80.02
[step 15240/20000] loss=2.1699 lr=4.301e-05 grad_norm=0.899 samples/s=80.04
[step 15250/20000] loss=1.5517 lr=4.285e-05 grad_norm=0.670 samples/s=80.04
[step 15260/20000] loss=2.2513 lr=4.269e-05 grad_norm=0.871 samples/s=80.06
[step 15270/20000] loss=2.3996 lr=4.253e-05 grad_norm=1.114 samples/s=80.07
[step 15280/20000] loss=1.4288 lr=4.237e-05 grad_norm=1.062 samples/s=80.09
[step 15290/20000] loss=2.8720 lr=4.221e-05 grad_norm=0.939 samples/s=80.10
[step 15300/20000] loss=1.9553 lr=4.205e-05 grad_norm=0.841 samples/s=80.11
[step 15310/20000] loss=1.6460 lr=4.189e-05 grad_norm=0.924 samples/s=80.11
[step 15320/20000] loss=1.8587 lr=4.174e-05 grad_norm=0.781 samples/s=80.13
[step 15330/20000] loss=2.0211 lr=4.158e-05 grad_norm=0.857 samples/s=80.14
[step 15340/20000] loss=1.3978 lr=4.142e-05 grad_norm=0.719 samples/s=80.17
[step 15350/20000] loss=1.9430 lr=4.126e-05 grad_norm=0.880 samples/s=80.17
[step 15360/20000] loss=2.0037 lr=4.111e-05 grad_norm=0.972 samples/s=80.18
[step 15370/20000] loss=1.9917 lr=4.095e-05 grad_norm=0.817 samples/s=80.19
[step 15380/20000] loss=2.7027 lr=4.079e-05 grad_norm=0.835 samples/s=80.21
[step 15390/20000] loss=1.5979 lr=4.064e-05 grad_norm=0.759 samples/s=80.21
[step 15400/20000] loss=1.8298 lr=4.048e-05 grad_norm=0.930 samples/s=80.23
[step 15410/20000] loss=1.9413 lr=4.033e-05 grad_norm=0.881 samples/s=80.23
[step 15420/20000] loss=1.8464 lr=4.017e-05 grad_norm=0.906 samples/s=80.25
[step 15430/20000] loss=1.8478 lr=4.002e-05 grad_norm=1.129 samples/s=80.25
[step 15440/20000] loss=2.4733 lr=3.986e-05 grad_norm=1.033 samples/s=80.27
[step 15450/20000] loss=2.3559 lr=3.971e-05 grad_norm=0.711 samples/s=80.28
[step 15460/20000] loss=2.5946 lr=3.955e-05 grad_norm=1.042 samples/s=80.29
[step 15470/20000] loss=2.5377 lr=3.940e-05 grad_norm=0.846 samples/s=80.30
[step 15480/20000] loss=2.1214 lr=3.924e-05 grad_norm=0.716 samples/s=80.32
[step 15490/20000] loss=2.0138 lr=3.909e-05 grad_norm=0.980 samples/s=80.32
[step 15500/20000] loss=2.0095 lr=3.894e-05 grad_norm=0.850 samples/s=80.35
[val step 15500] loss=2.0474075241088867 m01={'mean': 0.4093998113886619, 'median': 0.40835430767447695, 'p95': 0.6784585187959586, 'tail_frac_gt4px': 8.185985592665357e-05, 'n_matched': 12216} m02={'12-16': 0.9192618223760092, '16-32': 0.9546000480422772, '32-64': 0.9451172378253028, '64-128': 0.9418457648546145} m04={'accuracy': 0.6070726915520629, 'by_octave': {'12-16': 0.5890840652446675, '16-32': 0.6655762455963764, '32-64': 0.6314067611777535, '64-128': 0.508724832214765}} diag={'gate3_alpha_mean': 0.28227534890174866, 'gate3_alpha_min': 0.01668548583984375, 'gate3_alpha_max': 0.98779296875, 'gate3_alpha_std': 0.1545737236738205, 'gate3_alpha_p10': 0.0999908447265625, 'gate3_alpha_p50': 0.2621116638183594, 'gate3_alpha_p90': 0.4891357421875, 'block0_attn_entropy': 7.1890082359313965, 'block1_attn_entropy': 7.4866156578063965}
[step 15510/20000] loss=1.8139 lr=3.879e-05 grad_norm=0.986 samples/s=80.39
[step 15520/20000] loss=1.9252 lr=3.863e-05 grad_norm=0.870 samples/s=80.43
[step 15530/20000] loss=2.0980 lr=3.848e-05 grad_norm=0.888 samples/s=80.43
[step 15540/20000] loss=1.8814 lr=3.833e-05 grad_norm=1.156 samples/s=80.45
[step 15550/20000] loss=1.8080 lr=3.818e-05 grad_norm=0.967 samples/s=80.46
[step 15560/20000] loss=2.1769 lr=3.803e-05 grad_norm=0.900 samples/s=80.47
[step 15570/20000] loss=2.1540 lr=3.787e-05 grad_norm=0.905 samples/s=80.48
[step 15580/20000] loss=2.2311 lr=3.772e-05 grad_norm=1.047 samples/s=80.49
[step 15590/20000] loss=1.5431 lr=3.757e-05 grad_norm=0.768 samples/s=80.51
[step 15600/20000] loss=1.8471 lr=3.742e-05 grad_norm=0.696 samples/s=80.51
[step 15610/20000] loss=1.5923 lr=3.727e-05 grad_norm=1.097 samples/s=80.53
[step 15620/20000] loss=1.6257 lr=3.712e-05 grad_norm=0.802 samples/s=80.54
[step 15630/20000] loss=1.9379 lr=3.697e-05 grad_norm=0.898 samples/s=80.55
[step 15640/20000] loss=2.8232 lr=3.683e-05 grad_norm=0.902 samples/s=80.57
[step 15650/20000] loss=2.1032 lr=3.668e-05 grad_norm=0.868 samples/s=80.57
[step 15660/20000] loss=1.4971 lr=3.653e-05 grad_norm=0.860 samples/s=80.59
[step 15670/20000] loss=1.7505 lr=3.638e-05 grad_norm=0.886 samples/s=80.59
[step 15680/20000] loss=2.3126 lr=3.623e-05 grad_norm=1.078 samples/s=80.61
[step 15690/20000] loss=1.9409 lr=3.608e-05 grad_norm=0.795 samples/s=80.62
[step 15700/20000] loss=1.9694 lr=3.594e-05 grad_norm=0.904 samples/s=80.64
[step 15710/20000] loss=1.6265 lr=3.579e-05 grad_norm=0.777 samples/s=80.65
[step 15720/20000] loss=1.8793 lr=3.564e-05 grad_norm=0.721 samples/s=80.66
[step 15730/20000] loss=1.5520 lr=3.550e-05 grad_norm=0.861 samples/s=80.66
[step 15740/20000] loss=2.5884 lr=3.535e-05 grad_norm=1.118 samples/s=80.68
[step 15750/20000] loss=2.0330 lr=3.520e-05 grad_norm=0.750 samples/s=80.69
[step 15760/20000] loss=2.3562 lr=3.506e-05 grad_norm=0.915 samples/s=80.70
[step 15770/20000] loss=1.6433 lr=3.491e-05 grad_norm=1.072 samples/s=80.71
[step 15780/20000] loss=2.2390 lr=3.477e-05 grad_norm=1.004 samples/s=80.73
[step 15790/20000] loss=1.6209 lr=3.462e-05 grad_norm=1.131 samples/s=80.74
[step 15800/20000] loss=2.0099 lr=3.448e-05 grad_norm=0.775 samples/s=80.75
[step 15810/20000] loss=2.0853 lr=3.433e-05 grad_norm=0.965 samples/s=80.76
[step 15820/20000] loss=2.1794 lr=3.419e-05 grad_norm=0.981 samples/s=80.78
[step 15830/20000] loss=1.9581 lr=3.405e-05 grad_norm=0.704 samples/s=80.78
[step 15840/20000] loss=1.9233 lr=3.390e-05 grad_norm=0.879 samples/s=80.80
[step 15850/20000] loss=1.9966 lr=3.376e-05 grad_norm=0.832 samples/s=80.80
[step 15860/20000] loss=2.0544 lr=3.362e-05 grad_norm=1.051 samples/s=80.82
[step 15870/20000] loss=2.5494 lr=3.348e-05 grad_norm=0.904 samples/s=80.83
[step 15880/20000] loss=1.8348 lr=3.333e-05 grad_norm=0.807 samples/s=80.85
[step 15890/20000] loss=2.1060 lr=3.319e-05 grad_norm=0.823 samples/s=80.85
[step 15900/20000] loss=1.6984 lr=3.305e-05 grad_norm=0.787 samples/s=80.87
[step 15910/20000] loss=1.9513 lr=3.291e-05 grad_norm=0.916 samples/s=80.87
[step 15920/20000] loss=2.2258 lr=3.277e-05 grad_norm=1.013 samples/s=80.89
[step 15930/20000] loss=1.8808 lr=3.263e-05 grad_norm=0.777 samples/s=80.90
[step 15940/20000] loss=1.4783 lr=3.249e-05 grad_norm=0.992 samples/s=80.91
[step 15950/20000] loss=2.4331 lr=3.235e-05 grad_norm=0.904 samples/s=80.91
[step 15960/20000] loss=1.6264 lr=3.221e-05 grad_norm=0.933 samples/s=80.93
[step 15970/20000] loss=1.5638 lr=3.207e-05 grad_norm=0.984 samples/s=80.93
[step 15980/20000] loss=1.8300 lr=3.193e-05 grad_norm=0.784 samples/s=80.95
[step 15990/20000] loss=2.0163 lr=3.179e-05 grad_norm=0.911 samples/s=80.95
[step 16000/20000] loss=1.4654 lr=3.165e-05 grad_norm=0.968 samples/s=80.97
[val step 16000] loss=2.047445848464966 m01={'mean': 0.4093998113886619, 'median': 0.40835430767447695, 'p95': 0.6784585187959586, 'tail_frac_gt4px': 8.185985592665357e-05, 'n_matched': 12216} m02={'12-16': 0.9192618223760092, '16-32': 0.9546000480422772, '32-64': 0.9451172378253028, '64-128': 0.9418457648546145} m04={'accuracy': 0.6062540929927963, 'by_octave': {'12-16': 0.5903387703889585, '16-32': 0.6650729743331656, '32-64': 0.6303162486368593, '64-128': 0.5067114093959731}} diag={'gate3_alpha_mean': 0.28227534890174866, 'gate3_alpha_min': 0.01668548583984375, 'gate3_alpha_max': 0.98779296875, 'gate3_alpha_std': 0.1545737236738205, 'gate3_alpha_p10': 0.0999908447265625, 'gate3_alpha_p50': 0.2621116638183594, 'gate3_alpha_p90': 0.4891357421875, 'block0_attn_entropy': 7.1890082359313965, 'block1_attn_entropy': 7.4866156578063965}
[step 16010/20000] loss=1.5738 lr=3.151e-05 grad_norm=0.753 samples/s=81.01
[step 16020/20000] loss=1.4177 lr=3.137e-05 grad_norm=1.048 samples/s=81.05
[step 16030/20000] loss=1.8308 lr=3.124e-05 grad_norm=0.756 samples/s=81.05
[step 16040/20000] loss=1.8570 lr=3.110e-05 grad_norm=0.785 samples/s=81.07
[step 16050/20000] loss=1.8954 lr=3.096e-05 grad_norm=1.055 samples/s=81.08
[step 16060/20000] loss=1.9121 lr=3.083e-05 grad_norm=0.891 samples/s=81.09
[step 16070/20000] loss=2.0883 lr=3.069e-05 grad_norm=0.895 samples/s=81.10
[step 16080/20000] loss=2.0447 lr=3.055e-05 grad_norm=0.898 samples/s=81.12
[step 16090/20000] loss=1.7359 lr=3.042e-05 grad_norm=0.897 samples/s=81.12
[step 16100/20000] loss=2.2887 lr=3.028e-05 grad_norm=0.885 samples/s=81.14
[step 16110/20000] loss=2.3734 lr=3.015e-05 grad_norm=0.908 samples/s=81.14
[step 16120/20000] loss=2.0833 lr=3.001e-05 grad_norm=0.866 samples/s=81.16
[step 16130/20000] loss=1.5447 lr=2.988e-05 grad_norm=0.924 samples/s=81.16
[step 16140/20000] loss=1.9597 lr=2.974e-05 grad_norm=0.892 samples/s=81.18
[step 16150/20000] loss=1.9473 lr=2.961e-05 grad_norm=0.965 samples/s=81.18
[step 16160/20000] loss=1.7346 lr=2.947e-05 grad_norm=0.739 samples/s=81.20
[step 16170/20000] loss=2.1616 lr=2.934e-05 grad_norm=1.119 samples/s=81.20
[step 16180/20000] loss=2.6037 lr=2.921e-05 grad_norm=0.899 samples/s=81.21
[step 16190/20000] loss=1.9095 lr=2.908e-05 grad_norm=0.955 samples/s=81.22
[step 16200/20000] loss=2.3888 lr=2.894e-05 grad_norm=0.959 samples/s=81.23
[step 16210/20000] loss=1.5356 lr=2.881e-05 grad_norm=0.915 samples/s=81.24
[step 16220/20000] loss=1.7785 lr=2.868e-05 grad_norm=0.829 samples/s=81.26
[step 16230/20000] loss=1.4046 lr=2.855e-05 grad_norm=0.832 samples/s=81.26
[step 16240/20000] loss=2.0849 lr=2.842e-05 grad_norm=0.914 samples/s=81.28
[step 16250/20000] loss=1.5718 lr=2.828e-05 grad_norm=0.932 samples/s=81.28
[step 16260/20000] loss=2.0923 lr=2.815e-05 grad_norm=0.773 samples/s=81.30
[step 16270/20000] loss=1.3770 lr=2.802e-05 grad_norm=1.018 samples/s=81.31
[step 16280/20000] loss=2.7721 lr=2.789e-05 grad_norm=1.123 samples/s=81.33
[step 16290/20000] loss=1.5077 lr=2.776e-05 grad_norm=0.857 samples/s=81.33
[step 16300/20000] loss=1.6288 lr=2.763e-05 grad_norm=0.858 samples/s=81.35
[step 16310/20000] loss=1.7259 lr=2.751e-05 grad_norm=0.894 samples/s=81.36
[step 16320/20000] loss=2.0267 lr=2.738e-05 grad_norm=1.030 samples/s=81.37
[step 16330/20000] loss=2.1776 lr=2.725e-05 grad_norm=1.215 samples/s=81.38
[step 16340/20000] loss=1.9000 lr=2.712e-05 grad_norm=1.119 samples/s=81.40
[step 16350/20000] loss=1.7214 lr=2.699e-05 grad_norm=0.933 samples/s=81.40
[step 16360/20000] loss=1.4301 lr=2.686e-05 grad_norm=0.965 samples/s=81.41
[step 16370/20000] loss=2.3682 lr=2.674e-05 grad_norm=0.988 samples/s=81.42
[step 16380/20000] loss=1.4651 lr=2.661e-05 grad_norm=0.736 samples/s=81.44
[step 16390/20000] loss=1.8118 lr=2.648e-05 grad_norm=0.959 samples/s=81.44
[step 16400/20000] loss=1.8528 lr=2.636e-05 grad_norm=0.964 samples/s=81.46
[step 16410/20000] loss=1.8636 lr=2.623e-05 grad_norm=0.751 samples/s=81.46
[step 16420/20000] loss=2.9303 lr=2.610e-05 grad_norm=0.906 samples/s=81.48
[step 16430/20000] loss=1.4520 lr=2.598e-05 grad_norm=1.134 samples/s=81.49
[step 16440/20000] loss=2.2389 lr=2.585e-05 grad_norm=0.773 samples/s=81.50
[step 16450/20000] loss=1.5714 lr=2.573e-05 grad_norm=0.900 samples/s=81.51
[step 16460/20000] loss=1.8888 lr=2.560e-05 grad_norm=0.798 samples/s=81.53
[step 16470/20000] loss=1.9140 lr=2.548e-05 grad_norm=0.839 samples/s=81.53
[step 16480/20000] loss=1.7852 lr=2.536e-05 grad_norm=0.958 samples/s=81.55
[step 16490/20000] loss=1.8530 lr=2.523e-05 grad_norm=0.873 samples/s=81.55
[step 16500/20000] loss=1.6013 lr=2.511e-05 grad_norm=0.633 samples/s=81.57
[val step 16500] loss=2.0471932373046875 m01={'mean': 0.4093998113886619, 'median': 0.40835430767447695, 'p95': 0.6784585187959586, 'tail_frac_gt4px': 8.185985592665357e-05, 'n_matched': 12216} m02={'12-16': 0.9192618223760092, '16-32': 0.9546000480422772, '32-64': 0.9451172378253028, '64-128': 0.9418457648546145} m04={'accuracy': 0.6073182711198428, 'by_octave': {'12-16': 0.5928481806775407, '16-32': 0.6643180674383493, '32-64': 0.6303162486368593, '64-128': 0.5107382550335571}} diag={'gate3_alpha_mean': 0.28227534890174866, 'gate3_alpha_min': 0.01668548583984375, 'gate3_alpha_max': 0.98779296875, 'gate3_alpha_std': 0.1545737236738205, 'gate3_alpha_p10': 0.0999908447265625, 'gate3_alpha_p50': 0.2621116638183594, 'gate3_alpha_p90': 0.4891357421875, 'block0_attn_entropy': 7.1890082359313965, 'block1_attn_entropy': 7.4866156578063965}
[step 16510/20000] loss=1.8749 lr=2.499e-05 grad_norm=0.808 samples/s=81.61
[step 16520/20000] loss=1.8846 lr=2.486e-05 grad_norm=0.765 samples/s=81.65
[step 16530/20000] loss=1.9330 lr=2.474e-05 grad_norm=0.958 samples/s=81.65
[step 16540/20000] loss=1.8794 lr=2.462e-05 grad_norm=0.780 samples/s=81.67
[step 16550/20000] loss=1.8614 lr=2.450e-05 grad_norm=0.787 samples/s=81.67
[step 16560/20000] loss=1.4716 lr=2.438e-05 grad_norm=0.948 samples/s=81.68
[step 16570/20000] loss=1.7875 lr=2.426e-05 grad_norm=0.766 samples/s=81.69
[step 16580/20000] loss=1.6565 lr=2.414e-05 grad_norm=0.930 samples/s=81.71
[step 16590/20000] loss=1.6792 lr=2.402e-05 grad_norm=0.936 samples/s=81.71
[step 16600/20000] loss=1.7650 lr=2.390e-05 grad_norm=0.936 samples/s=81.72
[step 16610/20000] loss=1.8232 lr=2.378e-05 grad_norm=0.918 samples/s=81.73
[step 16620/20000] loss=1.5525 lr=2.366e-05 grad_norm=0.975 samples/s=81.74
[step 16630/20000] loss=1.7289 lr=2.354e-05 grad_norm=0.924 samples/s=81.75
[step 16640/20000] loss=2.0164 lr=2.342e-05 grad_norm=0.700 samples/s=81.76
[step 16650/20000] loss=2.2447 lr=2.330e-05 grad_norm=0.965 samples/s=81.77
[step 16660/20000] loss=1.9832 lr=2.318e-05 grad_norm=0.920 samples/s=81.78
[step 16670/20000] loss=1.6174 lr=2.306e-05 grad_norm=0.906 samples/s=81.79
[step 16680/20000] loss=1.7029 lr=2.295e-05 grad_norm=0.932 samples/s=81.80
[step 16690/20000] loss=1.9969 lr=2.283e-05 grad_norm=0.816 samples/s=81.81
[step 16700/20000] loss=2.4229 lr=2.271e-05 grad_norm=0.800 samples/s=81.82
[step 16710/20000] loss=2.2215 lr=2.260e-05 grad_norm=0.912 samples/s=81.83
[step 16720/20000] loss=1.8697 lr=2.248e-05 grad_norm=0.882 samples/s=81.84
[step 16730/20000] loss=1.8460 lr=2.236e-05 grad_norm=0.963 samples/s=81.84
[step 16740/20000] loss=1.8981 lr=2.225e-05 grad_norm=0.822 samples/s=81.86
[step 16750/20000] loss=1.5241 lr=2.213e-05 grad_norm=0.769 samples/s=81.86
[step 16760/20000] loss=1.9619 lr=2.202e-05 grad_norm=1.125 samples/s=81.88
[step 16770/20000] loss=1.6611 lr=2.190e-05 grad_norm=0.758 samples/s=81.88
[step 16780/20000] loss=2.4446 lr=2.179e-05 grad_norm=0.789 samples/s=81.90
[step 16790/20000] loss=1.8100 lr=2.167e-05 grad_norm=1.004 samples/s=81.90
[step 16800/20000] loss=1.8037 lr=2.156e-05 grad_norm=0.945 samples/s=81.91
[step 16810/20000] loss=1.6193 lr=2.145e-05 grad_norm=0.850 samples/s=81.92
[step 16820/20000] loss=1.5274 lr=2.133e-05 grad_norm=0.809 samples/s=81.93
[step 16830/20000] loss=1.7110 lr=2.122e-05 grad_norm=0.917 samples/s=81.94
[step 16840/20000] loss=1.7108 lr=2.111e-05 grad_norm=0.955 samples/s=81.95
[step 16850/20000] loss=1.8975 lr=2.100e-05 grad_norm=0.860 samples/s=81.95
[step 16860/20000] loss=2.6121 lr=2.089e-05 grad_norm=0.945 samples/s=81.97
[step 16870/20000] loss=1.4776 lr=2.077e-05 grad_norm=0.763 samples/s=81.97
[step 16880/20000] loss=2.0922 lr=2.066e-05 grad_norm=0.956 samples/s=81.99
[step 16890/20000] loss=2.1174 lr=2.055e-05 grad_norm=0.768 samples/s=81.99
[step 16900/20000] loss=2.2327 lr=2.044e-05 grad_norm=0.918 samples/s=82.01
[step 16910/20000] loss=1.8363 lr=2.033e-05 grad_norm=0.905 samples/s=82.01
[step 16920/20000] loss=2.1733 lr=2.022e-05 grad_norm=0.844 samples/s=82.03
[step 16930/20000] loss=2.2912 lr=2.011e-05 grad_norm=0.890 samples/s=82.04
[step 16940/20000] loss=1.6265 lr=2.000e-05 grad_norm=0.890 samples/s=82.05
[step 16950/20000] loss=1.5315 lr=1.990e-05 grad_norm=0.761 samples/s=82.05
[step 16960/20000] loss=1.6453 lr=1.979e-05 grad_norm=0.859 samples/s=82.07
[step 16970/20000] loss=1.7290 lr=1.968e-05 grad_norm=0.821 samples/s=82.07
[step 16980/20000] loss=1.6356 lr=1.957e-05 grad_norm=0.760 samples/s=82.09
[step 16990/20000] loss=1.5705 lr=1.946e-05 grad_norm=0.702 samples/s=82.09
[step 17000/20000] loss=1.7237 lr=1.936e-05 grad_norm=0.843 samples/s=82.11
[val step 17000] loss=2.046615312576294 m01={'mean': 0.4093998113886619, 'median': 0.40835430767447695, 'p95': 0.6784585187959586, 'tail_frac_gt4px': 8.185985592665357e-05, 'n_matched': 12216} m02={'12-16': 0.9192618223760092, '16-32': 0.9546000480422772, '32-64': 0.9451172378253028, '64-128': 0.9418457648546145} m04={'accuracy': 0.6071545514079896, 'by_octave': {'12-16': 0.5890840652446675, '16-32': 0.6648213387015601, '32-64': 0.6322246455834242, '64-128': 0.5090604026845638}} diag={'gate3_alpha_mean': 0.28227534890174866, 'gate3_alpha_min': 0.01668548583984375, 'gate3_alpha_max': 0.98779296875, 'gate3_alpha_std': 0.1545737236738205, 'gate3_alpha_p10': 0.0999908447265625, 'gate3_alpha_p50': 0.2621116638183594, 'gate3_alpha_p90': 0.4891357421875, 'block0_attn_entropy': 7.1890082359313965, 'block1_attn_entropy': 7.4866156578063965}
[step 17010/20000] loss=1.7580 lr=1.925e-05 grad_norm=0.854 samples/s=82.15
[step 17020/20000] loss=1.5964 lr=1.914e-05 grad_norm=0.944 samples/s=82.18
[step 17030/20000] loss=1.5452 lr=1.904e-05 grad_norm=1.012 samples/s=82.19
[step 17040/20000] loss=1.5004 lr=1.893e-05 grad_norm=0.866 samples/s=82.20
[step 17050/20000] loss=1.5783 lr=1.883e-05 grad_norm=0.811 samples/s=82.21
[step 17060/20000] loss=1.7710 lr=1.872e-05 grad_norm=0.818 samples/s=82.22
[step 17070/20000] loss=2.0591 lr=1.862e-05 grad_norm=0.930 samples/s=82.23
[step 17080/20000] loss=1.9213 lr=1.851e-05 grad_norm=0.783 samples/s=82.24
[step 17090/20000] loss=2.1584 lr=1.841e-05 grad_norm=0.758 samples/s=82.25
[step 17100/20000] loss=2.7940 lr=1.830e-05 grad_norm=0.856 samples/s=82.25
[step 17110/20000] loss=2.1581 lr=1.820e-05 grad_norm=0.859 samples/s=82.27
[step 17120/20000] loss=2.2781 lr=1.810e-05 grad_norm=1.133 samples/s=82.27
[step 17130/20000] loss=1.9303 lr=1.799e-05 grad_norm=1.027 samples/s=82.29
[step 17140/20000] loss=1.7745 lr=1.789e-05 grad_norm=0.840 samples/s=82.29
[step 17150/20000] loss=1.6124 lr=1.779e-05 grad_norm=0.955 samples/s=82.30
[step 17160/20000] loss=1.8155 lr=1.769e-05 grad_norm=0.824 samples/s=82.31
[step 17170/20000] loss=1.4211 lr=1.759e-05 grad_norm=0.760 samples/s=82.33
[step 17180/20000] loss=1.9374 lr=1.748e-05 grad_norm=0.902 samples/s=82.33
[step 17190/20000] loss=2.4802 lr=1.738e-05 grad_norm=1.034 samples/s=82.34
[step 17200/20000] loss=1.9172 lr=1.728e-05 grad_norm=1.011 samples/s=82.35
[step 17210/20000] loss=2.3899 lr=1.718e-05 grad_norm=0.904 samples/s=82.36
[step 17220/20000] loss=2.4671 lr=1.708e-05 grad_norm=1.233 samples/s=82.37
[step 17230/20000] loss=1.8151 lr=1.698e-05 grad_norm=0.832 samples/s=82.38
[step 17240/20000] loss=1.7598 lr=1.688e-05 grad_norm=0.853 samples/s=82.38
[step 17250/20000] loss=1.7401 lr=1.679e-05 grad_norm=0.971 samples/s=82.40
[step 17260/20000] loss=1.7444 lr=1.669e-05 grad_norm=0.877 samples/s=82.41
[step 17270/20000] loss=2.6995 lr=1.659e-05 grad_norm=1.014 samples/s=82.42
[step 17280/20000] loss=2.0077 lr=1.649e-05 grad_norm=0.783 samples/s=82.42
[step 17290/20000] loss=2.3599 lr=1.639e-05 grad_norm=0.854 samples/s=82.43
[step 17300/20000] loss=1.9212 lr=1.630e-05 grad_norm=0.922 samples/s=82.44
[step 17310/20000] loss=1.9037 lr=1.620e-05 grad_norm=0.827 samples/s=82.45
[step 17320/20000] loss=1.6771 lr=1.610e-05 grad_norm=0.994 samples/s=82.46
[step 17330/20000] loss=1.9075 lr=1.601e-05 grad_norm=0.807 samples/s=82.47
[step 17340/20000] loss=2.4041 lr=1.591e-05 grad_norm=0.892 samples/s=82.48
[step 17350/20000] loss=2.1936 lr=1.582e-05 grad_norm=0.975 samples/s=82.49
[step 17360/20000] loss=2.0114 lr=1.572e-05 grad_norm=0.785 samples/s=82.50
[step 17370/20000] loss=1.5612 lr=1.563e-05 grad_norm=0.825 samples/s=82.51
[step 17380/20000] loss=1.7386 lr=1.553e-05 grad_norm=0.877 samples/s=82.52
[step 17390/20000] loss=1.8160 lr=1.544e-05 grad_norm=0.757 samples/s=82.53
[step 17400/20000] loss=1.8185 lr=1.534e-05 grad_norm=0.957 samples/s=82.54
[step 17410/20000] loss=1.6267 lr=1.525e-05 grad_norm=0.889 samples/s=82.55
[step 17420/20000] loss=1.6520 lr=1.516e-05 grad_norm=0.879 samples/s=82.56
[step 17430/20000] loss=1.8649 lr=1.506e-05 grad_norm=0.823 samples/s=82.56
[step 17440/20000] loss=1.8197 lr=1.497e-05 grad_norm=0.927 samples/s=82.57
[step 17450/20000] loss=1.9638 lr=1.488e-05 grad_norm=0.726 samples/s=82.58
[step 17460/20000] loss=1.9824 lr=1.479e-05 grad_norm=0.744 samples/s=82.59
[step 17470/20000] loss=1.8714 lr=1.470e-05 grad_norm=0.775 samples/s=82.59
[step 17480/20000] loss=1.5943 lr=1.461e-05 grad_norm=0.737 samples/s=82.61
[step 17490/20000] loss=2.3123 lr=1.452e-05 grad_norm=0.758 samples/s=82.61
[step 17500/20000] loss=2.1906 lr=1.443e-05 grad_norm=0.932 samples/s=82.63
[val step 17500] loss=2.045966676712036 m01={'mean': 0.4093998113886619, 'median': 0.40835430767447695, 'p95': 0.6784585187959586, 'tail_frac_gt4px': 8.185985592665357e-05, 'n_matched': 12216} m02={'12-16': 0.9192618223760092, '16-32': 0.9546000480422772, '32-64': 0.9451172378253028, '64-128': 0.9418457648546145} m04={'accuracy': 0.6088736083824492, 'by_octave': {'12-16': 0.5928481806775407, '16-32': 0.6668344237544036, '32-64': 0.6319520174482006, '64-128': 0.511744966442953}} diag={'gate3_alpha_mean': 0.28227534890174866, 'gate3_alpha_min': 0.01668548583984375, 'gate3_alpha_max': 0.98779296875, 'gate3_alpha_std': 0.1545737236738205, 'gate3_alpha_p10': 0.0999908447265625, 'gate3_alpha_p50': 0.2621116638183594, 'gate3_alpha_p90': 0.4891357421875, 'block0_attn_entropy': 7.1890082359313965, 'block1_attn_entropy': 7.4866156578063965}
[step 17510/20000] loss=2.2587 lr=1.434e-05 grad_norm=1.227 samples/s=82.67
[step 17520/20000] loss=1.9895 lr=1.425e-05 grad_norm=0.863 samples/s=82.70
[step 17530/20000] loss=1.6380 lr=1.416e-05 grad_norm=0.779 samples/s=82.71
[step 17540/20000] loss=2.3391 lr=1.407e-05 grad_norm=0.734 samples/s=82.72
[step 17550/20000] loss=1.9577 lr=1.398e-05 grad_norm=0.944 samples/s=82.73
[step 17560/20000] loss=2.1701 lr=1.389e-05 grad_norm=0.862 samples/s=82.74
[step 17570/20000] loss=1.3734 lr=1.380e-05 grad_norm=0.873 samples/s=82.74
[step 17580/20000] loss=1.8372 lr=1.371e-05 grad_norm=0.738 samples/s=82.75
[step 17590/20000] loss=2.4681 lr=1.363e-05 grad_norm=0.793 samples/s=82.76
[step 17600/20000] loss=1.8701 lr=1.354e-05 grad_norm=0.810 samples/s=82.77
[step 17610/20000] loss=1.8089 lr=1.345e-05 grad_norm=0.843 samples/s=82.78
[step 17620/20000] loss=1.8001 lr=1.337e-05 grad_norm=0.758 samples/s=82.79
[step 17630/20000] loss=1.8590 lr=1.328e-05 grad_norm=0.907 samples/s=82.80
[step 17640/20000] loss=2.0016 lr=1.320e-05 grad_norm=0.893 samples/s=82.81
[step 17650/20000] loss=2.3761 lr=1.311e-05 grad_norm=0.858 samples/s=82.81
[step 17660/20000] loss=2.3950 lr=1.303e-05 grad_norm=0.776 samples/s=82.83
[step 17670/20000] loss=1.5381 lr=1.294e-05 grad_norm=0.892 samples/s=82.83
[step 17680/20000] loss=2.8170 lr=1.286e-05 grad_norm=1.071 samples/s=82.85
[step 17690/20000] loss=2.4650 lr=1.277e-05 grad_norm=0.827 samples/s=82.85
[step 17700/20000] loss=1.8064 lr=1.269e-05 grad_norm=0.816 samples/s=82.87
[step 17710/20000] loss=2.7029 lr=1.261e-05 grad_norm=1.139 samples/s=82.87
[step 17720/20000] loss=1.6248 lr=1.252e-05 grad_norm=0.841 samples/s=82.89
[step 17730/20000] loss=2.3306 lr=1.244e-05 grad_norm=1.008 samples/s=82.89
[step 17740/20000] loss=1.5435 lr=1.236e-05 grad_norm=0.921 samples/s=82.90
[step 17750/20000] loss=1.6230 lr=1.228e-05 grad_norm=0.807 samples/s=82.91
[step 17760/20000] loss=1.9660 lr=1.220e-05 grad_norm=0.915 samples/s=82.92
[step 17770/20000] loss=1.8013 lr=1.212e-05 grad_norm=1.045 samples/s=82.93
[step 17780/20000] loss=2.3919 lr=1.204e-05 grad_norm=0.839 samples/s=82.95
[step 17790/20000] loss=1.7324 lr=1.195e-05 grad_norm=0.833 samples/s=82.95
[step 17800/20000] loss=2.0640 lr=1.187e-05 grad_norm=0.845 samples/s=82.96
[step 17810/20000] loss=1.4875 lr=1.180e-05 grad_norm=1.022 samples/s=82.97
[step 17820/20000] loss=1.7318 lr=1.172e-05 grad_norm=0.892 samples/s=82.98
[step 17830/20000] loss=1.5348 lr=1.164e-05 grad_norm=0.993 samples/s=82.99
[step 17840/20000] loss=2.2480 lr=1.156e-05 grad_norm=0.862 samples/s=83.00
[step 17850/20000] loss=1.5565 lr=1.148e-05 grad_norm=0.988 samples/s=83.01
[step 17860/20000] loss=1.8221 lr=1.140e-05 grad_norm=0.995 samples/s=83.02
[step 17870/20000] loss=2.6453 lr=1.132e-05 grad_norm=1.047 samples/s=83.03
[step 17880/20000] loss=2.3974 lr=1.125e-05 grad_norm=0.971 samples/s=83.04
[step 17890/20000] loss=1.7137 lr=1.117e-05 grad_norm=0.956 samples/s=83.05
[step 17900/20000] loss=1.5602 lr=1.109e-05 grad_norm=0.885 samples/s=83.06
[step 17910/20000] loss=1.5946 lr=1.102e-05 grad_norm=0.803 samples/s=83.07
[step 17920/20000] loss=1.6153 lr=1.094e-05 grad_norm=0.798 samples/s=83.08
[step 17930/20000] loss=2.5966 lr=1.087e-05 grad_norm=1.252 samples/s=83.08
[step 17940/20000] loss=2.0848 lr=1.079e-05 grad_norm=0.815 samples/s=83.10
[step 17950/20000] loss=1.8341 lr=1.072e-05 grad_norm=0.888 samples/s=83.10
[step 17960/20000] loss=1.8726 lr=1.064e-05 grad_norm=0.771 samples/s=83.12
[step 17970/20000] loss=2.0367 lr=1.057e-05 grad_norm=0.934 samples/s=83.12
[step 17980/20000] loss=1.5904 lr=1.049e-05 grad_norm=0.744 samples/s=83.14
[step 17990/20000] loss=2.2381 lr=1.042e-05 grad_norm=0.840 samples/s=83.14
[step 18000/20000] loss=2.2983 lr=1.035e-05 grad_norm=0.727 samples/s=83.16
[val step 18000] loss=2.045773551940918 m01={'mean': 0.4093998113886619, 'median': 0.40835430767447695, 'p95': 0.6784585187959586, 'tail_frac_gt4px': 8.185985592665357e-05, 'n_matched': 12216} m02={'12-16': 0.9192618223760092, '16-32': 0.9546000480422772, '32-64': 0.9451172378253028, '64-128': 0.9418457648546145} m04={'accuracy': 0.608464309102816, 'by_octave': {'12-16': 0.5915934755332497, '16-32': 0.6660795168595873, '32-64': 0.6319520174482006, '64-128': 0.511744966442953}} diag={'gate3_alpha_mean': 0.28227534890174866, 'gate3_alpha_min': 0.01668548583984375, 'gate3_alpha_max': 0.98779296875, 'gate3_alpha_std': 0.1545737236738205, 'gate3_alpha_p10': 0.0999908447265625, 'gate3_alpha_p50': 0.2621116638183594, 'gate3_alpha_p90': 0.4891357421875, 'block0_attn_entropy': 7.1890082359313965, 'block1_attn_entropy': 7.4866156578063965}
[step 18010/20000] loss=2.0779 lr=1.028e-05 grad_norm=1.045 samples/s=83.20
[step 18020/20000] loss=1.8615 lr=1.020e-05 grad_norm=0.825 samples/s=83.23
[step 18030/20000] loss=1.6999 lr=1.013e-05 grad_norm=0.867 samples/s=83.23
[step 18040/20000] loss=1.7243 lr=1.006e-05 grad_norm=0.848 samples/s=83.24
[step 18050/20000] loss=2.3861 lr=9.988e-06 grad_norm=0.793 samples/s=83.25
[step 18060/20000] loss=1.8694 lr=9.917e-06 grad_norm=0.716 samples/s=83.26
[step 18070/20000] loss=2.2900 lr=9.847e-06 grad_norm=0.920 samples/s=83.26
[step 18080/20000] loss=2.0898 lr=9.777e-06 grad_norm=0.744 samples/s=83.28
[step 18090/20000] loss=1.9991 lr=9.707e-06 grad_norm=0.805 samples/s=83.28
[step 18100/20000] loss=2.0333 lr=9.637e-06 grad_norm=0.789 samples/s=83.30
[step 18110/20000] loss=1.9755 lr=9.568e-06 grad_norm=1.369 samples/s=83.30
[step 18120/20000] loss=2.0518 lr=9.499e-06 grad_norm=0.953 samples/s=83.32
[step 18130/20000] loss=2.0451 lr=9.431e-06 grad_norm=0.978 samples/s=83.32
[step 18140/20000] loss=1.4280 lr=9.363e-06 grad_norm=0.883 samples/s=83.33
[step 18150/20000] loss=1.8551 lr=9.295e-06 grad_norm=0.716 samples/s=83.34
[step 18160/20000] loss=2.3317 lr=9.228e-06 grad_norm=0.842 samples/s=83.35
[step 18170/20000] loss=1.6295 lr=9.161e-06 grad_norm=1.011 samples/s=83.35
[step 18180/20000] loss=1.7310 lr=9.094e-06 grad_norm=0.999 samples/s=83.37
[step 18190/20000] loss=1.5212 lr=9.028e-06 grad_norm=1.078 samples/s=83.37
[step 18200/20000] loss=1.9817 lr=8.962e-06 grad_norm=0.933 samples/s=83.39
[step 18210/20000] loss=1.9790 lr=8.896e-06 grad_norm=0.792 samples/s=83.39
[step 18220/20000] loss=1.9312 lr=8.831e-06 grad_norm=1.045 samples/s=83.41
[step 18230/20000] loss=1.4428 lr=8.766e-06 grad_norm=0.855 samples/s=83.41
[step 18240/20000] loss=3.0317 lr=8.702e-06 grad_norm=0.798 samples/s=83.43
[step 18250/20000] loss=1.4713 lr=8.638e-06 grad_norm=0.655 samples/s=83.43
[step 18260/20000] loss=1.7790 lr=8.574e-06 grad_norm=0.931 samples/s=83.44
[step 18270/20000] loss=1.8429 lr=8.510e-06 grad_norm=0.929 samples/s=83.45
[step 18280/20000] loss=1.9210 lr=8.447e-06 grad_norm=0.830 samples/s=83.47
[step 18290/20000] loss=1.6030 lr=8.385e-06 grad_norm=0.801 samples/s=83.47
[step 18300/20000] loss=2.2392 lr=8.322e-06 grad_norm=0.759 samples/s=83.48
[step 18310/20000] loss=1.4268 lr=8.260e-06 grad_norm=0.913 samples/s=83.49
[step 18320/20000] loss=1.8071 lr=8.198e-06 grad_norm=0.973 samples/s=83.50
[step 18330/20000] loss=2.4389 lr=8.137e-06 grad_norm=0.768 samples/s=83.51
[step 18340/20000] loss=2.0006 lr=8.076e-06 grad_norm=0.984 samples/s=83.52
[step 18350/20000] loss=1.9607 lr=8.016e-06 grad_norm=0.894 samples/s=83.52
[step 18360/20000] loss=2.4146 lr=7.955e-06 grad_norm=0.993 samples/s=83.54
[step 18370/20000] loss=1.5434 lr=7.896e-06 grad_norm=0.881 samples/s=83.54
[step 18380/20000] loss=2.2701 lr=7.836e-06 grad_norm=0.736 samples/s=83.56
[step 18390/20000] loss=1.7090 lr=7.777e-06 grad_norm=0.789 samples/s=83.56
[step 18400/20000] loss=2.5677 lr=7.718e-06 grad_norm=0.990 samples/s=83.57
[step 18410/20000] loss=2.1061 lr=7.660e-06 grad_norm=0.950 samples/s=83.58
[step 18420/20000] loss=1.7315 lr=7.601e-06 grad_norm=0.887 samples/s=83.59
[step 18430/20000] loss=1.7896 lr=7.544e-06 grad_norm=0.941 samples/s=83.59
[step 18440/20000] loss=1.7283 lr=7.486e-06 grad_norm=0.766 samples/s=83.61
[step 18450/20000] loss=1.7772 lr=7.429e-06 grad_norm=0.810 samples/s=83.61
[step 18460/20000] loss=1.6807 lr=7.373e-06 grad_norm=0.956 samples/s=83.63
[step 18470/20000] loss=2.0461 lr=7.316e-06 grad_norm=0.927 samples/s=83.63
[step 18480/20000] loss=2.2580 lr=7.261e-06 grad_norm=1.008 samples/s=83.64
[step 18490/20000] loss=1.6415 lr=7.205e-06 grad_norm=0.922 samples/s=83.65
[step 18500/20000] loss=1.7411 lr=7.150e-06 grad_norm=0.986 samples/s=83.66
[val step 18500] loss=2.0457063426971436 m01={'mean': 0.4093998113886619, 'median': 0.40835430767447695, 'p95': 0.6784585187959586, 'tail_frac_gt4px': 8.185985592665357e-05, 'n_matched': 12216} m02={'12-16': 0.9192618223760092, '16-32': 0.9546000480422772, '32-64': 0.9451172378253028, '64-128': 0.9418457648546145} m04={'accuracy': 0.6088736083824492, 'by_octave': {'12-16': 0.5903387703889585, '16-32': 0.6655762455963764, '32-64': 0.6352235550708834, '64-128': 0.5107382550335571}} diag={'gate3_alpha_mean': 0.28227534890174866, 'gate3_alpha_min': 0.01668548583984375, 'gate3_alpha_max': 0.98779296875, 'gate3_alpha_std': 0.1545737236738205, 'gate3_alpha_p10': 0.0999908447265625, 'gate3_alpha_p50': 0.2621116638183594, 'gate3_alpha_p90': 0.4891357421875, 'block0_attn_entropy': 7.1890082359313965, 'block1_attn_entropy': 7.4866156578063965}
[step 18510/20000] loss=1.3656 lr=7.095e-06 grad_norm=0.984 samples/s=83.70
[step 18520/20000] loss=2.1893 lr=7.040e-06 grad_norm=0.874 samples/s=83.73
[step 18530/20000] loss=2.1254 lr=6.986e-06 grad_norm=0.996 samples/s=83.73
[step 18540/20000] loss=2.0885 lr=6.932e-06 grad_norm=0.955 samples/s=83.75
[step 18550/20000] loss=2.3991 lr=6.879e-06 grad_norm=1.026 samples/s=83.75
[step 18560/20000] loss=1.5624 lr=6.826e-06 grad_norm=0.813 samples/s=83.76
[step 18570/20000] loss=1.9008 lr=6.773e-06 grad_norm=0.846 samples/s=83.77
[step 18580/20000] loss=1.4824 lr=6.721e-06 grad_norm=0.969 samples/s=83.78
[step 18590/20000] loss=1.8900 lr=6.669e-06 grad_norm=0.783 samples/s=83.78
[step 18600/20000] loss=2.2184 lr=6.617e-06 grad_norm=0.957 samples/s=83.79
[step 18610/20000] loss=1.7151 lr=6.566e-06 grad_norm=0.852 samples/s=83.80
[step 18620/20000] loss=2.1377 lr=6.515e-06 grad_norm=0.845 samples/s=83.81
[step 18630/20000] loss=1.9852 lr=6.465e-06 grad_norm=0.755 samples/s=83.81
[step 18640/20000] loss=1.6046 lr=6.415e-06 grad_norm=0.846 samples/s=83.83
[step 18650/20000] loss=1.8307 lr=6.365e-06 grad_norm=0.796 samples/s=83.83
[step 18660/20000] loss=2.3806 lr=6.315e-06 grad_norm=1.010 samples/s=83.85
[step 18670/20000] loss=1.3269 lr=6.266e-06 grad_norm=0.823 samples/s=83.85
[step 18680/20000] loss=1.7162 lr=6.218e-06 grad_norm=0.859 samples/s=83.86
[step 18690/20000] loss=1.8295 lr=6.169e-06 grad_norm=0.746 samples/s=83.86
[step 18700/20000] loss=2.1347 lr=6.121e-06 grad_norm=0.844 samples/s=83.88
[step 18710/20000] loss=2.4477 lr=6.074e-06 grad_norm=0.913 samples/s=83.88
[step 18720/20000] loss=2.8688 lr=6.026e-06 grad_norm=0.991 samples/s=83.90
[step 18730/20000] loss=1.6949 lr=5.979e-06 grad_norm=0.843 samples/s=83.90
[step 18740/20000] loss=1.7187 lr=5.933e-06 grad_norm=0.969 samples/s=83.91
[step 18750/20000] loss=2.0931 lr=5.887e-06 grad_norm=1.036 samples/s=83.91
[step 18760/20000] loss=2.1539 lr=5.841e-06 grad_norm=0.804 samples/s=83.93
[step 18770/20000] loss=1.7962 lr=5.795e-06 grad_norm=0.646 samples/s=83.93
[step 18780/20000] loss=1.7538 lr=5.750e-06 grad_norm=0.946 samples/s=83.95
[step 18790/20000] loss=1.4387 lr=5.706e-06 grad_norm=0.885 samples/s=83.95
[step 18800/20000] loss=2.0006 lr=5.661e-06 grad_norm=1.153 samples/s=83.97
[step 18810/20000] loss=1.9728 lr=5.617e-06 grad_norm=1.407 samples/s=83.96
[step 18820/20000] loss=1.5904 lr=5.574e-06 grad_norm=0.784 samples/s=83.97
[step 18830/20000] loss=1.6539 lr=5.530e-06 grad_norm=0.832 samples/s=83.98
[step 18840/20000] loss=2.3105 lr=5.487e-06 grad_norm=0.871 samples/s=83.99
[step 18850/20000] loss=1.6296 lr=5.445e-06 grad_norm=0.958 samples/s=84.00
[step 18860/20000] loss=2.0648 lr=5.403e-06 grad_norm=0.967 samples/s=84.01
[step 18870/20000] loss=1.9559 lr=5.361e-06 grad_norm=0.941 samples/s=84.02
[step 18880/20000] loss=2.3172 lr=5.319e-06 grad_norm=0.755 samples/s=84.03
[step 18890/20000] loss=2.3621 lr=5.278e-06 grad_norm=0.844 samples/s=84.04
[step 18900/20000] loss=1.7104 lr=5.238e-06 grad_norm=0.860 samples/s=84.05
[step 18910/20000] loss=1.5600 lr=5.197e-06 grad_norm=0.782 samples/s=84.06
[step 18920/20000] loss=2.2136 lr=5.157e-06 grad_norm=0.760 samples/s=84.07
[step 18930/20000] loss=1.3999 lr=5.118e-06 grad_norm=0.981 samples/s=84.07
[step 18940/20000] loss=2.2283 lr=5.078e-06 grad_norm=0.882 samples/s=84.08
[step 18950/20000] loss=2.0950 lr=5.039e-06 grad_norm=0.824 samples/s=84.08
[step 18960/20000] loss=1.4472 lr=5.001e-06 grad_norm=0.831 samples/s=84.10
[step 18970/20000] loss=2.1413 lr=4.963e-06 grad_norm=0.846 samples/s=84.10
[step 18980/20000] loss=2.1223 lr=4.925e-06 grad_norm=0.704 samples/s=84.11
[step 18990/20000] loss=1.7112 lr=4.887e-06 grad_norm=1.123 samples/s=84.11
[step 19000/20000] loss=1.7786 lr=4.850e-06 grad_norm=0.815 samples/s=84.13
[val step 19000] loss=2.045449140548706 m01={'mean': 0.4093998113886619, 'median': 0.40835430767447695, 'p95': 0.6784585187959586, 'tail_frac_gt4px': 8.185985592665357e-05, 'n_matched': 12216} m02={'12-16': 0.9192618223760092, '16-32': 0.9546000480422772, '32-64': 0.9451172378253028, '64-128': 0.9418457648546145} m04={'accuracy': 0.6078912901113294, 'by_octave': {'12-16': 0.5941028858218319, '16-32': 0.6645697030699547, '32-64': 0.6324972737186477, '64-128': 0.5093959731543625}} diag={'gate3_alpha_mean': 0.28227534890174866, 'gate3_alpha_min': 0.01668548583984375, 'gate3_alpha_max': 0.98779296875, 'gate3_alpha_std': 0.1545737236738205, 'gate3_alpha_p10': 0.0999908447265625, 'gate3_alpha_p50': 0.2621116638183594, 'gate3_alpha_p90': 0.4891357421875, 'block0_attn_entropy': 7.1890082359313965, 'block1_attn_entropy': 7.4866156578063965}
[step 19010/20000] loss=1.9399 lr=4.814e-06 grad_norm=0.818 samples/s=84.16
[step 19020/20000] loss=1.7527 lr=4.777e-06 grad_norm=0.817 samples/s=84.19
[step 19030/20000] loss=1.9802 lr=4.741e-06 grad_norm=0.846 samples/s=84.20
[step 19040/20000] loss=1.6135 lr=4.706e-06 grad_norm=0.875 samples/s=84.21
[step 19050/20000] loss=1.9350 lr=4.670e-06 grad_norm=0.845 samples/s=84.21
[step 19060/20000] loss=1.3709 lr=4.636e-06 grad_norm=0.746 samples/s=84.23
[step 19070/20000] loss=1.4198 lr=4.601e-06 grad_norm=0.695 samples/s=84.23
[step 19080/20000] loss=1.8636 lr=4.567e-06 grad_norm=1.170 samples/s=84.24
[step 19090/20000] loss=2.1231 lr=4.533e-06 grad_norm=0.961 samples/s=84.24
[step 19100/20000] loss=2.7868 lr=4.500e-06 grad_norm=0.867 samples/s=84.26
[step 19110/20000] loss=1.5157 lr=4.467e-06 grad_norm=1.008 samples/s=84.26
[step 19120/20000] loss=2.2376 lr=4.434e-06 grad_norm=0.773 samples/s=84.27
[step 19130/20000] loss=1.5935 lr=4.402e-06 grad_norm=0.881 samples/s=84.27
[step 19140/20000] loss=1.8642 lr=4.370e-06 grad_norm=0.970 samples/s=84.28
[step 19150/20000] loss=1.7825 lr=4.338e-06 grad_norm=0.720 samples/s=84.29
[step 19160/20000] loss=1.8587 lr=4.307e-06 grad_norm=0.880 samples/s=84.30
[step 19170/20000] loss=1.6490 lr=4.276e-06 grad_norm=0.967 samples/s=84.30
[step 19180/20000] loss=1.7066 lr=4.246e-06 grad_norm=0.698 samples/s=84.32
[step 19190/20000] loss=2.3771 lr=4.215e-06 grad_norm=0.854 samples/s=84.32
[step 19200/20000] loss=1.9369 lr=4.186e-06 grad_norm=0.803 samples/s=84.34
[step 19210/20000] loss=1.7776 lr=4.156e-06 grad_norm=0.770 samples/s=84.34
[step 19220/20000] loss=2.7039 lr=4.127e-06 grad_norm=1.089 samples/s=84.36
[step 19230/20000] loss=1.4859 lr=4.099e-06 grad_norm=0.797 samples/s=84.36
[step 19240/20000] loss=1.9066 lr=4.070e-06 grad_norm=0.795 samples/s=84.38
[step 19250/20000] loss=2.0942 lr=4.042e-06 grad_norm=0.854 samples/s=84.37
[step 19260/20000] loss=1.4598 lr=4.015e-06 grad_norm=0.808 samples/s=84.39
[step 19270/20000] loss=2.1386 lr=3.988e-06 grad_norm=0.874 samples/s=84.39
[step 19280/20000] loss=1.8791 lr=3.961e-06 grad_norm=0.851 samples/s=84.40
[step 19290/20000] loss=2.1680 lr=3.934e-06 grad_norm=0.784 samples/s=84.41
[step 19300/20000] loss=1.5224 lr=3.908e-06 grad_norm=0.780 samples/s=84.43
[step 19310/20000] loss=1.9684 lr=3.883e-06 grad_norm=0.959 samples/s=84.43
[step 19320/20000] loss=1.7282 lr=3.857e-06 grad_norm=0.807 samples/s=84.44
[step 19330/20000] loss=1.7603 lr=3.832e-06 grad_norm=0.883 samples/s=84.45
[step 19340/20000] loss=1.4662 lr=3.808e-06 grad_norm=0.776 samples/s=84.46
[step 19350/20000] loss=2.8587 lr=3.784e-06 grad_norm=0.903 samples/s=84.46
[step 19360/20000] loss=1.6359 lr=3.760e-06 grad_norm=0.877 samples/s=84.47
[step 19370/20000] loss=2.0291 lr=3.736e-06 grad_norm=1.014 samples/s=84.48
[step 19380/20000] loss=2.0617 lr=3.713e-06 grad_norm=0.724 samples/s=84.48
[step 19390/20000] loss=1.7789 lr=3.690e-06 grad_norm=0.747 samples/s=84.50
[step 19400/20000] loss=1.5737 lr=3.668e-06 grad_norm=0.797 samples/s=84.50
[step 19410/20000] loss=2.2396 lr=3.646e-06 grad_norm=0.875 samples/s=84.51
[step 19420/20000] loss=1.8897 lr=3.624e-06 grad_norm=0.851 samples/s=84.52
[step 19430/20000] loss=2.7325 lr=3.603e-06 grad_norm=0.855 samples/s=84.53
[step 19440/20000] loss=2.3215 lr=3.582e-06 grad_norm=0.898 samples/s=84.54
[step 19450/20000] loss=1.6325 lr=3.561e-06 grad_norm=0.812 samples/s=84.54
[step 19460/20000] loss=2.4418 lr=3.541e-06 grad_norm=0.801 samples/s=84.55
[step 19470/20000] loss=2.3192 lr=3.521e-06 grad_norm=0.699 samples/s=84.56
[step 19480/20000] loss=2.1068 lr=3.502e-06 grad_norm=0.846 samples/s=84.57
[step 19490/20000] loss=1.4652 lr=3.483e-06 grad_norm=0.793 samples/s=84.57
[step 19500/20000] loss=2.0823 lr=3.464e-06 grad_norm=0.996 samples/s=84.58
[val step 19500] loss=2.0455095920562743 m01={'mean': 0.4093998113886619, 'median': 0.40835430767447695, 'p95': 0.6784585187959586, 'tail_frac_gt4px': 8.185985592665357e-05, 'n_matched': 12216} m02={'12-16': 0.9192618223760092, '16-32': 0.9546000480422772, '32-64': 0.9451172378253028, '64-128': 0.9418457648546145} m04={'accuracy': 0.6073182711198428, 'by_octave': {'12-16': 0.5922208281053952, '16-32': 0.6648213387015601, '32-64': 0.6322246455834242, '64-128': 0.5080536912751678}} diag={'gate3_alpha_mean': 0.28227534890174866, 'gate3_alpha_min': 0.01668548583984375, 'gate3_alpha_max': 0.98779296875, 'gate3_alpha_std': 0.1545737236738205, 'gate3_alpha_p10': 0.0999908447265625, 'gate3_alpha_p50': 0.2621116638183594, 'gate3_alpha_p90': 0.4891357421875, 'block0_attn_entropy': 7.1890082359313965, 'block1_attn_entropy': 7.4866156578063965}
[step 19510/20000] loss=1.5811 lr=3.446e-06 grad_norm=1.270 samples/s=84.62
[step 19520/20000] loss=1.7171 lr=3.428e-06 grad_norm=0.842 samples/s=84.65
[step 19530/20000] loss=1.1939 lr=3.410e-06 grad_norm=0.712 samples/s=84.65
[step 19540/20000] loss=1.9058 lr=3.393e-06 grad_norm=0.796 samples/s=84.66
[step 19550/20000] loss=2.2328 lr=3.376e-06 grad_norm=0.799 samples/s=84.67
[step 19560/20000] loss=2.3147 lr=3.360e-06 grad_norm=0.915 samples/s=84.68
[step 19570/20000] loss=1.7413 lr=3.344e-06 grad_norm=0.933 samples/s=84.68
[step 19580/20000] loss=1.6222 lr=3.328e-06 grad_norm=0.861 samples/s=84.69
[step 19590/20000] loss=2.1784 lr=3.312e-06 grad_norm=0.951 samples/s=84.70
[step 19600/20000] loss=1.6098 lr=3.297e-06 grad_norm=0.933 samples/s=84.71
[step 19610/20000] loss=1.9231 lr=3.283e-06 grad_norm=0.655 samples/s=84.72
[step 19620/20000] loss=2.0240 lr=3.269e-06 grad_norm=0.848 samples/s=84.72
[step 19630/20000] loss=2.5061 lr=3.255e-06 grad_norm=0.900 samples/s=84.74
[step 19640/20000] loss=1.7671 lr=3.241e-06 grad_norm=0.785 samples/s=84.74
[step 19650/20000] loss=2.1892 lr=3.228e-06 grad_norm=0.793 samples/s=84.75
[step 19660/20000] loss=1.9756 lr=3.215e-06 grad_norm=0.823 samples/s=84.76
[step 19670/20000] loss=2.5352 lr=3.203e-06 grad_norm=0.891 samples/s=84.76
[step 19680/20000] loss=1.6453 lr=3.191e-06 grad_norm=0.941 samples/s=84.78
[step 19690/20000] loss=1.7835 lr=3.179e-06 grad_norm=0.960 samples/s=84.78
[step 19700/20000] loss=2.1209 lr=3.168e-06 grad_norm=0.936 samples/s=84.79
[step 19710/20000] loss=1.7447 lr=3.157e-06 grad_norm=0.848 samples/s=84.79
[step 19720/20000] loss=1.7254 lr=3.146e-06 grad_norm=0.980 samples/s=84.80
[step 19730/20000] loss=1.9403 lr=3.136e-06 grad_norm=1.007 samples/s=84.81
[step 19740/20000] loss=1.7213 lr=3.126e-06 grad_norm=0.984 samples/s=84.81
[step 19750/20000] loss=1.6696 lr=3.117e-06 grad_norm=0.846 samples/s=84.82
[step 19760/20000] loss=2.4173 lr=3.107e-06 grad_norm=0.912 samples/s=84.83
[step 19770/20000] loss=1.7314 lr=3.099e-06 grad_norm=0.899 samples/s=84.84
[step 19780/20000] loss=2.5145 lr=3.090e-06 grad_norm=0.944 samples/s=84.85
[step 19790/20000] loss=1.7026 lr=3.082e-06 grad_norm=0.980 samples/s=84.85
[step 19800/20000] loss=1.8328 lr=3.075e-06 grad_norm=0.995 samples/s=84.87
[step 19810/20000] loss=1.8557 lr=3.068e-06 grad_norm=0.931 samples/s=84.87
[step 19820/20000] loss=2.1044 lr=3.061e-06 grad_norm=0.958 samples/s=84.88
[step 19830/20000] loss=2.0058 lr=3.054e-06 grad_norm=0.657 samples/s=84.88
[step 19840/20000] loss=1.5679 lr=3.048e-06 grad_norm=0.882 samples/s=84.89
[step 19850/20000] loss=2.1967 lr=3.042e-06 grad_norm=0.696 samples/s=84.89
[step 19860/20000] loss=1.4064 lr=3.037e-06 grad_norm=0.984 samples/s=84.91
[step 19870/20000] loss=2.7613 lr=3.032e-06 grad_norm=1.135 samples/s=84.91
[step 19880/20000] loss=1.4485 lr=3.027e-06 grad_norm=0.832 samples/s=84.93
[step 19890/20000] loss=2.8650 lr=3.023e-06 grad_norm=1.033 samples/s=84.93
[step 19900/20000] loss=2.8276 lr=3.019e-06 grad_norm=0.961 samples/s=84.94
[step 19910/20000] loss=2.6077 lr=3.015e-06 grad_norm=0.770 samples/s=84.94
[step 19920/20000] loss=2.1207 lr=3.012e-06 grad_norm=1.054 samples/s=84.95
[step 19930/20000] loss=2.1000 lr=3.009e-06 grad_norm=0.902 samples/s=84.95
[step 19940/20000] loss=1.5933 lr=3.007e-06 grad_norm=0.931 samples/s=84.97
[step 19950/20000] loss=1.7770 lr=3.005e-06 grad_norm=0.859 samples/s=84.97
[step 19960/20000] loss=2.8463 lr=3.003e-06 grad_norm=1.088 samples/s=84.98
[step 19970/20000] loss=2.4192 lr=3.002e-06 grad_norm=0.859 samples/s=84.98
[step 19980/20000] loss=1.5719 lr=3.001e-06 grad_norm=1.115 samples/s=85.00
[step 19990/20000] loss=1.9235 lr=3.000e-06 grad_norm=0.735 samples/s=85.00
[step 20000/20000] loss=1.7435 lr=3.000e-06 grad_norm=1.034 samples/s=85.01
[val step 20000] loss=2.045441381454468 m01={'mean': 0.4093998113886619, 'median': 0.40835430767447695, 'p95': 0.6784585187959586, 'tail_frac_gt4px': 8.185985592665357e-05, 'n_matched': 12216} m02={'12-16': 0.9192618223760092, '16-32': 0.9546000480422772, '32-64': 0.9451172378253028, '64-128': 0.9418457648546145} m04={'accuracy': 0.606827111984283, 'by_octave': {'12-16': 0.5941028858218319, '16-32': 0.6638147961751384, '32-64': 0.6319520174482006, '64-128': 0.5067114093959731}} diag={'gate3_alpha_mean': 0.28227534890174866, 'gate3_alpha_min': 0.01668548583984375, 'gate3_alpha_max': 0.98779296875, 'gate3_alpha_std': 0.1545737236738205, 'gate3_alpha_p10': 0.0999908447265625, 'gate3_alpha_p50': 0.2621116638183594, 'gate3_alpha_p90': 0.4891357421875, 'block0_attn_entropy': 7.1890082359313965, 'block1_attn_entropy': 7.4866156578063965}
[FULL val step 20000] loss=1.954273800086975 m01={'mean': 0.4067304056193377, 'median': 0.40631786279163173, 'p95': 0.6753019697599334, 'tail_frac_gt4px': 5.646755132497076e-05, 'n_matched': 123965} m02={'12-16': 0.919547348271591, '16-32': 0.9397995688123386, '32-64': 0.954648180594703, '64-128': 0.9569258885807915} m04={'accuracy': 0.6184487556971726, 'by_octave': {'12-16': 0.6378497520357558, '16-32': 0.6612634869416154, '32-64': 0.632796914483309, '64-128': 0.5343277684480885}}
[train_detector] wrote checkpoint runs/ft12_head_20k/ckpt_0020000.pt
[train_detector] done: step=20000 train_elapsed=7528.1s val_elapsed=657.8s samples/s=85.01
